stop_id,name,lat,lng,collected_at,ars_no,city_code,city_name,managing_city
BSB192080301,강서구청역,35.2113136,128.9796132,2025-10-31,12298,21,부산광역시,부산BIS
BSB192080302,강서구청역,35.2111847,128.980946,2025-10-31,92223,21,부산광역시,부산BIS
BSB192080701,강서구청역,35.21087515,128.9804228,2025-10-31,92390,21,부산광역시,부산BIS
BSB192090101,부산교도소,35.21595792,128.9515368,2025-10-31,92298,21,부산광역시,부산BIS
BSB192090102,중리1구꽃동네,35.21834594,128.9554389,2025-10-31,92299,21,부산광역시,부산BIS
BSB192090103,평강,35.2144553,128.9497594,2025-10-31,92297,21,부산광역시,부산BIS
BSB192090104,평강농협,35.21307399,128.94766,2025-10-31,92296,21,부산광역시,부산BIS
BSB192090201,평강역,35.21393008,128.9498619,2025-10-31,12015,21,부산광역시,부산BIS
BSB192090202,평강,35.21392461,128.9503265,2025-10-31,92001,21,부산광역시,부산BIS
BSB192100401,평강대리1구,35.2082728,128.9428356,2025-10-31,92336,21,부산광역시,부산BIS
BSB192100402,평강대리,35.20986201,128.9431782,2025-10-31,92335,21,부산광역시,부산BIS
BSB192110101,강서해수랜드,35.19785066,128.9259321,2025-10-31,,21,부산광역시,부산BIS
BSB192110301,덕계,35.19160005,128.9228558,2025-10-31,92186,21,부산광역시,부산BIS
BSB192110302,신덕신천마을,35.19551833,128.9246914,2025-10-31,,21,부산광역시,부산BIS
BSB192120101,공항상회,35.20220397,128.9410853,2025-10-31,92292,21,부산광역시,부산BIS
BSB192120102,칠점입구,35.19844752,128.9399654,2025-10-31,92291,21,부산광역시,부산BIS
BSB192120103,평강사리마을입구,35.20549785,128.9425617,2025-10-31,92293,21,부산광역시,부산BIS
BSB192120401,울만신평 하리,35.19691138,128.9320003,2025-10-31,,21,부산광역시,부산BIS
BSB192170201,시만,35.21474525,128.914087,2025-10-31,92394,21,부산광역시,부산BIS
BSB192170202,식만,35.21035284,128.9103662,2025-10-31,92395,21,부산광역시,부산BIS
BSB192170203,용등,35.20170739,128.9026178,2025-10-31,92396,21,부산광역시,부산BIS
BSB192170204,시만교,35.2167128,128.916253,2025-10-31,,21,부산광역시,부산BIS
BSB192170205,식만교,35.21278493,128.9116146,2025-10-31,,21,부산광역시,부산BIS
BSB192180202,금호오리마을,35.15619498,128.9554918,2025-10-31,92131,21,부산광역시,부산BIS
BSB192190101,신평마을,35.18484925,128.9251416,2025-10-31,92095,21,부산광역시,부산BIS
BSB192190102,성심정미소,35.17549447,128.9232401,2025-10-31,92093,21,부산광역시,부산BIS
BSB192190103,입소마을회관,35.17692259,128.9229809,2025-10-31,92094,21,부산광역시,부산BIS
BSB192190104,공항기숙사후문,35.17977005,128.9244811,2025-10-31,,21,부산광역시,부산BIS
BSB192190105,신평마을회관,35.18697995,128.926155,2025-10-31,,21,부산광역시,부산BIS
BSB192190201,설만마을회관,35.17471131,128.9277238,2025-10-31,92100,21,부산광역시,부산BIS
BSB192190202,동신에프에이,35.1750072,128.9242042,2025-10-31,,21,부산광역시,부산BIS
BSB192190203,신진화이너스,35.17472119,128.925756,2025-10-31,,21,부산광역시,부산BIS
BSB192200101,상곡정미소,35.17668377,128.9165683,2025-10-31,92172,21,부산광역시,부산BIS
BSB192200102,현대슈퍼,35.18150907,128.9188139,2025-10-31,92173,21,부산광역시,부산BIS
BSB192200103,득천사거리,35.18915788,128.9216121,2025-10-31,92174,21,부산광역시,부산BIS
BSB192200104,득천,35.18409801,128.9197293,2025-10-31,,21,부산광역시,부산BIS
BSB192200301,강동119안전센터,35.17508909,128.9158461,2025-10-31,,21,부산광역시,부산BIS
BSB192220101,용적사입구,35.13678458,128.8848009,2025-10-31,,21,부산광역시,부산BIS
BSB192220301,가달,35.13976964,128.877111,2025-10-31,12128,21,부산광역시,부산BIS
BSB192220302,생곡마을,35.13832985,128.8803575,2025-10-31,12175,21,부산광역시,부산BIS
BSB192220303,가달,35.13987627,128.8769203,2025-10-31,92365,21,부산광역시,부산BIS
BSB192220304,생곡입구,35.13838375,128.880214,2025-10-31,92116,21,부산광역시,부산BIS
BSB192230201,둔치도입구,35.16385663,128.8931568,2025-10-31,,21,부산광역시,부산BIS
BSB192260101,생곡삼거리,35.1366045,128.8853562,2025-10-31,,21,부산광역시,부산BIS
BSB192500101,사구,35.15862101,128.8860802,2025-10-31,92368,21,부산광역시,부산BIS
BSB192500102,조만포,35.16213665,128.8893289,2025-10-31,92375,21,부산광역시,부산BIS
BSB192500103,둔치도입구,35.16316005,128.8927484,2025-10-31,12451,21,부산광역시,부산BIS
BSB192500201,사구,35.15906545,128.8857404,2025-10-31,12156,21,부산광역시,부산BIS
BSB192500202,범방주유소,35.15632815,128.8846853,2025-10-31,92341,21,부산광역시,부산BIS
BSB192500203,사구,35.15880172,128.8856319,2025-10-31,92340,21,부산광역시,부산BIS
BSB192530201,세산초등학교,35.14292851,128.8733128,2025-10-31,,21,부산광역시,부산BIS
BSB192530301,세산초등학교,35.143536,128.872687,2025-10-31,92343,21,부산광역시,부산BIS
BSB192560101,가동마을,35.16695065,128.8819647,2025-10-31,12449,21,부산광역시,부산BIS
BSB192560102,가동마을입구,35.16525536,128.8848073,2025-10-31,12351,21,부산광역시,부산BIS
BSB192590101,중신입구,35.097725,128.911077,2025-10-31,92161,21,부산광역시,부산BIS
BSB192590102,포니상회,35.096025,128.908022,2025-10-31,92162,21,부산광역시,부산BIS
BSB192590103,중신뚝길,35.095307,128.904455,2025-10-31,92163,21,부산광역시,부산BIS
BSB192590401,중흥프라디움,35.09832145,128.9155364,2025-10-31,12506,21,부산광역시,부산BIS
BSB192590402,중흥S클래스프라디움,35.09832318,128.9154268,2025-10-31,,21,부산광역시,부산BIS
BSB192590701,한국토지주택공사,35.09919657,128.9106224,2025-10-31,,21,부산광역시,부산BIS
BSB192630201,지사산단입구,35.13603571,128.8585943,2025-10-31,12431,21,부산광역시,부산BIS
BSB192630301,명동,35.14403721,128.8455149,2025-10-31,92117,21,부산광역시,부산BIS
BSB192630302,명동,35.14411266,128.8454857,2025-10-31,12326,21,부산광역시,부산BIS
BSB192630401,동양메이져,35.13973996,128.8487274,2025-10-31,,21,부산광역시,부산BIS
BSB192640101,명동,35.14449243,128.8446949,2025-10-31,92371,21,부산광역시,부산BIS
BSB192640102,명동,35.14438069,128.8447512,2025-10-31,12327,21,부산광역시,부산BIS
BSB192660201,명동,35.145418,128.842607,2025-10-31,92370,21,부산광역시,부산BIS
BSB192660302,동화엔텍,35.14912728,128.8366291,2025-10-31,,21,부산광역시,부산BIS
BSB192670102,동화엔텍,35.14876541,128.8364235,2025-10-31,,21,부산광역시,부산BIS
BSB192670301,동화엔텍,35.14912407,128.8365413,2025-10-31,12328,21,부산광역시,부산BIS
BSB192670302,자동차부품단지,35.14910232,128.8335179,2025-10-31,,21,부산광역시,부산BIS
BSB192680101,금강.협성아파트,35.14978936,128.8362024,2025-10-31,12412,21,부산광역시,부산BIS
BSB192680102,협성DS엘리시안,35.14988625,128.8362018,2025-10-31,,21,부산광역시,부산BIS
BSB192690101,금강.협성아파트,35.15042858,128.8359479,2025-10-31,12413,21,부산광역시,부산BIS
BSB192690102,협성DS엘리시안,35.15036314,128.8359546,2025-10-31,,21,부산광역시,부산BIS
BSB192690201,지사휴먼시아아파트,35.15081784,128.8348348,2025-10-31,92407,21,부산광역시,부산BIS
BSB192690202,지사휴먼시아아파트,35.15081495,128.8349827,2025-10-31,12353,21,부산광역시,부산BIS
BSB192700101,지사휴먼시아아파트,35.15056373,128.8343133,2025-10-31,12354,21,부산광역시,부산BIS
BSB192710101,지사휴먼시아아파트,35.15056348,128.8341895,2025-10-31,92369,21,부산광역시,부산BIS
BSB192710201,지사문화회관,35.15078546,128.8312734,2025-10-31,12355,21,부산광역시,부산BIS
BSB192720101,지사문화회관,35.1506097,128.8312749,2025-10-31,12356,21,부산광역시,부산BIS
BSB192720301,에스피엘,35.15080597,128.8249893,2025-10-31,12490,21,부산광역시,부산BIS
BSB192750201,이원솔루텍,35.1485496,128.8305869,2025-10-31,12466,21,부산광역시,부산BIS
BSB192750401,이원솔루텍,35.14827747,128.8308496,2025-10-31,12465,21,부산광역시,부산BIS
BSB192750402,이원솔루텍,35.1487887,128.8310147,2025-10-31,,21,부산광역시,부산BIS
BSB192750501,이원솔루텍,35.14905192,128.8302909,2025-10-31,12332,21,부산광역시,부산BIS
BSB192750502,이원솔루텍,35.14906434,128.830368,2025-10-31,,21,부산광역시,부산BIS
BSB192760201,자동차부품복지관,35.14640344,128.8303742,2025-10-31,12464,21,부산광역시,부산BIS
BSB192770101,자동차부품복지관,35.14625607,128.8305848,2025-10-31,12463,21,부산광역시,부산BIS
BSB192770201,테크노파크입구,35.14453237,128.8285055,2025-10-31,12462,21,부산광역시,부산BIS
BSB192770202,자동차부품복지관,35.14588086,128.8299181,2025-10-31,,21,부산광역시,부산BIS
BSB192770203,테크노파크입구,35.14448365,128.8284495,2025-10-31,,21,부산광역시,부산BIS
BSB192780101,자동차부품복지관,35.14575675,128.8300799,2025-10-31,,21,부산광역시,부산BIS
BSB192790101,테크노파크입구,35.14435878,128.8286607,2025-10-31,12461,21,부산광역시,부산BIS
BSB192790102,테크노파크입구,35.14395969,128.8282348,2025-10-31,,21,부산광역시,부산BIS
BSB165850202,스파쇼핑,35.21826649,129.0835459,2025-10-31,,21,부산광역시,부산BIS
BSB165850401,온천장,35.21907751,129.0819488,2025-10-31,6010,21,부산광역시,부산BIS
BSB165850402,(구)온천극장,35.21902768,129.0820251,2025-10-31,,21,부산광역시,부산BIS
BSB165860101,금강원입구,35.22024676,129.0804751,2025-10-31,6005,21,부산광역시,부산BIS
BSB165860102,온천시장,35.22133276,129.0808718,2025-10-31,6004,21,부산광역시,부산BIS
BSB165860301,금강원입구,35.21797624,129.079031,2025-10-31,6008,21,부산광역시,부산BIS
BSB165860302,금강공원입구,35.21834467,129.0792577,2025-10-31,,21,부산광역시,부산BIS
BSB165870101,국제파크아파트,35.20515312,129.0999494,2025-10-31,,21,부산광역시,부산BIS
BSB165870102,조양아파트,35.20601982,129.1006544,2025-10-31,,21,부산광역시,부산BIS
BSB165870103,화목아파트,35.20366846,129.0987979,2025-10-31,,21,부산광역시,부산BIS
BSB165870301,화목아파트,35.20340187,129.0983576,2025-10-31,,21,부산광역시,부산BIS
BSB165880301,충렬사후문,35.20109091,129.0975142,2025-10-31,,21,부산광역시,부산BIS
BSB165900201,서원시장,35.20036771,129.1002812,2025-10-31,6193,21,부산광역시,부산BIS
BSB165900202,삼성아파트,35.19974339,129.1029464,2025-10-31,6191,21,부산광역시,부산BIS
BSB165900203,1080안경점,35.20023131,129.1008703,2025-10-31,,21,부산광역시,부산BIS
BSB165900204,삼성아파트,35.19976127,129.1028675,2025-10-31,,21,부산광역시,부산BIS
BSB165900401,서원시장,35.200891,129.0990222,2025-10-31,,21,부산광역시,부산BIS
BSB165920401,안락경동아파트,35.19232381,129.1053983,2025-10-31,6171,21,부산광역시,부산BIS
BSB165920402,동부산아이존빌아파트,35.19248234,129.1050616,2025-10-31,,21,부산광역시,부산BIS
BSB165920403,안락경동아파트,35.19189373,129.1061334,2025-10-31,,21,부산광역시,부산BIS
BSB165920501,안남초등학교,35.19198315,129.1076063,2025-10-31,6227,21,부산광역시,부산BIS
BSB165920502,안남초등학교,35.1918176,129.1075223,2025-10-31,,21,부산광역시,부산BIS
BSB165940101,우장춘기념관,35.21264379,129.0716091,2025-10-31,,21,부산광역시,부산BIS
BSB165940201,우장춘기념관,35.2124688,129.072522,2025-10-31,6053,21,부산광역시,부산BIS
BSB165940202,우장춘기념관,35.21231883,129.0719455,2025-10-31,,21,부산광역시,부산BIS
BSB165940301,온샘초등학교,35.20963817,129.0701688,2025-10-31,6060,21,부산광역시,부산BIS
BSB165940401,대동아파트,35.21148973,129.0666812,2025-10-31,,21,부산광역시,부산BIS
BSB165940402,래미안101동,35.21218214,129.0686859,2025-10-31,,21,부산광역시,부산BIS
BSB165940403,래미안104동,35.21213452,129.0702929,2025-10-31,,21,부산광역시,부산BIS
BSB165940404,래미안4단지,35.21199497,129.0676535,2025-10-31,,21,부산광역시,부산BIS
BSB165940502,동래래미안아이파크,35.21136042,129.0708286,2025-10-31,,21,부산광역시,부산BIS
BSB165950101,효자암,35.21589193,129.0666713,2025-10-31,6029,21,부산광역시,부산BIS
BSB165950102,만덕터널입구,35.21220346,129.0578182,2025-10-31,6056,21,부산광역시,부산BIS
BSB165950201,대동아파트,35.2113638,129.066704,2025-10-31,,21,부산광역시,부산BIS
BSB165950202,래미안209동,35.21209734,129.0693636,2025-10-31,,21,부산광역시,부산BIS
BSB165950204,래미안201동,35.21187669,129.0677218,2025-10-31,,21,부산광역시,부산BIS
BSB165950401,화신아파트,35.21064652,129.0652323,2025-10-31,6058,21,부산광역시,부산BIS
BSB165950402,삼협아파트,35.2100364,129.0645985,2025-10-31,,21,부산광역시,부산BIS
BSB165950403,화신아파트,35.21071025,129.065315,2025-10-31,,21,부산광역시,부산BIS
BSB165950501,화신아파트,35.21150611,129.0659496,2025-10-31,,21,부산광역시,부산BIS
BSB165960101,화신아파트,35.19821456,129.0750535,2025-10-31,13002,21,부산광역시,부산BIS
BSB165960201,대선주조,35.19661496,129.0720732,2025-10-31,6135,21,부산광역시,부산BIS
BSB165960202,부산교육대학교후문,35.19696221,129.0729708,2025-10-31,,21,부산광역시,부산BIS
BSB165960203,화신아파트,35.19848368,129.0750032,2025-10-31,,21,부산광역시,부산BIS
BSB165970301,경보아파트,35.20732296,129.0627453,2025-10-31,,21,부산광역시,부산BIS
BSB165970302,달북초등학교,35.20360755,129.0610472,2025-10-31,,21,부산광역시,부산BIS
BSB165970303,동서산장아파트,35.20864407,129.0636398,2025-10-31,,21,부산광역시,부산BIS
BSB165970304,삼정그린코아포레스트,35.20437504,129.0617899,2025-10-31,,21,부산광역시,부산BIS
BSB165980101,경보아파트,35.20740397,129.0630473,2025-10-31,,21,부산광역시,부산BIS
BSB165980102,달북초등학교,35.20351412,129.0612832,2025-10-31,,21,부산광역시,부산BIS
BSB165980103,미남교,35.20880727,129.0640245,2025-10-31,,21,부산광역시,부산BIS
BSB165980104,삼정그린코아포레스트,35.2043589,129.0620816,2025-10-31,,21,부산광역시,부산BIS
BSB165980201,달북초등학교,35.20260912,129.0601005,2025-10-31,,21,부산광역시,부산BIS
BSB165980202,사직초등학교앞교차로,35.20117052,129.0564198,2025-10-31,,21,부산광역시,부산BIS
BSB165980203,사직고등학교,35.2019109,129.0593894,2025-10-31,,21,부산광역시,부산BIS
BSB165980301,온천중학교,35.20340144,129.059273,2025-10-31,,21,부산광역시,부산BIS
BSB165990301,온천초등학교,35.21197426,129.0732821,2025-10-31,6052,21,부산광역시,부산BIS
BSB166000201,롯데백화점동래점,35.2101971,129.0778307,2025-10-31,6046,21,부산광역시,부산BIS
BSB166000202,롯데백화점동래점,35.21029309,129.077841,2025-10-31,,21,부산광역시,부산BIS
BSB166000301,롯데백화점동래점남문,35.21082939,129.0776538,2025-10-31,,21,부산광역시,부산BIS
BSB166010201,롯데백화점동래점,35.21363606,129.0770179,2025-10-31,6078,21,부산광역시,부산BIS
BSB166010301,원예고등학교,35.21375416,129.0754154,2025-10-31,6028,21,부산광역시,부산BIS
BSB166010302,우장춘기념관,35.21288534,129.0730984,2025-10-31,,21,부산광역시,부산BIS
BSB166010303,유락여자중학교,35.21411501,129.0763469,2025-10-31,,21,부산광역시,부산BIS
BSB166020101,유락여자중학교,35.21387362,129.0762788,2025-10-31,,21,부산광역시,부산BIS
BSB166020201,온천초등학교,35.2118109,129.0730189,2025-10-31,6051,21,부산광역시,부산BIS
BSB166020301,우장춘기념관,35.21247892,129.0719199,2025-10-31,6054,21,부산광역시,부산BIS
BSB166030101,동래래미안아이파크,35.21071874,129.0736002,2025-10-31,6049,21,부산광역시,부산BIS
BSB166030201,럭키아파트후문,35.20987713,129.0754593,2025-10-31,6048,21,부산광역시,부산BIS
BSB166030202,럭키동래아파트후문,35.2093999,129.076852,2025-10-31,,21,부산광역시,부산BIS
BSB166030203,사랑의집,35.21009032,129.07469,2025-10-31,,21,부산광역시,부산BIS
BSB166030301,동래래미안아이파크,35.2101696,129.0731147,2025-10-31,6050,21,부산광역시,부산BIS
BSB166030302,럭키아파트,35.20847837,129.0728207,2025-10-31,6064,21,부산광역시,부산BIS
BSB166030402,우리은행온천점,35.21009075,129.0730869,2025-10-31,,21,부산광역시,부산BIS
BSB166040101,럭키아파트,35.20838319,129.0731009,2025-10-31,6065,21,부산광역시,부산BIS
BSB166040201,동래럭키아파트,35.2060157,129.0738019,2025-10-31,6084,21,부산광역시,부산BIS
BSB166040202,광혜병원,35.20642477,129.0727933,2025-10-31,6086,21,부산광역시,부산BIS
BSB166060201,럭키주유소,35.2091947,129.077581,2025-10-31,6047,21,부산광역시,부산BIS
BSB166060301,동래럭키아파트후문,35.20943383,129.0775006,2025-10-31,,21,부산광역시,부산BIS
BSB166060302,사랑의집,35.21004899,129.0755234,2025-10-31,,21,부산광역시,부산BIS
BSB166070203,안락뜨란채삼거리,35.19505518,129.109835,2025-10-31,6703,21,부산광역시,부산BIS
BSB166070204,부산원동역,35.19455064,129.1126707,2025-10-31,6701,21,부산광역시,부산BIS
BSB166100101,세병교,35.19748078,129.0839482,2025-10-31,6245,21,부산광역시,부산BIS
BSB166110101,혜화여자중학교,35.20481028,129.1099991,2025-10-31,,21,부산광역시,부산BIS
BSB166110301,명장시장,35.20472168,129.1074635,2025-10-31,6213,21,부산광역시,부산BIS
BSB166120101,SK뷰아파트101동,35.20445948,129.1127286,2025-10-31,,21,부산광역시,부산BIS
BSB166120102,우방일동아파트,35.20425598,129.1158,2025-10-31,,21,부산광역시,부산BIS
BSB166130101,협진태양맨션,35.21001727,129.1047621,2025-10-31,6203,21,부산광역시,부산BIS
BSB166140201,식물원입구,35.22408048,129.0821554,2025-10-31,6002,21,부산광역시,부산BIS
BSB166140202,온천시장(목욕타운),35.22320573,129.083263,2025-10-31,,21,부산광역시,부산BIS
BSB166140203,경보아파트교차로,35.22403444,129.0822164,2025-10-31,,21,부산광역시,부산BIS
BSB166140301,식물원입구,35.22414572,129.0816595,2025-10-31,11097,21,부산광역시,부산BIS
BSB166140401,경보아파트교차로,35.22462983,129.0815138,2025-10-31,,21,부산광역시,부산BIS
BSB166150101,식물원입구,35.22367748,129.0817145,2025-10-31,6001,21,부산광역시,부산BIS
BSB166150301,온천시장,35.22207617,129.0809209,2025-10-31,6003,21,부산광역시,부산BIS
BSB174170201,태광산업(구서역),35.2480888,129.0920497,2025-10-31,11058,21,부산광역시,부산BIS
BSB174170401,태광산업.구서역,35.24911415,129.0921268,2025-10-31,11057,21,부산광역시,부산BIS
BSB174180201,태광산업.구서역,35.24917684,129.0916758,2025-10-31,11171,21,부산광역시,부산BIS
BSB174180301,행림병원,35.25378788,129.0915436,2025-10-31,11051,21,부산광역시,부산BIS
BSB174200201,구서역.금정경찰서,35.24552588,129.0923217,2025-10-31,11248,21,부산광역시,부산BIS
BSB174220201,금양초등학교,35.24091825,129.0925639,2025-10-31,,21,부산광역시,부산BIS
BSB174230301,금정구청.부산가톨릭대,35.2422374,129.0927706,2025-10-31,11068,21,부산광역시,부산BIS
BSB174230302,금정구청,35.24231835,129.0927838,2025-10-31,,21,부산광역시,부산BIS
BSB174240101,GS슈퍼(금정구청),35.24331092,129.0940824,2025-10-31,,21,부산광역시,부산BIS
BSB174250101,초원맨션,35.24144453,129.093761,2025-10-31,,21,부산광역시,부산BIS
BSB174250201,부곡3동주민센터,35.24080544,129.0938063,2025-10-31,,21,부산광역시,부산BIS
BSB174290201,구서역3번출구,35.24809364,129.0910703,2025-10-31,,21,부산광역시,부산BIS
BSB174290301,롯데캐슬1단지,35.24952167,129.08944,2025-10-31,11183,21,부산광역시,부산BIS
BSB174290302,이마트,35.24910319,129.0902723,2025-10-31,,21,부산광역시,부산BIS
BSB174300101,부산정보관광고,35.22368641,129.0912888,2025-10-31,11119,21,부산광역시,부산BIS
BSB174300201,부곡동,35.22311039,129.0912718,2025-10-31,,21,부산광역시,부산BIS
BSB174310301,부산정보관광고,35.22374908,129.0910186,2025-10-31,11108,21,부산광역시,부산BIS
BSB174320301,부산대역,35.23070226,129.0896166,2025-10-31,,21,부산광역시,부산BIS
BSB174330101,부곡대우아파트,35.23092878,129.0899821,2025-10-31,11112,21,부산광역시,부산BIS
BSB174330201,부산대역,35.23068056,129.0894151,2025-10-31,,21,부산광역시,부산BIS
BSB174330401,대우아파트후문,35.23244366,129.0895976,2025-10-31,,21,부산광역시,부산BIS
BSB174360201,부곡여자중학교,35.22248699,129.0938414,2025-10-31,,21,부산광역시,부산BIS
BSB174360401,부곡동,35.22326698,129.0913362,2025-10-31,,21,부산광역시,부산BIS
BSB174370201,동해중학교,35.21775558,129.0870099,2025-10-31,11104,21,부산광역시,부산BIS
BSB174370202,부곡4동주민센터.온천장역,35.22010009,129.0883148,2025-10-31,11105,21,부산광역시,부산BIS
BSB174370203,동해중학교,35.21763024,129.0868535,2025-10-31,6017,21,부산광역시,부산BIS
BSB174380101,동신교회,35.21811921,129.0962027,2025-10-31,,21,부산광역시,부산BIS
BSB174380102,서동초등학교,35.21880105,129.0984741,2025-10-31,,21,부산광역시,부산BIS
BSB174390201,서1동새마을금고,35.21657822,129.0978242,2025-10-31,11130,21,부산광역시,부산BIS
BSB174390202,책마을보드랑 작은도서관,35.21577885,129.1004005,2025-10-31,11187,21,부산광역시,부산BIS
BSB174390203,서동미로시장,35.2152984,129.1015587,2025-10-31,11131,21,부산광역시,부산BIS
BSB174390204,서동고개,35.21704524,129.0959955,2025-10-31,11123,21,부산광역시,부산BIS
BSB174390301,서동고개,35.21788762,129.0949092,2025-10-31,11124,21,부산광역시,부산BIS
BSB174390302,내성고등학교,35.21953285,129.0927291,2025-10-31,11121,21,부산광역시,부산BIS
BSB174390303,동현초등학교,35.22180315,129.0911899,2025-10-31,11120,21,부산광역시,부산BIS
BSB174400101,금정여자고등학교,35.21915148,129.099451,2025-10-31,,21,부산광역시,부산BIS
BSB174400102,서동시장입구,35.21723243,129.1018224,2025-10-31,,21,부산광역시,부산BIS
BSB174400103,금정여자고등학교,35.21862934,129.0999655,2025-10-31,,21,부산광역시,부산BIS
BSB174400104,서동시장,35.21704708,129.1019675,2025-10-31,,21,부산광역시,부산BIS
BSB174400201,서동초등학교,35.218855,129.098435,2025-10-31,11126,21,부산광역시,부산BIS
BSB174400202,동신교회,35.21823,129.09621,2025-10-31,11125,21,부산광역시,부산BIS
BSB174400203,서동,35.21830591,129.0961773,2025-10-31,,21,부산광역시,부산BIS
BSB174420201,한신아파트,35.2356351,129.0892566,2025-10-31,,21,부산광역시,부산BIS
BSB174420401,장전역2번출구,35.23789014,129.0886087,2025-10-31,,21,부산광역시,부산BIS
BSB174430501,장전역4번출구,35.23885045,129.0884166,2025-10-31,,21,부산광역시,부산BIS
BSB174440201,서동역,35.21319404,129.1073248,2025-10-31,11137,21,부산광역시,부산BIS
BSB174450101,금사입구,35.21495395,129.1089006,2025-10-31,11141,21,부산광역시,부산BIS
BSB174450201,금사입구,35.21411806,129.1091988,2025-10-31,11142,21,부산광역시,부산BIS
BSB174460201,서2동새마을금고,35.21447208,129.1028808,2025-10-31,,21,부산광역시,부산BIS
BSB174470201,세웅병원후문,35.21426227,129.1030093,2025-10-31,11134,21,부산광역시,부산BIS
BSB174470202,세웅병원후문,35.21350042,129.1039798,2025-10-31,,21,부산광역시,부산BIS
BSB174490101,서3동주민센터,35.21565595,129.1069508,2025-10-31,,21,부산광역시,부산BIS
BSB174490102,농협,35.21778604,129.1094185,2025-10-31,,21,부산광역시,부산BIS
BSB174490401,중앙교회,35.21642518,129.1056985,2025-10-31,,21,부산광역시,부산BIS
BSB174490402,서4동주민센터,35.21788333,129.1037917,2025-10-31,11128,21,부산광역시,부산BIS
BSB174540101,두실역,35.25834023,129.0915421,2025-10-31,11044,21,부산광역시,부산BIS
BSB174540201,행림병원,35.2542919,129.0912034,2025-10-31,11050,21,부산광역시,부산BIS
BSB174540202,금정이마트,35.25071731,129.0912784,2025-10-31,11117,21,부산광역시,부산BIS
BSB174550201,영락공원,35.27387775,129.1033624,2025-10-31,,21,부산광역시,부산BIS
BSB174550202,금정도서관,35.27241191,129.0972609,2025-10-31,,21,부산광역시,부산BIS
BSB174550203,영락원,35.27257407,129.1019352,2025-10-31,,21,부산광역시,부산BIS
BSB174550301,팔송,35.27176571,129.0925125,2025-10-31,11022,21,부산광역시,부산BIS
BSB174550302,범어사역,35.27230426,129.0924699,2025-10-31,,21,부산광역시,부산BIS
BSB174570101,노포삼거리,35.28018514,129.0935713,2025-10-31,11008,21,부산광역시,부산BIS
BSB174570201,노포삼거리,35.27863929,129.0929752,2025-10-31,,21,부산광역시,부산BIS
BSB174580101,서금지구대.금사역,35.21607494,129.1163347,2025-10-31,11145,21,부산광역시,부산BIS
BSB174580201,대우아파트,35.21452039,129.1169774,2025-10-31,,21,부산광역시,부산BIS
BSB174580202,우신아파트,35.21302884,129.1186105,2025-10-31,9288,21,부산광역시,부산BIS
BSB174580203,센텀SD아파트후문,35.21148543,129.1195701,2025-10-31,,21,부산광역시,부산BIS
BSB174580204,센텀SD아파트정문,35.20986393,129.1198601,2025-10-31,9309,21,부산광역시,부산BIS
BSB174580205,센텀강변현대아파트,35.20838075,129.1196562,2025-10-31,9289,21,부산광역시,부산BIS
BSB174580206,벽산한솔타운,35.20635148,129.1190621,2025-10-31,9269,21,부산광역시,부산BIS
BSB174580401,대우자동차,35.21709697,129.1153702,2025-10-31,,21,부산광역시,부산BIS
BSB174580501,금사역,35.21579945,129.1157326,2025-10-31,,21,부산광역시,부산BIS
BSB174590101,금사전화국,35.21518612,129.1136667,2025-10-31,11144,21,부산광역시,부산BIS
BSB174590201,금사전화국,35.21516016,129.1127847,2025-10-31,11143,21,부산광역시,부산BIS
BSB174600101,부곡늘푸른아파트117동,35.22314546,129.0967365,2025-10-31,,21,부산광역시,부산BIS
BSB174600301,부곡여자중학교,35.22267169,129.0938657,2025-10-31,,21,부산광역시,부산BIS
BSB174610101,BMC아파트121동,35.22162091,129.096162,2025-10-31,,21,부산광역시,부산BIS
BSB174610102,BMC아파트120동,35.22350217,129.0977905,2025-10-31,,21,부산광역시,부산BIS
BSB174610201,부곡늘푸른아파트117동,35.22329073,129.0967074,2025-10-31,,21,부산광역시,부산BIS
BSB174620101,BMC아파트121동,35.22150048,129.0962791,2025-10-31,,21,부산광역시,부산BIS
BSB174620102,BMC아파트120동,35.22358372,129.0979581,2025-10-31,,21,부산광역시,부산BIS
BSB174620201,뉴그린108동,35.22053522,129.0945438,2025-10-31,,21,부산광역시,부산BIS
BSB174630101,금정산SK뷰,35.22571944,129.0793627,2025-10-31,,21,부산광역시,부산BIS
BSB174630201,119안전체험관,35.21765238,129.0745165,2025-10-31,,21,부산광역시,부산BIS
BSB174630202,금강공원,35.21996823,129.0763929,2025-10-31,,21,부산광역시,부산BIS
BSB174630203,금강식물원,35.22597287,129.0779696,2025-10-31,,21,부산광역시,부산BIS
BSB174630204,온천119안전센터,35.2233783,129.0773056,2025-10-31,,21,부산광역시,부산BIS
BSB174630205,해양자연사박물관,35.22113573,129.0764649,2025-10-31,,21,부산광역시,부산BIS
BSB174630301,식물원,35.2272027,129.0780003,2025-10-31,,21,부산광역시,부산BIS
BSB174630302,금강식물원,35.2264391,129.0781005,2025-10-31,,21,부산광역시,부산BIS
BSB174660201,경남한신아파트,35.23580295,129.0917192,2025-10-31,11077,21,부산광역시,부산BIS
BSB174660301,부곡한신아파트,35.23790388,129.0911582,2025-10-31,,21,부산광역시,부산BIS
BSB174670101,경남한신아파트,35.23650997,129.0922598,2025-10-31,11078,21,부산광역시,부산BIS
BSB174680101,회동동,35.23020317,129.124222,2025-10-31,11259,21,부산광역시,부산BIS
BSB174680301,회동본동,35.22863978,129.1199563,2025-10-31,11160,21,부산광역시,부산BIS
BSB174690201,대우자동차,35.21704094,129.1152047,2025-10-31,,21,부산광역시,부산BIS
BSB182350601,협성대진아파트,35.21376923,129.0279592,2025-10-31,,21,부산광역시,부산BIS
BSB182360301,낙동고등학교,35.21638853,129.0091685,2025-10-31,8199,21,부산광역시,부산BIS
BSB182380101,구포시장동문,35.20640965,129.0048404,2025-10-31,8116,21,부산광역시,부산BIS
BSB182380102,구포시장입구,35.20649424,129.0048624,2025-10-31,,21,부산광역시,부산BIS
BSB182390301,(구)고려당제과점,35.20414422,129.0040424,2025-10-31,8100,21,부산광역시,부산BIS
BSB182390302,고려당제과점,35.20405282,129.004029,2025-10-31,,21,부산광역시,부산BIS
BSB182400101,금수선사,35.19562174,129.01434,2025-10-31,8084,21,부산광역시,부산BIS
BSB182410201,태평양아파트,35.19615131,129.0125902,2025-10-31,8107,21,부산광역시,부산BIS
BSB182410202,포천초교.태경해피타운,35.19545038,129.0103977,2025-10-31,8108,21,부산광역시,부산BIS
BSB182410301,백조탕,35.19634379,129.0130601,2025-10-31,,21,부산광역시,부산BIS
BSB182420101,백산초등학교,35.21058941,129.0327711,2025-10-31,,21,부산광역시,부산BIS
BSB182420301,만덕그린코아,35.21076308,129.0305016,2025-10-31,8164,21,부산광역시,부산BIS
BSB182430101,만덕그린코아,35.21055541,129.0306471,2025-10-31,8163,21,부산광역시,부산BIS
BSB182430102,그린코아사거리,35.21054942,129.030594,2025-10-31,,21,부산광역시,부산BIS
BSB182430201,동원아파트,35.21025604,129.0294705,2025-10-31,,21,부산광역시,부산BIS
BSB182430301,백산공영주차장,35.21095795,129.0268056,2025-10-31,8166,21,부산광역시,부산BIS
BSB182430302,벽산아파트,35.21130473,129.0245454,2025-10-31,8181,21,부산광역시,부산BIS
BSB182430401,이노비즈센터,35.21229088,129.0260982,2025-10-31,8134,21,부산광역시,부산BIS
BSB182430402,만덕현대아파트,35.2118233,129.028896,2025-10-31,,21,부산광역시,부산BIS
BSB182430403,이노비즈센터,35.21216488,129.0263082,2025-10-31,,21,부산광역시,부산BIS
BSB182440201,만덕3주공아파트,35.20429386,129.0329754,2025-10-31,,21,부산광역시,부산BIS
BSB182440301,그린코아아파트후문,35.20537134,129.0325516,2025-10-31,,21,부산광역시,부산BIS
BSB182440302,롯데아파트,35.20993524,129.023037,2025-10-31,,21,부산광역시,부산BIS
BSB182440303,만덕럭키아파트후문,35.20804397,129.0265237,2025-10-31,,21,부산광역시,부산BIS
BSB182440304,부산노인전문병원,35.20642789,129.0286843,2025-10-31,,21,부산광역시,부산BIS
BSB182440305,성원사입구,35.21031214,129.0205682,2025-10-31,,21,부산광역시,부산BIS
BSB182450101,한성아파트,35.21108843,129.0217087,2025-10-31,8168,21,부산광역시,부산BIS
BSB182450102,벽산아파트,35.21114598,129.0239821,2025-10-31,8182,21,부산광역시,부산BIS
BSB182450201,롯데아파트,35.20981172,129.0228378,2025-10-31,,21,부산광역시,부산BIS
BSB182450202,럭키아파트후문,35.20788361,129.0263971,2025-10-31,,21,부산광역시,부산BIS
BSB182450203,부산노인전문병원,35.20632352,129.028436,2025-10-31,,21,부산광역시,부산BIS
BSB182450204,그린코아아파트후문,35.2051899,129.0323549,2025-10-31,,21,부산광역시,부산BIS
BSB182450205,성원사입구,35.2103611,129.0199844,2025-10-31,,21,부산광역시,부산BIS
BSB182450301,청우파크,35.20989831,129.0160167,2025-10-31,8171,21,부산광역시,부산BIS
BSB182450302,양천초등학교,35.21073013,129.0193995,2025-10-31,8170,21,부산광역시,부산BIS
BSB182450303,덕천주공아파트,35.20922221,129.0133457,2025-10-31,8174,21,부산광역시,부산BIS
BSB182450304,덕천3동주민센터,35.21034003,129.0178138,2025-10-31,,21,부산광역시,부산BIS
BSB182450305,덕천주공아파트,35.20919531,129.0132287,2025-10-31,,21,부산광역시,부산BIS
BSB182450306,양천초등학교,35.21070544,129.0192716,2025-10-31,,21,부산광역시,부산BIS
BSB182450307,청우파크맨션,35.20987547,129.0159217,2025-10-31,,21,부산광역시,부산BIS
BSB182460101,구남역.구남중학교,35.19692252,128.9952171,2025-10-31,8087,21,부산광역시,부산BIS
BSB182460102,백양고입구,35.19875092,128.9965812,2025-10-31,8090,21,부산광역시,부산BIS
BSB182460103,구남역,35.19686888,128.9951751,2025-10-31,88008,21,부산광역시,부산BIS
BSB182460104,백양고입구,35.19866688,128.996531,2025-10-31,88009,21,부산광역시,부산BIS
BSB182460301,구포현대아파트,35.19458414,128.9934413,2025-10-31,8082,21,부산광역시,부산BIS
BSB182460302,구포현대아파트,35.19453265,128.9933944,2025-10-31,95001,21,부산광역시,부산BIS
BSB182490101,화명유림아파트,35.23467002,129.019348,2025-10-31,,21,부산광역시,부산BIS
BSB182490301,화명정수장입구,35.23461902,129.0155374,2025-10-31,,21,부산광역시,부산BIS
BSB182490302,화명현대아파트,35.23457157,129.0180422,2025-10-31,,21,부산광역시,부산BIS
BSB182500101,화인유통,35.21598766,129.0211942,2025-10-31,,21,부산광역시,부산BIS
BSB182500301,폴리텍대학부산캠퍼스,35.2157379,129.0201624,2025-10-31,,21,부산광역시,부산BIS
BSB182520101,옥천사입구,35.21513155,129.0257947,2025-10-31,,21,부산광역시,부산BIS
BSB182520201,만덕동일아파트입구,35.21429786,129.0252033,2025-10-31,,21,부산광역시,부산BIS
BSB182520301,가비골아파트104동,35.21578683,129.0238674,2025-10-31,,21,부산광역시,부산BIS
BSB182520302,기비골아파트101동입구,35.21471568,129.0250422,2025-10-31,,21,부산광역시,부산BIS
BSB182520303,화인유통,35.21610422,129.0220579,2025-10-31,,21,부산광역시,부산BIS
BSB182530101,기비골아파트104동,35.21564275,129.0232548,2025-10-31,,21,부산광역시,부산BIS
BSB182530102,기비골아파트101동입구,35.21467536,129.0247841,2025-10-31,,21,부산광역시,부산BIS
BSB182530103,기비골아파트101동후문,35.21522071,129.0249161,2025-10-31,,21,부산광역시,부산BIS
BSB182530301,도개공아파트110동,35.21671441,129.0206671,2025-10-31,,21,부산광역시,부산BIS
BSB182530302,도개공아파트115동,35.21862178,129.0206765,2025-10-31,,21,부산광역시,부산BIS
BSB182530303,도개공아파트116동,35.21791754,129.0206384,2025-10-31,,21,부산광역시,부산BIS
BSB182570101,흥아농장입구,35.24240485,129.0257997,2025-10-31,,21,부산광역시,부산BIS
BSB182570201,장원아파트,35.24178308,129.0202413,2025-10-31,8043,21,부산광역시,부산BIS
BSB182570202,대천리중학교,35.24164692,129.0221338,2025-10-31,8041,21,부산광역시,부산BIS
BSB182570203,푸르지오헤리센트아파트,35.24004544,129.0168882,2025-10-31,8183,21,부산광역시,부산BIS
BSB182570204,북구보건소,35.23917487,129.0150732,2025-10-31,8185,21,부산광역시,부산BIS
BSB182570205,그린숲속아파트,35.24166855,129.0222383,2025-10-31,,21,부산광역시,부산BIS
BSB182570206,장원아파트,35.24176595,129.0205006,2025-10-31,,21,부산광역시,부산BIS
BSB182570207,금화횟집,35.24101439,129.0185499,2025-10-31,,21,부산광역시,부산BIS
BSB182570208,푸르지오헤리센트,35.23998571,129.0167764,2025-10-31,,21,부산광역시,부산BIS
BSB182570209,북구보건소,35.23914467,129.0149755,2025-10-31,,21,부산광역시,부산BIS
BSB182570301,코오롱아파트,35.24436677,129.0216952,2025-10-31,8039,21,부산광역시,부산BIS
BSB182570302,정화양로원,35.24374565,129.0194008,2025-10-31,8037,21,부산광역시,부산BIS
BSB182570303,경남아파트,35.24194194,129.0154372,2025-10-31,8035,21,부산광역시,부산BIS
BSB182570304,경남아파트,35.24201593,129.01577,2025-10-31,,21,부산광역시,부산BIS
BSB182570305,정화양로원,35.24384457,129.019663,2025-10-31,,21,부산광역시,부산BIS
BSB182570306,코오롱아파트,35.24433426,129.0214222,2025-10-31,,21,부산광역시,부산BIS
BSB182580101,애기소,35.24393316,129.0292924,2025-10-31,,21,부산광역시,부산BIS
BSB182590101,한중병원,35.19880954,128.9900981,2025-10-31,,21,부산광역시,부산BIS
BSB182590102,북구청,35.19653584,128.9876824,2025-10-31,95017,21,부산광역시,부산BIS
BSB182590103,한중병원,35.19859032,128.9898652,2025-10-31,,21,부산광역시,부산BIS
BSB182590401,북구청,35.19682263,128.9873987,2025-10-31,15278,21,부산광역시,부산BIS
BSB182600301,구포축산물도매시장,35.19711367,128.9883772,2025-10-31,,21,부산광역시,부산BIS
BSB182610101,북구청,35.19717513,128.9909533,2025-10-31,8080,21,부산광역시,부산BIS
BSB182610201,북부자동차학원,35.19476745,128.9902603,2025-10-31,15003,21,부산광역시,부산BIS
BSB182610301,북구청,35.19688067,128.989947,2025-10-31,,21,부산광역시,부산BIS
BSB182620101,구명역,35.20314676,129.0000497,2025-10-31,8094,21,부산광역시,부산BIS
BSB182620102,구포초등학교,35.20406576,129.0008286,2025-10-31,8095,21,부산광역시,부산BIS
BSB182620201,구포교회,35.20030236,128.9995436,2025-10-31,,21,부산광역시,부산BIS
BSB182620202,새생명교회,35.19943895,129.000258,2025-10-31,,21,부산광역시,부산BIS
BSB182620301,구남시장,35.20050199,128.9974433,2025-10-31,8092,21,부산광역시,부산BIS
BSB182620302,구남시장,35.20060166,128.9975171,2025-10-31,88005,21,부산광역시,부산BIS
BSB182630101,구포삼거리,35.20108828,128.9922813,2025-10-31,8075,21,부산광역시,부산BIS
BSB182630102,구포삼거리,35.20164361,128.9927613,2025-10-31,8073,21,부산광역시,부산BIS
BSB192800201,강서구생활문화센터,35.10754447,128.9264231,2025-10-31,92151,21,부산광역시,부산BIS
BSB192810101,명치초교후문,35.10709,128.92667,2025-10-31,92153,21,부산광역시,부산BIS
BSB192820201,명지초교후문,35.10709598,128.9266943,2025-10-31,92150,21,부산광역시,부산BIS
BSB192830201,학생안전체험관,35.10624934,128.925866,2025-10-31,92154,21,부산광역시,부산BIS
BSB192830202,군보입구,35.10305246,128.9225503,2025-10-31,92155,21,부산광역시,부산BIS
BSB192830203,만송유치원,35.1019255,128.9193076,2025-10-31,92156,21,부산광역시,부산BIS
BSB192840101,평성회관,35.100552,128.912913,2025-10-31,92143,21,부산광역시,부산BIS
BSB192840102,상신입구,35.100651,128.913862,2025-10-31,92144,21,부산광역시,부산BIS
BSB192850101,평성입구,35.100905,128.9150583,2025-10-31,92145,21,부산광역시,부산BIS
BSB192850102,조동입구,35.10115833,128.9165717,2025-10-31,92146,21,부산광역시,부산BIS
BSB192850201,상신입구,35.10069427,128.9138636,2025-10-31,92159,21,부산광역시,부산BIS
BSB192850202,평성회관,35.10056886,128.9128565,2025-10-31,92160,21,부산광역시,부산BIS
BSB192860101,만송유치원,35.10176874,128.9191558,2025-10-31,92147,21,부산광역시,부산BIS
BSB192860102,군보입구,35.10294856,128.9226285,2025-10-31,92148,21,부산광역시,부산BIS
BSB192860103,학생안전체험관,35.10599823,128.925974,2025-10-31,92149,21,부산광역시,부산BIS
BSB192860201,조동입구,35.10128584,128.916773,2025-10-31,92157,21,부산광역시,부산BIS
BSB192860202,평성입구,35.10091367,128.9149663,2025-10-31,92158,21,부산광역시,부산BIS
BSB192870201,덕포마을,35.19204831,128.9095049,2025-10-31,92235,21,부산광역시,부산BIS
BSB192870301,강동교회,35.19276103,128.914156,2025-10-31,,21,부산광역시,부산BIS
BSB192870302,상덕마을,35.19544264,128.9132638,2025-10-31,,21,부산광역시,부산BIS
BSB192880101,덕도초등학교,35.19257658,128.9164159,2025-10-31,,21,부산광역시,부산BIS
BSB192880201,덕계마을,35.19416924,128.9172922,2025-10-31,92211,21,부산광역시,부산BIS
BSB192890201,덕계마을,35.19415562,128.9170935,2025-10-31,92234,21,부산광역시,부산BIS
BSB192900101,북정마을,35.19925101,128.9159232,2025-10-31,92233,21,부산광역시,부산BIS
BSB192900201,북정마을,35.19952707,128.9159236,2025-10-31,92212,21,부산광역시,부산BIS
BSB192930101,중덕마을,35.21043573,128.9218719,2025-10-31,92213,21,부산광역시,부산BIS
BSB192940102,강동교회,35.19276311,128.9140243,2025-10-31,,21,부산광역시,부산BIS
BSB192940103,상덕마을,35.19541315,128.913165,2025-10-31,,21,부산광역시,부산BIS
BSB192960201,덕포마을,35.19225172,128.9087737,2025-10-31,,21,부산광역시,부산BIS
BSB192990101,신노전,35.13579833,128.921235,2025-10-31,92490,21,부산광역시,부산BIS
BSB193000301,신노전,35.13579833,128.921235,2025-10-31,92274,21,부산광역시,부산BIS
BSB193020401,강서예술촌 황라도,35.13649895,128.9247352,2025-10-31,,21,부산광역시,부산BIS
BSB193040201,군라,35.14531586,128.9282124,2025-10-31,,21,부산광역시,부산BIS
BSB193040202,상납청,35.1485838,128.9281414,2025-10-31,,21,부산광역시,부산BIS
BSB193040301,대저초등학교,35.15697333,128.9272183,2025-10-31,92287,21,부산광역시,부산BIS
BSB193050201,대저초등학교,35.15716471,128.927373,2025-10-31,92272,21,부산광역시,부산BIS
BSB193070201,월포,35.15701199,128.9383346,2025-10-31,92288,21,부산광역시,부산BIS
BSB193090201,금호마을,35.16173918,128.9538693,2025-10-31,92270,21,부산광역시,부산BIS
BSB193100201,금호마을,35.16322758,128.9579413,2025-10-31,,21,부산광역시,부산BIS
BSB193110201,신평마을,35.18492215,128.92497,2025-10-31,92097,21,부산광역시,부산BIS
BSB193110202,성심정미소,35.1753172,128.9232916,2025-10-31,92099,21,부산광역시,부산BIS
BSB193110203,신평종점,35.18875571,128.9270551,2025-10-31,92096,21,부산광역시,부산BIS
BSB193110204,입소마을회관,35.17732267,128.9229989,2025-10-31,92098,21,부산광역시,부산BIS
BSB193110205,공항기숙사후문,35.17978239,128.9242728,2025-10-31,,21,부산광역시,부산BIS
BSB193110206,신평마을회관,35.18702849,128.9259366,2025-10-31,,21,부산광역시,부산BIS
BSB193130201,변덕마을,35.21484398,128.9877814,2025-10-31,92320,21,부산광역시,부산BIS
BSB193130301,변덕초소,35.21547805,128.9862236,2025-10-31,92311,21,부산광역시,부산BIS
BSB193150101,변덕초소,35.21550166,128.9857903,2025-10-31,92319,21,부산광역시,부산BIS
BSB193150201,강서고교,35.21544039,128.9832028,2025-10-31,92312,21,부산광역시,부산BIS
BSB193160101,강서고교,35.21537537,128.9833674,2025-10-31,92318,21,부산광역시,부산BIS
BSB193160301,대저1동사무소,35.21531191,128.9805529,2025-10-31,92313,21,부산광역시,부산BIS
BSB193170101,세산초등학교,35.143516,128.872664,2025-10-31,92344,21,부산광역시,부산BIS
BSB193180301,우성전기,35.14618351,128.8616585,2025-10-31,12440,21,부산광역시,부산BIS
BSB193260201,(주)태광본사,35.09113223,128.8302475,2025-10-31,12095,21,부산광역시,부산BIS
BSB193270301,명지신도시,35.08885599,128.9024312,2025-10-31,12060,21,부산광역시,부산BIS
BSB193270302,신호대교,35.08886737,128.900871,2025-10-31,,21,부산광역시,부산BIS
BSB193300201,신호대교,35.08864551,128.8967259,2025-10-31,12390,21,부산광역시,부산BIS
BSB193300202,명지오션시티,35.08871724,128.8967495,2025-10-31,,21,부산광역시,부산BIS
BSB193310101,경찰전직지원센터,35.19134276,129.0886472,2025-10-31,13060,21,부산광역시,부산BIS
BSB193310301,웰니스병원.연산농협,35.18883352,129.0849416,2025-10-31,13058,21,부산광역시,부산BIS
BSB193320101,연안교,35.19277356,129.090482,2025-10-31,13061,21,부산광역시,부산BIS
BSB193320301,경찰전직지원센터,35.19129794,129.0881539,2025-10-31,13059,21,부산광역시,부산BIS
BSB193330101,부산은행 연서지점,35.19171636,129.0814815,2025-10-31,13167,21,부산광역시,부산BIS
BSB193330301,연제자동차매매단지,35.18887402,129.0779096,2025-10-31,13166,21,부산광역시,부산BIS
BSB193340101,동래세무서,35.19171282,129.0869208,2025-10-31,13168,21,부산광역시,부산BIS
BSB193350302,교대역,35.19688998,129.0798275,2025-10-31,,21,부산광역시,부산BIS
BSB193350401,교대역,35.19671176,129.0799357,2025-10-31,13003,21,부산광역시,부산BIS
BSB193360101,연산교차로,35.18689781,129.0829314,2025-10-31,13056,21,부산광역시,부산BIS
BSB193360201,연산교차로,35.18571824,129.0832031,2025-10-31,13118,21,부산광역시,부산BIS
BSB193360202,연산역,35.18569647,129.0833257,2025-10-31,,21,부산광역시,부산BIS
BSB193360301,반도보라아파트,35.18373448,129.0826323,2025-10-31,13117,21,부산광역시,부산BIS
BSB193360302,반도보라아파트,35.18396183,129.082535,2025-10-31,,21,부산광역시,부산BIS
BSB193360303,연산역4번출구,35.18530036,129.0819929,2025-10-31,,21,부산광역시,부산BIS
BSB193360501,연산역,35.18654069,129.0805711,2025-10-31,13151,21,부산광역시,부산BIS
BSB193370201,아람빌딩,35.18145719,129.0787145,2025-10-31,,21,부산광역시,부산BIS
BSB193380101,신리삼거리,35.17445708,129.0872233,2025-10-31,13104,21,부산광역시,부산BIS
BSB193380102,신리삼거리,35.17448779,129.0868833,2025-10-31,,21,부산광역시,부산BIS
BSB193380201,여동승내과,35.17485172,129.0859052,2025-10-31,,21,부산광역시,부산BIS
BSB193380301,신리삼거리,35.17507945,129.0866305,2025-10-31,13102,21,부산광역시,부산BIS
BSB193380302,연산시장.물만골역,35.17598828,129.0862482,2025-10-31,13110,21,부산광역시,부산BIS
BSB193380303,연산초등학교,35.17929123,129.0848775,2025-10-31,13113,21,부산광역시,부산BIS
BSB193390201,연산시장.물만골역,35.17665039,129.0855748,2025-10-31,13109,21,부산광역시,부산BIS
BSB193390202,연산시장,35.17647059,129.0856425,2025-10-31,,21,부산광역시,부산BIS
BSB193400301,부산경상대학교정문,35.18573907,129.1007662,2025-10-31,13073,21,부산광역시,부산BIS
BSB193400302,부산경상대학교서문,35.18574896,129.0974727,2025-10-31,13157,21,부산광역시,부산BIS
BSB193400303,현대아파트,35.18597903,129.0943643,2025-10-31,13068,21,부산광역시,부산BIS
BSB193410101,현대아파트,35.18574365,129.0943101,2025-10-31,13155,21,부산광역시,부산BIS
BSB193410102,부산경상대학교서문,35.18549707,129.0976245,2025-10-31,13072,21,부산광역시,부산BIS
BSB193410103,부산경상대학교정문,35.18549987,129.1007425,2025-10-31,13156,21,부산광역시,부산BIS
BSB193420201,연산역,35.18629213,129.0804726,2025-10-31,13051,21,부산광역시,부산BIS
BSB193420401,거제역,35.18828694,129.0751889,2025-10-31,13152,21,부산광역시,부산BIS
BSB193430201,시청공원등대앞,35.18139886,129.074055,2025-10-31,,21,부산광역시,부산BIS
BSB193440201,연산중학교,35.18572363,129.0887002,2025-10-31,13145,21,부산광역시,부산BIS
BSB193450201,연산중학교,35.18550177,129.0881516,2025-10-31,13144,21,부산광역시,부산BIS
BSB166150302,온천장,35.21933129,129.0798138,2025-10-31,6007,21,부산광역시,부산BIS
BSB166160101,온천장역,35.21849695,129.0850334,2025-10-31,6015,21,부산광역시,부산BIS
BSB166160301,온천장아스타아파트,35.21711741,129.0833462,2025-10-31,6022,21,부산광역시,부산BIS
BSB166170101,동래역,35.20391023,129.0781775,2025-10-31,6079,21,부산광역시,부산BIS
BSB166170201,내성중학교,35.2029616,129.0778045,2025-10-31,6080,21,부산광역시,부산BIS
BSB166180201,내성중학교,35.20342978,129.0777942,2025-10-31,,21,부산광역시,부산BIS
BSB166180401,동래역,35.20606138,129.078175,2025-10-31,6067,21,부산광역시,부산BIS
BSB166180402,동래역1번출구,35.20548567,129.0781649,2025-10-31,,21,부산광역시,부산BIS
BSB166220401,동래시장,35.20415319,129.0870825,2025-10-31,,21,부산광역시,부산BIS
BSB166250301,사직역,35.19786939,129.0656801,2025-10-31,6234,21,부산광역시,부산BIS
BSB166260101,사직운동장,35.19640075,129.0651848,2025-10-31,6129,21,부산광역시,부산BIS
BSB166260102,사직운동장,35.19643219,129.0652718,2025-10-31,,21,부산광역시,부산BIS
BSB166260301,사직야구장,35.19610719,129.0622293,2025-10-31,6131,21,부산광역시,부산BIS
BSB166260302,사직야구장,35.19612184,129.0623328,2025-10-31,,21,부산광역시,부산BIS
BSB166270201,새마을금고,35.20074879,129.0742868,2025-10-31,,21,부산광역시,부산BIS
BSB166310101,명장2동주민센터,35.20729098,129.1024578,2025-10-31,,21,부산광역시,부산BIS
BSB166310401,조양아파트,35.20643025,129.1007585,2025-10-31,,21,부산광역시,부산BIS
BSB166320101,명장정수사업소,35.20789963,129.1036509,2025-10-31,6219,21,부산광역시,부산BIS
BSB166330101,진흥상가,35.20035625,129.1046817,2025-10-31,6188,21,부산광역시,부산BIS
BSB166330102,안락초등학교,35.20192945,129.1044318,2025-10-31,6211,21,부산광역시,부산BIS
BSB166330103,명장1동행정복지센터,35.20454531,129.1047476,2025-10-31,6208,21,부산광역시,부산BIS
BSB166330201,부산은행,35.19937282,129.1047823,2025-10-31,,21,부산광역시,부산BIS
BSB166330202,안락병원,35.19915664,129.107798,2025-10-31,,21,부산광역시,부산BIS
BSB166330401,1080안경점,35.20027793,129.1014266,2025-10-31,,21,부산광역시,부산BIS
BSB166330402,삼성아파트,35.19993693,129.1029686,2025-10-31,,21,부산광역시,부산BIS
BSB166340201,충렬주유소,35.19610616,129.109786,2025-10-31,6182,21,부산광역시,부산BIS
BSB166350201,동래구청,35.20474462,129.0846941,2025-10-31,,21,부산광역시,부산BIS
BSB166350501,동래구청,35.20497578,129.0842614,2025-10-31,,21,부산광역시,부산BIS
BSB166350502,구 부산지방기상청,35.20642164,129.0831415,2025-10-31,,21,부산광역시,부산BIS
BSB166360301,안락교차로,35.1978765,129.0976026,2025-10-31,6229,21,부산광역시,부산BIS
BSB166360302,벽산아파트,35.19467198,129.098036,2025-10-31,6230,21,부산광역시,부산BIS
BSB166360401,안락교차로,35.19839946,129.0969532,2025-10-31,6246,21,부산광역시,부산BIS
BSB166390301,안락동우체국.동해선안락역,35.19725244,129.1011067,2025-10-31,6174,21,부산광역시,부산BIS
BSB166390302,안락동우체국.동해선안락역,35.19693731,129.1021385,2025-10-31,6707,21,부산광역시,부산BIS
BSB166400101,안락동우체국.동해선안락역,35.19724267,129.0999503,2025-10-31,6173,21,부산광역시,부산BIS
BSB166400102,안락동우체국.동해선안락역,35.19697939,129.1012723,2025-10-31,6708,21,부산광역시,부산BIS
BSB166410201,동부산아이존빌아파트,35.19203014,129.1054871,2025-10-31,6170,21,부산광역시,부산BIS
BSB166410202,안락경동아파트,35.19130678,129.106746,2025-10-31,6248,21,부산광역시,부산BIS
BSB166410203,동부산아이존빌아파트,35.19229152,129.1049559,2025-10-31,,21,부산광역시,부산BIS
BSB166410204,안락경동아파트,35.19160416,129.1062027,2025-10-31,,21,부산광역시,부산BIS
BSB166410301,강변뜨란채입구,35.19356124,129.1019017,2025-10-31,6231,21,부산광역시,부산BIS
BSB166410302,월마트,35.19313706,129.1031775,2025-10-31,,21,부산광역시,부산BIS
BSB166420101,강변뜨란채아파트,35.19548336,129.1027821,2025-10-31,6228,21,부산광역시,부산BIS
BSB166420201,월마트,35.192971,129.1030647,2025-10-31,,21,부산광역시,부산BIS
BSB166420302,강변뜨란채아파트,35.19384964,129.100952,2025-10-31,,21,부산광역시,부산BIS
BSB166420303,한성기린아파트,35.19399013,129.1000716,2025-10-31,,21,부산광역시,부산BIS
BSB166430201,동래봉생병원,35.19748083,129.0953916,2025-10-31,6162,21,부산광역시,부산BIS
BSB166440101,동래봉생병원,35.19713327,129.0954266,2025-10-31,6165,21,부산광역시,부산BIS
BSB166450101,우성아파트,35.19495525,129.0929271,2025-10-31,6164,21,부산광역시,부산BIS
BSB166450301,우성아파트,35.19494016,129.0924886,2025-10-31,6163,21,부산광역시,부산BIS
BSB166450401,낙민유앤아이아파트,35.19468134,129.0914044,2025-10-31,,21,부산광역시,부산BIS
BSB166460101,강변뜨란채아파트,35.1936449,129.1007095,2025-10-31,6225,21,부산광역시,부산BIS
BSB166460102,강변뜨란채아파트,35.19360355,129.1009143,2025-10-31,,21,부산광역시,부산BIS
BSB166460103,한성기린아파트,35.19389168,129.099378,2025-10-31,,21,부산광역시,부산BIS
BSB166460201,안진초등학교,35.19335608,129.0985965,2025-10-31,6249,21,부산광역시,부산BIS
BSB166460301,벽산한신아파트,35.19432011,129.0980336,2025-10-31,,21,부산광역시,부산BIS
BSB166460302,안민초등학교,35.19448268,129.0941321,2025-10-31,,21,부산광역시,부산BIS
BSB166460303,중앙하이츠아파트,35.19443479,129.0960559,2025-10-31,,21,부산광역시,부산BIS
BSB166460402,안락교차로,35.19759833,129.0978867,2025-10-31,,21,부산광역시,부산BIS
BSB166480101,온천장,35.21827602,129.0824119,2025-10-31,6024,21,부산광역시,부산BIS
BSB166480102,온천예식장,35.21816623,129.0823879,2025-10-31,,21,부산광역시,부산BIS
BSB166490201,명장조양맨션(명장역),35.20601547,129.1020878,2025-10-31,6202,21,부산광역시,부산BIS
BSB166490202,명장1치안센터,35.20545826,129.1030304,2025-10-31,,21,부산광역시,부산BIS
BSB166500301,명장조양맨션(명장역),35.20599099,129.1028188,2025-10-31,6185,21,부산광역시,부산BIS
BSB166510101,명장1동행정복지센터,35.20475223,129.105196,2025-10-31,6207,21,부산광역시,부산BIS
BSB166510102,명장시장,35.20453034,129.1077375,2025-10-31,6212,21,부산광역시,부산BIS
BSB166510103,명장1동새마을금고,35.20477284,129.1050136,2025-10-31,,21,부산광역시,부산BIS
BSB166510104,명장시장,35.20459157,129.1070084,2025-10-31,,21,부산광역시,부산BIS
BSB166510201,명장1동행정복지센터,35.20427842,129.1044583,2025-10-31,6209,21,부산광역시,부산BIS
BSB166510202,안락초등학교,35.20288867,129.1040275,2025-10-31,6210,21,부산광역시,부산BIS
BSB166510203,진흥상가,35.1998237,129.1044616,2025-10-31,6189,21,부산광역시,부산BIS
BSB166510204,명장1동주민센터,35.20418954,129.104429,2025-10-31,,21,부산광역시,부산BIS
BSB166510205,부산은행,35.19990799,129.1044645,2025-10-31,,21,부산광역시,부산BIS
BSB166510206,안락초등학교,35.20273248,129.1040648,2025-10-31,,21,부산광역시,부산BIS
BSB166510301,명장1치안센터,35.20510217,129.1044102,2025-10-31,,21,부산광역시,부산BIS
BSB166520101,충렬초등학교,35.20098911,129.1117568,2025-10-31,,21,부산광역시,부산BIS
BSB166520301,혜화여고.충렬고,35.20186448,129.1111079,2025-10-31,,21,부산광역시,부산BIS
BSB166540101,한우크로바아파트,35.19902722,129.1094863,2025-10-31,6222,21,부산광역시,부산BIS
BSB166540102,한우크로바아파트,35.19901348,129.1096571,2025-10-31,,21,부산광역시,부산BIS
BSB166550301,부산은행,35.19955344,129.1047019,2025-10-31,,21,부산광역시,부산BIS
BSB166550302,안락병원,35.19934421,129.1078099,2025-10-31,,21,부산광역시,부산BIS
BSB166560301,명장조양맨션(명장역),35.20462701,129.1011998,2025-10-31,6199,21,부산광역시,부산BIS
BSB166570101,명장조양맨션(명장역),35.20442365,129.1014471,2025-10-31,6198,21,부산광역시,부산BIS
BSB166580101,벽산한신아파트,35.19417049,129.0977829,2025-10-31,,21,부산광역시,부산BIS
BSB166580102,안민초등학교,35.19432537,129.0937939,2025-10-31,,21,부산광역시,부산BIS
BSB166580103,중앙하이츠아파트,35.1942485,129.0959819,2025-10-31,,21,부산광역시,부산BIS
BSB166590203,낙민역.동래고등학교,35.19903191,129.0946251,2025-10-31,6161,21,부산광역시,부산BIS
BSB166600101,삼익아파트정문,35.19970327,129.060565,2025-10-31,,21,부산광역시,부산BIS
BSB166600201,국민시장,35.19888489,129.0599718,2025-10-31,6112,21,부산광역시,부산BIS
BSB166600202,국민시장,35.19857844,129.0600491,2025-10-31,,21,부산광역시,부산BIS
BSB166600301,삼익아파트,35.19962586,129.0594075,2025-10-31,6110,21,부산광역시,부산BIS
BSB166600302,삼익아파트후문,35.19960201,129.0594993,2025-10-31,,21,부산광역시,부산BIS
BSB166610101,사직사거리,35.1982567,129.0614709,2025-10-31,6123,21,부산광역시,부산BIS
BSB174690301,금사자동차학원,35.2166018,129.1118072,2025-10-31,,21,부산광역시,부산BIS
BSB174690401,금사공단.금사동탑마트,35.21889715,129.112655,2025-10-31,,21,부산광역시,부산BIS
BSB174700401,라이프타운,35.21518327,129.1072773,2025-10-31,11139,21,부산광역시,부산BIS
BSB174710101,조리마을,35.30076084,129.1122934,2025-10-31,,21,부산광역시,부산BIS
BSB174710102,두구동경로당앞,35.30338261,129.1119917,2025-10-31,,21,부산광역시,부산BIS
BSB174710103,선두구동행정복지센터,35.29804699,129.1125908,2025-10-31,,21,부산광역시,부산BIS
BSB174710104,조리,35.30117784,129.1122549,2025-10-31,,21,부산광역시,부산BIS
BSB174710105,조리경로당,35.30275342,129.1121047,2025-10-31,,21,부산광역시,부산BIS
BSB174710201,임석삼거리,35.28853228,129.1093213,2025-10-31,,21,부산광역시,부산BIS
BSB174710202,농협,35.29458167,129.1114117,2025-10-31,,21,부산광역시,부산BIS
BSB174710203,임석,35.28865192,129.1094768,2025-10-31,,21,부산광역시,부산BIS
BSB174710204,중리,35.29631697,129.1117563,2025-10-31,,21,부산광역시,부산BIS
BSB174710205,다움병원,35.29485795,129.1113905,2025-10-31,,21,부산광역시,부산BIS
BSB174710206,수반,35.29184573,129.1109861,2025-10-31,,21,부산광역시,부산BIS
BSB174770101,범어사입구,35.27548045,129.0901227,2025-10-31,11013,21,부산광역시,부산BIS
BSB174770301,어린이놀이터,35.27562268,129.0879279,2025-10-31,11015,21,부산광역시,부산BIS
BSB174780301,남산동농협,35.27253197,129.0888994,2025-10-31,11020,21,부산광역시,부산BIS
BSB174790101,남산성당,35.26373746,129.0850465,2025-10-31,11240,21,부산광역시,부산BIS
BSB174790102,부산외국어대학교,35.26532156,129.0854013,2025-10-31,11037,21,부산광역시,부산BIS
BSB174790401,부산과학고등학교,35.26411468,129.0851423,2025-10-31,,21,부산광역시,부산BIS
BSB174800401,우성아파트12동,35.25694817,129.0852827,2025-10-31,,21,부산광역시,부산BIS
BSB174810101,광명사,35.22966854,129.0767654,2025-10-31,11192,21,부산광역시,부산BIS
BSB174810102,양로원,35.23125318,129.0766777,2025-10-31,11194,21,부산광역시,부산BIS
BSB174810301,식물원,35.22714474,129.0777023,2025-10-31,,21,부산광역시,부산BIS
BSB174810401,장전중학교,35.22758465,129.0787157,2025-10-31,,21,부산광역시,부산BIS
BSB174820101,금성동주민센터,35.2500716,129.0568494,2025-10-31,,21,부산광역시,부산BIS
BSB174820102,산성공해마을3동,35.24574138,129.0558341,2025-10-31,,21,부산광역시,부산BIS
BSB174820201,공해부락,35.24430001,129.0557494,2025-10-31,,21,부산광역시,부산BIS
BSB174820202,산성공해마을,35.24377623,129.0569814,2025-10-31,,21,부산광역시,부산BIS
BSB174830201,장전동어린이놀이터,35.23812668,129.0863624,2025-10-31,11074,21,부산광역시,부산BIS
BSB174830401,장전초등학교,35.24067912,129.0865473,2025-10-31,11072,21,부산광역시,부산BIS
BSB174830402,금정산쌍용예가.구서SK뷰,35.24267282,129.0866278,2025-10-31,11066,21,부산광역시,부산BIS
BSB174850101,천일아파트,35.26683496,129.0899092,2025-10-31,,21,부산광역시,부산BIS
BSB174850102,성원아파트,35.26676879,129.0913909,2025-10-31,,21,부산광역시,부산BIS
BSB174850201,남산동럭키아파트,35.26538653,129.0886249,2025-10-31,11035,21,부산광역시,부산BIS
BSB174850302,탐앤탐스부산외대점,35.26712487,129.0879938,2025-10-31,,21,부산광역시,부산BIS
BSB174850303,남산고등학교,35.26712987,129.0856151,2025-10-31,,21,부산광역시,부산BIS
BSB174850401,남산고등학교입구,35.26779851,129.0892134,2025-10-31,11031,21,부산광역시,부산BIS
BSB174850402,남산동새벽시장,35.26920566,129.0891925,2025-10-31,11024,21,부산광역시,부산BIS
BSB174860101,남산초등학교,35.26172227,129.088023,2025-10-31,11041,21,부산광역시,부산BIS
BSB174860102,남산동럭키아파트,35.26493554,129.0887829,2025-10-31,11034,21,부산광역시,부산BIS
BSB174860301,선경3차아파트,35.25810276,129.0876294,2025-10-31,11047,21,부산광역시,부산BIS
BSB174860401,남산119안전센터,35.26168751,129.0866648,2025-10-31,11038,21,부산광역시,부산BIS
BSB174870201,두구동경로당앞,35.3034048,129.1118925,2025-10-31,,21,부산광역시,부산BIS
BSB174870202,조리마을,35.30110778,129.1121007,2025-10-31,,21,부산광역시,부산BIS
BSB174870203,조리,35.30117881,129.1120683,2025-10-31,,21,부산광역시,부산BIS
BSB174870204,조리경로당,35.30275387,129.1119166,2025-10-31,,21,부산광역시,부산BIS
BSB174870205,선두구동행정복지센터,35.29801943,129.1123345,2025-10-31,,21,부산광역시,부산BIS
BSB174880301,영락공원,35.27400066,129.1031212,2025-10-31,,21,부산광역시,부산BIS
BSB174880302,영락원,35.27236791,129.101353,2025-10-31,,21,부산광역시,부산BIS
BSB174880303,금정도서관,35.27224161,129.0961687,2025-10-31,,21,부산광역시,부산BIS
BSB174890102,남산고등학교,35.26692729,129.0856044,2025-10-31,,21,부산광역시,부산BIS
BSB174890103,탐앤탐스부산외대점,35.26692234,129.0871975,2025-10-31,,21,부산광역시,부산BIS
BSB174890201,남산고교,35.26705927,129.0840966,2025-10-31,11028,21,부산광역시,부산BIS
BSB174890202,부산외국어대학교,35.26561353,129.0851624,2025-10-31,11036,21,부산광역시,부산BIS
BSB174890203,부산외국어대학교정문,35.26640981,129.0845199,2025-10-31,,21,부산광역시,부산BIS
BSB174890301,금샘초등학교,35.26941112,129.0853022,2025-10-31,11026,21,부산광역시,부산BIS
BSB174890302,남산고교,35.26732424,129.0844168,2025-10-31,11029,21,부산광역시,부산BIS
BSB174890303,남산동.요산문학관,35.27164921,129.0852697,2025-10-31,11019,21,부산광역시,부산BIS
BSB174890304,한아름빌라,35.27448205,129.0851809,2025-10-31,11016,21,부산광역시,부산BIS
BSB174900301,구서동,35.24670833,129.0904767,2025-10-31,11186,21,부산광역시,부산BIS
BSB174910101,롯데캐슬정문,35.25263132,129.0876398,2025-10-31,11053,21,부산광역시,부산BIS
BSB174910102,롯데캐슬입구,35.25093735,129.0876442,2025-10-31,11163,21,부산광역시,부산BIS
BSB174910103,롯데캐슬정문,35.25273538,129.0876301,2025-10-31,,21,부산광역시,부산BIS
BSB174910104,롯데캐슬입구,35.25102311,129.0876356,2025-10-31,,21,부산광역시,부산BIS
BSB174910301,신동아아파트,35.25608807,129.087836,2025-10-31,11049,21,부산광역시,부산BIS
BSB174920101,구서롯데캐슬,35.249385,129.0883433,2025-10-31,11181,21,부산광역시,부산BIS
BSB174920102,구서역,35.24868333,129.0908583,2025-10-31,11055,21,부산광역시,부산BIS
BSB174920103,이마트,35.24866458,129.0906235,2025-10-31,,21,부산광역시,부산BIS
BSB174920201,구서역.구서시장,35.24694303,129.0887865,2025-10-31,11062,21,부산광역시,부산BIS
BSB174920401,롯데캐슬입구,35.25093838,129.0878369,2025-10-31,11054,21,부산광역시,부산BIS
BSB174920402,롯데캐슬정문,35.25263224,129.0878167,2025-10-31,11052,21,부산광역시,부산BIS
BSB174920403,롯데캐슬,35.251015,129.0878442,2025-10-31,,21,부산광역시,부산BIS
BSB174920404,롯데캐슬정문,35.25273638,129.0878334,2025-10-31,,21,부산광역시,부산BIS
BSB174940101,서2동새마을금고,35.21385083,129.101743,2025-10-31,,21,부산광역시,부산BIS
BSB174940102,초원마트,35.2135597,129.1010711,2025-10-31,,21,부산광역시,부산BIS
BSB174940201,명장2동치안센터,35.21191324,129.1002313,2025-10-31,,21,부산광역시,부산BIS
BSB174940202,동남아파트,35.21057317,129.1015693,2025-10-31,,21,부산광역시,부산BIS
BSB174940203,협진아파트,35.20951729,129.1024169,2025-10-31,,21,부산광역시,부산BIS
BSB174960301,장전중앙교회,35.23528615,129.0860355,2025-10-31,11075,21,부산광역시,부산BIS
BSB174960302,현대아파트,35.23325769,129.0855148,2025-10-31,11079,21,부산광역시,부산BIS
BSB174960303,부산대학교정문,35.23193029,129.0851576,2025-10-31,11085,21,부산광역시,부산BIS
BSB174970101,장전역,35.23839881,129.0880262,2025-10-31,11071,21,부산광역시,부산BIS
BSB174970301,(구)장전1치안센터,35.23570873,129.087483,2025-10-31,11250,21,부산광역시,부산BIS
BSB175010101,금정세무서,35.22996522,129.0924836,2025-10-31,11115,21,부산광역시,부산BIS
BSB175060301,협진태양맨션,35.2103309,129.1038496,2025-10-31,6205,21,부산광역시,부산BIS
BSB175070101,금정초등학교,35.22598445,129.0858511,2025-10-31,11090,21,부산광역시,부산BIS
BSB175080201,온천장역,35.22205183,129.0867548,2025-10-31,11102,21,부산광역시,부산BIS
BSB175080301,래미안장전남문,35.22452193,129.0861019,2025-10-31,11100,21,부산광역시,부산BIS
BSB175090301,부곡4동주민센터.온천장역,35.22064135,129.0883848,2025-10-31,11106,21,부산광역시,부산BIS
BSB175100301,온천입구,35.21763083,129.0863312,2025-10-31,11103,21,부산광역시,부산BIS
BSB175100302,동해중학교,35.21862737,129.0872838,2025-10-31,11243,21,부산광역시,부산BIS
BSB175110101,금사시장,35.22108393,129.1134437,2025-10-31,11151,21,부산광역시,부산BIS
BSB175110102,금사시장,35.2211622,129.1135027,2025-10-31,,21,부산광역시,부산BIS
BSB175110103,파크랜드,35.21997826,129.1125054,2025-10-31,,21,부산광역시,부산BIS
BSB175110201,파크랜드,35.21812249,129.113578,2025-10-31,,21,부산광역시,부산BIS
BSB175110202,금사공단,35.21874797,129.1126146,2025-10-31,,21,부산광역시,부산BIS
BSB175120201,금사중학교,35.21743352,129.1101048,2025-10-31,11147,21,부산광역시,부산BIS
BSB182630103,구포삼거리,35.20084323,128.9920033,2025-10-31,88011,21,부산광역시,부산BIS
BSB182640201,석불사입구,35.21519704,129.0441387,2025-10-31,8147,21,부산광역시,부산BIS
BSB182660202,구포종점,35.20928,129.0007849,2025-10-31,,21,부산광역시,부산BIS
BSB182660301,구포역,35.20670119,128.9966673,2025-10-31,8069,21,부산광역시,부산BIS
BSB182670101,금곡주공7단지,35.256859,129.0141507,2025-10-31,8017,21,부산광역시,부산BIS
BSB182670102,금곡종합사회복지관,35.2585571,129.0151224,2025-10-31,8015,21,부산광역시,부산BIS
BSB182670103,금곡종합사회복지관,35.25864355,129.0151773,2025-10-31,,21,부산광역시,부산BIS
BSB182670104,금곡주공7단지,35.2570927,129.0142729,2025-10-31,,21,부산광역시,부산BIS
BSB182670201,금곡주공9단지,35.25493925,129.0136219,2025-10-31,8020,21,부산광역시,부산BIS
BSB182670202,금곡주공4단지,35.25318892,129.0137684,2025-10-31,8022,21,부산광역시,부산BIS
BSB182670203,금곡주공4단지,35.25310648,129.0137784,2025-10-31,,21,부산광역시,부산BIS
BSB182670204,금곡주공9단지,35.25502275,129.0136228,2025-10-31,,21,부산광역시,부산BIS
BSB182680101,금곡주공6단지,35.24956236,129.0144952,2025-10-31,,21,부산광역시,부산BIS
BSB182680102,유림1차아파트,35.25128298,129.0140728,2025-10-31,,21,부산광역시,부산BIS
BSB182680201,금곡주공5단지,35.25166774,129.0135278,2025-10-31,8026,21,부산광역시,부산BIS
BSB182680301,금곡주공4단지,35.25339898,129.014005,2025-10-31,8023,21,부산광역시,부산BIS
BSB182680302,금곡주공9단지,35.25496508,129.0138926,2025-10-31,8021,21,부산광역시,부산BIS
BSB182680303,금곡주공4단지후문,35.25203147,129.0142111,2025-10-31,8027,21,부산광역시,부산BIS
BSB182680304,금곡주공4단지,35.2535049,129.0139839,2025-10-31,,21,부산광역시,부산BIS
BSB182680305,금곡주공9단지,35.2560614,129.0138918,2025-10-31,,21,부산광역시,부산BIS
BSB182690201,낙동고등학교,35.21624623,129.0089275,2025-10-31,8061,21,부산광역시,부산BIS
BSB182690301,롯데캐슬카이저남문,35.21896319,129.0089347,2025-10-31,8201,21,부산광역시,부산BIS
BSB182700101,금곡중학교,35.2604749,129.0164753,2025-10-31,8012,21,부산광역시,부산BIS
BSB182700102,금곡중학교,35.26034741,129.0164658,2025-10-31,,21,부산광역시,부산BIS
BSB182700301,금곡종합사회복지관,35.25859442,129.0148256,2025-10-31,8014,21,부산광역시,부산BIS
BSB182700302,금곡주공7단지,35.25678812,129.0138023,2025-10-31,8016,21,부산광역시,부산BIS
BSB182700303,금곡종합사회복지관,35.25874813,129.0149238,2025-10-31,,21,부산광역시,부산BIS
BSB182700304,금곡주공7단지,35.25687026,129.0138398,2025-10-31,,21,부산광역시,부산BIS
BSB182710201,금곡주공3단지,35.26523256,129.0204371,2025-10-31,8003,21,부산광역시,부산BIS
BSB182710301,금곡주공1단지,35.26702524,129.0196177,2025-10-31,8002,21,부산광역시,부산BIS
BSB182720101,금곡주공3단지,35.26516957,129.0207225,2025-10-31,8004,21,부산광역시,부산BIS
BSB182750201,금곡주공5단지,35.24943706,129.0141983,2025-10-31,,21,부산광역시,부산BIS
BSB182750301,금곡주공6단지,35.24964559,129.0147405,2025-10-31,,21,부산광역시,부산BIS
BSB182750302,유림1차아파트,35.25124825,129.0143465,2025-10-31,,21,부산광역시,부산BIS
BSB182760201,북구보건소.인도네시아센터,35.24048371,129.013948,2025-10-31,8034,21,부산광역시,부산BIS
BSB182760202,북구보건소,35.24073404,129.0138873,2025-10-31,,21,부산광역시,부산BIS
BSB182760301,벽산아파트,35.24435092,129.0132596,2025-10-31,8033,21,부산광역시,부산BIS
BSB182760302,벽산아파트,35.24450035,129.0132203,2025-10-31,,21,부산광역시,부산BIS
BSB182790101,정화양로원,35.2436286,129.0196155,2025-10-31,8038,21,부산광역시,부산BIS
BSB182790102,경남아파트,35.24176566,129.0154819,2025-10-31,8036,21,부산광역시,부산BIS
BSB182790103,코오롱아파트,35.24417261,129.0216903,2025-10-31,8040,21,부산광역시,부산BIS
BSB182790104,경남아파트,35.24180954,129.0157516,2025-10-31,,21,부산광역시,부산BIS
BSB182790105,정화양로원,35.24368392,129.0197525,2025-10-31,,21,부산광역시,부산BIS
BSB182790106,코오롱아파트,35.24414874,129.0214141,2025-10-31,,21,부산광역시,부산BIS
BSB182810101,만덕2동행정복지센터,35.21038448,129.0380418,2025-10-31,8153,21,부산광역시,부산BIS
BSB182810102,만덕삼성아파트.만덕역,35.21197275,129.0369607,2025-10-31,8149,21,부산광역시,부산BIS
BSB182810301,백양상가,35.209,129.0374933,2025-10-31,8055,21,부산광역시,부산BIS
BSB182810302,백양상가,35.20905246,129.0373832,2025-10-31,,21,부산광역시,부산BIS
BSB182810401,백양디이스트아파트,35.20974979,129.0356458,2025-10-31,8161,21,부산광역시,부산BIS
BSB182810402,부산은행,35.20964328,129.0367699,2025-10-31,,21,부산광역시,부산BIS
BSB182820101,대성아파트입구,35.21042401,129.0349037,2025-10-31,8151,21,부산광역시,부산BIS
BSB182820201,백양디이스트아파트,35.2095504,129.0356385,2025-10-31,8162,21,부산광역시,부산BIS
BSB182850201,만덕도서관,35.20807833,129.0376603,2025-10-31,8155,21,부산광역시,부산BIS
BSB182850301,만덕신협2동지점,35.20799475,129.0373637,2025-10-31,,21,부산광역시,부산BIS
BSB182850401,백양디이스트401동,35.20824621,129.0366007,2025-10-31,,21,부산광역시,부산BIS
BSB182860101,굿모닝힐401동,35.20810158,129.036092,2025-10-31,,21,부산광역시,부산BIS
BSB182860301,백양디이스트304동,35.20825508,129.0347344,2025-10-31,,21,부산광역시,부산BIS
BSB182870101,이노비즈센터,35.21203715,129.0260959,2025-10-31,8133,21,부산광역시,부산BIS
BSB182870102,만덕우체국,35.21166033,129.0286227,2025-10-31,,21,부산광역시,부산BIS
BSB182870103,이노비즈센터,35.21209251,129.0260074,2025-10-31,,21,부산광역시,부산BIS
BSB182870301,남산정역1번출구,35.21300869,129.0249365,2025-10-31,,21,부산광역시,부산BIS
BSB182880201,백산공영주차장,35.21057975,129.0273089,2025-10-31,8165,21,부산광역시,부산BIS
BSB182880301,한성아파트,35.21139106,129.0223333,2025-10-31,8167,21,부산광역시,부산BIS
BSB182900101,만덕1동행정복지센터,35.21367712,129.0367254,2025-10-31,8142,21,부산광역시,부산BIS
BSB182900102,한도슈퍼,35.21540967,129.0376863,2025-10-31,,21,부산광역시,부산BIS
BSB182900103,구만덕,35.21699475,129.0389273,2025-10-31,,21,부산광역시,부산BIS
BSB182900301,만덕시장입구,35.21429478,129.0353516,2025-10-31,8139,21,부산광역시,부산BIS
BSB182900302,만덕초등학교,35.21440387,129.0314383,2025-10-31,8136,21,부산광역시,부산BIS
BSB182900303,대진아파트,35.21390874,129.0274668,2025-10-31,8135,21,부산광역시,부산BIS
BSB182910101,한도슈퍼,35.215401,129.037598,2025-10-31,8140,21,부산광역시,부산BIS
BSB182910102,만덕1동행정복지센터,35.2144691,129.0368354,2025-10-31,8141,21,부산광역시,부산BIS
BSB182920101,북부산농협신만덕지점,35.20947506,129.0383243,2025-10-31,8160,21,부산광역시,부산BIS
BSB182920102,만덕2치안센터,35.209077,129.0393129,2025-10-31,,21,부산광역시,부산BIS
BSB182920103,북부산농협신만덕지점,35.2094932,129.0382176,2025-10-31,,21,부산광역시,부산BIS
BSB182940101,만덕3주공아파트,35.20370501,129.033441,2025-10-31,,21,부산광역시,부산BIS
BSB182940201,만덕고등학교,35.20204285,129.0354632,2025-10-31,,21,부산광역시,부산BIS
BSB182940202,신덕중학교,35.20292169,129.0330947,2025-10-31,,21,부산광역시,부산BIS
BSB182960101,만덕고등학교,35.2021971,129.0356289,2025-10-31,,21,부산광역시,부산BIS
BSB182960102,신덕초등학교,35.20276125,129.0332871,2025-10-31,,21,부산광역시,부산BIS
BSB182970201,북구청,35.19826814,128.9908058,2025-10-31,8079,21,부산광역시,부산BIS
BSB182970202,구포부민병원,35.19797318,128.990775,2025-10-31,,21,부산광역시,부산BIS
BSB182970301,구포삼거리,35.20028866,128.9909406,2025-10-31,8076,21,부산광역시,부산BIS
BSB182970302,구포삼거리,35.20036638,128.9910118,2025-10-31,,21,부산광역시,부산BIS
BSB182990301,덕천주공입구,35.20944039,129.0114163,2025-10-31,8175,21,부산광역시,부산BIS
BSB183000301,덕천초등학교후문,35.20758431,129.0067233,2025-10-31,,21,부산광역시,부산BIS
BSB183000302,한라아파트,35.20822836,129.0093567,2025-10-31,,21,부산광역시,부산BIS
BSB183010301,구포시장동문,35.20617445,129.0044194,2025-10-31,8115,21,부산광역시,부산BIS
BSB183020101,북부경찰서,35.22778571,129.0120731,2025-10-31,8053,21,부산광역시,부산BIS
BSB183020102,북부경찰서,35.22787139,129.0121447,2025-10-31,,21,부산광역시,부산BIS
BSB183020301,화명중학교,35.22507745,129.0096958,2025-10-31,8056,21,부산광역시,부산BIS
BSB183020302,화명중학교,35.22532136,129.0098249,2025-10-31,,21,부산광역시,부산BIS
BSB183030101,화명중학교,35.22516212,129.0101237,2025-10-31,8057,21,부산광역시,부산BIS
BSB183030102,화명중학교,35.2252957,129.0101901,2025-10-31,,21,부산광역시,부산BIS
BSB193450401,연일시장,35.18583228,129.0852777,2025-10-31,13154,21,부산광역시,부산BIS
BSB193450402,건치과의원,35.18580163,129.0866379,2025-10-31,,21,부산광역시,부산BIS
BSB193450403,연일시장,35.18584208,129.0850747,2025-10-31,,21,부산광역시,부산BIS
BSB193450501,연제구국민체육센터,35.18433437,129.0870669,2025-10-31,,21,부산광역시,부산BIS
BSB193450502,한일유앤아이,35.18299618,129.0870656,2025-10-31,,21,부산광역시,부산BIS
BSB193460101,부산소방본부.교통정보서비스센터,35.18490254,129.1072961,2025-10-31,13082,21,부산광역시,부산BIS
BSB193460102,태광아파트,35.18675478,129.1073136,2025-10-31,13081,21,부산광역시,부산BIS
BSB193460201,부산소방본부.교통정보서비스센터,35.18438844,129.1081043,2025-10-31,13158,21,부산광역시,부산BIS
BSB193460301,부산소방본부.교통정보서비스센터,35.1842255,129.1069955,2025-10-31,13085,21,부산광역시,부산BIS
BSB193460401,부산소방본부.교통정보서비스센터,35.18474996,129.1059409,2025-10-31,13148,21,부산광역시,부산BIS
BSB193470101,엘지아파트,35.1851491,129.1043095,2025-10-31,13150,21,부산광역시,부산BIS
BSB193470201,엘지아파트,35.18399,129.1039172,2025-10-31,,21,부산광역시,부산BIS
BSB193470202,연제경찰서,35.18240035,129.1039258,2025-10-31,,21,부산광역시,부산BIS
BSB193470301,엘지아파트,35.18539068,129.1044091,2025-10-31,13149,21,부산광역시,부산BIS
BSB193480101,삼정그린아파트,35.18948288,129.0630257,2025-10-31,13029,21,부산광역시,부산BIS
BSB193480102,삼정그린코아아파트,35.18999278,129.0641276,2025-10-31,,21,부산광역시,부산BIS
BSB193480202,부산의료원,35.18869329,129.0605974,2025-10-31,,21,부산광역시,부산BIS
BSB193490101,부산의료원,35.18825674,129.0605792,2025-10-31,13123,21,부산광역시,부산BIS
BSB193490102,대우그린타워아파트,35.18838037,129.0608044,2025-10-31,,21,부산광역시,부산BIS
BSB193490301,부산의료원,35.18857563,129.0603419,2025-10-31,13130,21,부산광역시,부산BIS
BSB193500301,국가기록원 부산분원,35.18715611,129.0555449,2025-10-31,13131,21,부산광역시,부산BIS
BSB193500303,시민도서관,35.18312604,129.0506159,2025-10-31,5061,21,부산광역시,부산BIS
BSB193500304,시민도서관,35.18325566,129.0507912,2025-10-31,,21,부산광역시,부산BIS
BSB193500305,초읍삼거리,35.18235435,129.0495621,2025-10-31,,21,부산광역시,부산BIS
BSB193500306,초읍고개,35.18486683,129.0527304,2025-10-31,,21,부산광역시,부산BIS
BSB193500307,국가기록원.역사기록관,35.18721057,129.0556393,2025-10-31,,21,부산광역시,부산BIS
BSB193510101,교대역,35.19486642,129.0801388,2025-10-31,13005,21,부산광역시,부산BIS
BSB193510301,거제1치안센터,35.19128113,129.0775507,2025-10-31,13011,21,부산광역시,부산BIS
BSB193520101,거제1치안센터,35.19107252,129.0781153,2025-10-31,13010,21,부산광역시,부산BIS
BSB193520201,법원검찰청.거제역,35.1896623,129.0750275,2025-10-31,13137,21,부산광역시,부산BIS
BSB193530101,홈플러스,35.19177923,129.0646545,2025-10-31,13176,21,부산광역시,부산BIS
BSB193530102,홈플러스,35.1916943,129.0646842,2025-10-31,,21,부산광역시,부산BIS
BSB193530201,사직실내수영장,35.19211357,129.0635433,2025-10-31,13170,21,부산광역시,부산BIS
BSB193530202,사직실내수영장,35.19208313,129.063326,2025-10-31,,21,부산광역시,부산BIS
BSB193530301,사직실내수영장,35.19304727,129.0646065,2025-10-31,13120,21,부산광역시,부산BIS
BSB193540201,삼정그린아파트,35.19005208,129.0633256,2025-10-31,13030,21,부산광역시,부산BIS
BSB193540202,삼정그린코아아파트,35.19009356,129.0634143,2025-10-31,,21,부산광역시,부산BIS
BSB193550303,화성가스,35.17512481,129.083946,2025-10-31,,21,부산광역시,부산BIS
BSB193560301,연제구청,35.17528017,129.082658,2025-10-31,13107,21,부산광역시,부산BIS
BSB193560302,이마트연제점,35.17552004,129.0807675,2025-10-31,,21,부산광역시,부산BIS
BSB193570201,거제청과시장,35.18082793,129.0718551,2025-10-31,,21,부산광역시,부산BIS
BSB193570202,동해선거제해맞이역,35.18280801,129.0705738,2025-10-31,,21,부산광역시,부산BIS
BSB193570203,거제3동새마을금고,35.18238336,129.0709728,2025-10-31,,21,부산광역시,부산BIS
BSB193570301,동해선거제해맞이역,35.18177491,129.069405,2025-10-31,13031,21,부산광역시,부산BIS
BSB193580102,동해선거제해맞이역,35.18240393,129.0702704,2025-10-31,13033,21,부산광역시,부산BIS
BSB193620201,연산8치안센터,35.18812111,129.1008932,2025-10-31,13178,21,부산광역시,부산BIS
BSB193620202,연산교,35.19091375,129.0996479,2025-10-31,13177,21,부산광역시,부산BIS
BSB193630301,토곡한양아파트,35.18927248,129.1070047,2025-10-31,13078,21,부산광역시,부산BIS
BSB193640301,사직119안전센터,35.19471672,129.0588502,2025-10-31,13174,21,부산광역시,부산BIS
BSB193640302,사직119안전센터,35.19454912,129.0588947,2025-10-31,,21,부산광역시,부산BIS
BSB193650101,망미주공아파트,35.18069634,129.1072683,2025-10-31,13088,21,부산광역시,부산BIS
BSB193650301,망미주공아파트,35.18004077,129.1069725,2025-10-31,13087,21,부산광역시,부산BIS
BSB193650302,오양아파트,35.17685305,129.1071671,2025-10-31,14002,21,부산광역시,부산BIS
BSB193660101,연제구청,35.17524747,129.0812527,2025-10-31,13106,21,부산광역시,부산BIS
BSB193660102,이마트연제점,35.1752111,129.081592,2025-10-31,,21,부산광역시,부산BIS
BSB193660301,부산지방노동청.국세청,35.17649429,129.0778483,2025-10-31,13042,21,부산광역시,부산BIS
BSB193660302,연제구청,35.17607791,129.0785396,2025-10-31,,21,부산광역시,부산BIS
BSB193690201,연산자이아파트114동앞,35.18731539,129.0872016,2025-10-31,13165,21,부산광역시,부산BIS
BSB193700101,연동시장,35.18857486,129.0945026,2025-10-31,13069,21,부산광역시,부산BIS
BSB193700102,부산경상대학입구,35.18772644,129.0982269,2025-10-31,13071,21,부산광역시,부산BIS
BSB193700301,연동시장,35.18944988,129.0928037,2025-10-31,13065,21,부산광역시,부산BIS
BSB193700302,경동아파트,35.19049888,129.0909118,2025-10-31,13062,21,부산광역시,부산BIS
BSB193710101,경동아파트,35.19007038,129.0910466,2025-10-31,13063,21,부산광역시,부산BIS
BSB193710301,연산자이아파트104동앞,35.18997467,129.088785,2025-10-31,13164,21,부산광역시,부산BIS
BSB193720101,대선주조,35.19644925,129.0726592,2025-10-31,13001,21,부산광역시,부산BIS
BSB193720102,부산교육대학교후문,35.19648601,129.0728312,2025-10-31,,21,부산광역시,부산BIS
BSB193720103,화신아파트,35.19827489,129.0752019,2025-10-31,,21,부산광역시,부산BIS
BSB193720301,법원어귀교차로,35.19630127,129.070615,2025-10-31,6134,21,부산광역시,부산BIS
BSB193720302,여명중학교,35.19600978,129.0690796,2025-10-31,6132,21,부산광역시,부산BIS
BSB193720303,여명중학교,35.19602336,129.0691945,2025-10-31,,21,부산광역시,부산BIS
BSB193720401,사직동,35.19942304,129.070459,2025-10-31,,21,부산광역시,부산BIS
BSB193730101,연일시장,35.18559176,129.0851774,2025-10-31,13119,21,부산광역시,부산BIS
BSB193730102,드림텔,35.1855344,129.0867189,2025-10-31,,21,부산광역시,부산BIS
BSB193730103,연일시장,35.18558045,129.0853534,2025-10-31,,21,부산광역시,부산BIS
BSB193730201,연산교차로,35.18595609,129.0832586,2025-10-31,13162,21,부산광역시,부산BIS
BSB193730202,연산역,35.18597929,129.0831244,2025-10-31,,21,부산광역시,부산BIS
BSB193750101,웰니스병원.연산농협,35.18878191,129.085341,2025-10-31,13057,21,부산광역시,부산BIS
BSB193750201,연산교차로,35.18725408,129.0829301,2025-10-31,13055,21,부산광역시,부산BIS
BSB193760201,태광아파트,35.18687883,129.1069681,2025-10-31,13080,21,부산광역시,부산BIS
BSB193760301,토곡한양아파트,35.1879848,129.1055186,2025-10-31,13076,21,부산광역시,부산BIS
BSB193760401,토곡한양아파트,35.18926305,129.107316,2025-10-31,13079,21,부산광역시,부산BIS
BSB193770101,연산8치안센터,35.18759304,129.1029443,2025-10-31,13075,21,부산광역시,부산BIS
BSB193770102,토곡한양아파트,35.18768075,129.1062074,2025-10-31,13077,21,부산광역시,부산BIS
BSB193770301,연산8치안센터,35.18785014,129.1018614,2025-10-31,13074,21,부산광역시,부산BIS
BSB193780301,연천시장,35.18839956,129.0962558,2025-10-31,13070,21,부산광역시,부산BIS
BSB193780302,파크시티아파트입구,35.18800191,129.0985438,2025-10-31,13169,21,부산광역시,부산BIS
BSB193820101,현대쌍용아파트,35.19316253,129.0681367,2025-10-31,13141,21,부산광역시,부산BIS
BSB193820102,남문초.연제우체국,35.19375579,129.0710052,2025-10-31,13140,21,부산광역시,부산BIS
BSB193820103,현대쌍용아파트,35.19314518,129.0680249,2025-10-31,,21,부산광역시,부산BIS
BSB193820104,남문초.연제우체국,35.19372633,129.0708669,2025-10-31,,21,부산광역시,부산BIS
BSB193820201,창신초등학교,35.19256432,129.066908,2025-10-31,13143,21,부산광역시,부산BIS
BSB193830101,거성교차로.종합운동장역,35.19079457,129.0686887,2025-10-31,13017,21,부산광역시,부산BIS
BSB193830102,법원검찰청,35.18950928,129.0714801,2025-10-31,13016,21,부산광역시,부산BIS
BSB166610201,사직사거리,35.19679386,129.060606,2025-10-31,6124,21,부산광역시,부산BIS
BSB166610202,사직야구장,35.19623931,129.0607446,2025-10-31,6125,21,부산광역시,부산BIS
BSB166610203,사직야구장,35.19632937,129.0607297,2025-10-31,,21,부산광역시,부산BIS
BSB166610301,사직사거리,35.19761739,129.0601307,2025-10-31,6238,21,부산광역시,부산BIS
BSB166610401,사직사거리,35.19844498,129.0603073,2025-10-31,6122,21,부산광역시,부산BIS
BSB166610402,국민시장,35.19867746,129.0602416,2025-10-31,,21,부산광역시,부산BIS
BSB166620101,쌍용예가입구,35.19702366,129.0581233,2025-10-31,6120,21,부산광역시,부산BIS
BSB166620201,쌍용예가입구,35.19680763,129.0575647,2025-10-31,6239,21,부산광역시,부산BIS
BSB166630301,동래역,35.20591291,129.0777783,2025-10-31,6066,21,부산광역시,부산BIS
BSB166640101,금강초등학교,35.20123711,129.0653825,2025-10-31,6095,21,부산광역시,부산BIS
BSB166640102,금강초등학교,35.20083407,129.0651093,2025-10-31,6096,21,부산광역시,부산BIS
BSB166640201,사직역,35.19769823,129.0652208,2025-10-31,6235,21,부산광역시,부산BIS
BSB166640301,사직1동주민센터,35.19889166,129.0619801,2025-10-31,6243,21,부산광역시,부산BIS
BSB166650201,사직야구장,35.1956931,129.0601572,2025-10-31,,21,부산광역시,부산BIS
BSB166660101,여명중학교,35.1958973,129.069993,2025-10-31,6133,21,부산광역시,부산BIS
BSB166660102,여명중학교,35.19585447,129.069803,2025-10-31,,21,부산광역시,부산BIS
BSB166660301,사직운동장,35.19516761,129.0651867,2025-10-31,6126,21,부산광역시,부산BIS
BSB166660303,사직운동장,35.19518337,129.0652763,2025-10-31,,21,부산광역시,부산BIS
BSB166680101,화신아파트,35.20910263,129.0652684,2025-10-31,6221,21,부산광역시,부산BIS
BSB166700301,사직동교회,35.20087828,129.0619014,2025-10-31,,21,부산광역시,부산BIS
BSB166700302,사직시장,35.2016939,129.0628721,2025-10-31,,21,부산광역시,부산BIS
BSB166720401,화신아파트,35.20937262,129.0654263,2025-10-31,6059,21,부산광역시,부산BIS
BSB166720501,화신아파트,35.2105651,129.0659295,2025-10-31,6289,21,부산광역시,부산BIS
BSB166730101,온샘초등학교,35.20965611,129.0704395,2025-10-31,6061,21,부산광역시,부산BIS
BSB166730401,미남교차로,35.20861581,129.070019,2025-10-31,,21,부산광역시,부산BIS
BSB166760401,미남교차로.미남역,35.20605819,129.0681981,2025-10-31,6115,21,부산광역시,부산BIS
BSB166760402,미남역,35.20621234,129.06831,2025-10-31,,21,부산광역시,부산BIS
BSB166770201,미남지하철역,35.20545514,129.0688332,2025-10-31,,21,부산광역시,부산BIS
BSB166770301,미남역.반도스카이뷰,35.20516823,129.0675767,2025-10-31,6092,21,부산광역시,부산BIS
BSB166780101,미남역.반도스카이뷰,35.20542024,129.0682468,2025-10-31,6090,21,부산광역시,부산BIS
BSB166780103,미남역,35.20462219,129.0676907,2025-10-31,,21,부산광역시,부산BIS
BSB166780202,반도보라스카이뷰,35.20402063,129.0673414,2025-10-31,,21,부산광역시,부산BIS
BSB166780203,사직성당,35.20354177,129.0691579,2025-10-31,,21,부산광역시,부산BIS
BSB166780301,반도스카이뷰,35.20343879,129.0664063,2025-10-31,6093,21,부산광역시,부산BIS
BSB166790201,사직성당,35.20218424,129.0692978,2025-10-31,6241,21,부산광역시,부산BIS
BSB166790202,금강시장,35.20199444,129.0693042,2025-10-31,,21,부산광역시,부산BIS
BSB166790301,반도보라스카이뷰,35.20375013,129.0683974,2025-10-31,,21,부산광역시,부산BIS
BSB166800301,금강예식장,35.20858402,129.0681579,2025-10-31,,21,부산광역시,부산BIS
BSB166810301,미남교차로.미남역,35.20747244,129.071166,2025-10-31,6087,21,부산광역시,부산BIS
BSB166820101,온천중학교,35.20333394,129.0590956,2025-10-31,,21,부산광역시,부산BIS
BSB166820201,달북마을,35.20462897,129.0588743,2025-10-31,,21,부산광역시,부산BIS
BSB166830101,백제약국,35.20077004,129.0703166,2025-10-31,,21,부산광역시,부산BIS
BSB166830201,사직동,35.19920788,129.0702992,2025-10-31,6136,21,부산광역시,부산BIS
BSB166830401,사직성당,35.20223528,129.0695688,2025-10-31,6242,21,부산광역시,부산BIS
BSB166830402,금강시장,35.20180997,129.0695851,2025-10-31,,21,부산광역시,부산BIS
BSB166830403,사직성당앞,35.202782,129.0695905,2025-10-31,,21,부산광역시,부산BIS
BSB166840201,동래3차SK뷰,35.21627245,129.0794126,2025-10-31,6026,21,부산광역시,부산BIS
BSB166840202,(구)서울약국,35.21630145,129.0793185,2025-10-31,,21,부산광역시,부산BIS
BSB166840301,온천프라자,35.21531218,129.0773348,2025-10-31,6247,21,부산광역시,부산BIS
BSB166850101,사직운동장,35.19490033,129.0652973,2025-10-31,6113,21,부산광역시,부산BIS
BSB166850102,사직운동장,35.19484678,129.0649709,2025-10-31,,21,부산광역시,부산BIS
BSB166880201,동래한전,35.19648188,129.1044926,2025-10-31,6706,21,부산광역시,부산BIS
BSB166890201,사직실내수영장,35.19296922,129.0643042,2025-10-31,6218,21,부산광역시,부산BIS
BSB166900101,광혜병원.미남역,35.20702715,129.0713982,2025-10-31,6088,21,부산광역시,부산BIS
BSB166950201,동래한전,35.19728856,129.1042127,2025-10-31,6176,21,부산광역시,부산BIS
BSB167000101,안락2동주민센터,35.19728785,129.1091849,2025-10-31,6183,21,부산광역시,부산BIS
BSB167020101,뜨란채아파트,35.19398182,129.1087502,2025-10-31,6226,21,부산광역시,부산BIS
BSB167020201,안락중학교후문,35.1918492,129.1087819,2025-10-31,,21,부산광역시,부산BIS
BSB167020301,안남초등학교,35.19197542,129.1072768,2025-10-31,6100,21,부산광역시,부산BIS
BSB167020302,안남초등학교,35.19190614,129.1072351,2025-10-31,,21,부산광역시,부산BIS
BSB167030101,안락뜨란채아파트205동,35.1916252,129.1103842,2025-10-31,,21,부산광역시,부산BIS
BSB167030301,안락중학교후문,35.19206235,129.1087518,2025-10-31,,21,부산광역시,부산BIS
BSB167040301,안락뜨란채아파트205동,35.19170347,129.1102012,2025-10-31,,21,부산광역시,부산BIS
BSB167080101,동래시장,35.20428733,129.0867211,2025-10-31,,21,부산광역시,부산BIS
BSB167140101,동래우체국,35.20972695,129.0825849,2025-10-31,6041,21,부산광역시,부산BIS
BSB167140102,명륜초등학교,35.20888918,129.082436,2025-10-31,6042,21,부산광역시,부산BIS
BSB167140103,동래우체국,35.20896594,129.0824406,2025-10-31,,21,부산광역시,부산BIS
BSB167150201,"현대아파트, 명륜아이파크",35.20698738,129.0845747,2025-10-31,,21,부산광역시,부산BIS
BSB167150202,복산동주민센터,35.20575931,129.0857467,2025-10-31,,21,부산광역시,부산BIS
BSB167150301,"명륜초등학교, 동래향교",35.20753053,129.0832404,2025-10-31,,21,부산광역시,부산BIS
BSB167190201,협진아파트,35.208322,129.1025617,2025-10-31,,21,부산광역시,부산BIS
BSB167200201,명장2동주민센터,35.20824907,129.1024042,2025-10-31,,21,부산광역시,부산BIS
BSB167210101,학산여자고등학교,35.20697378,129.0953093,2025-10-31,,21,부산광역시,부산BIS
BSB167240101,동래교육청후문,35.20478482,129.0888794,2025-10-31,,21,부산광역시,부산BIS
BSB167240102,동호탕,35.20551062,129.0902345,2025-10-31,,21,부산광역시,부산BIS
BSB167240103,한국상사,35.20624711,129.0913986,2025-10-31,,21,부산광역시,부산BIS
BSB167240301,동래시장,35.20438213,129.0871588,2025-10-31,,21,부산광역시,부산BIS
BSB167300101,사직야구장,35.19543341,129.0603928,2025-10-31,6240,21,부산광역시,부산BIS
BSB167300102,사직야구장,35.19547777,129.0605791,2025-10-31,,21,부산광역시,부산BIS
BSB167310101,동래전화국,35.20319491,129.0839621,2025-10-31,,21,부산광역시,부산BIS
BSB167320101,동래구청,35.20455701,129.0841636,2025-10-31,,21,부산광역시,부산BIS
BSB167330201,대동병원,35.20436083,129.0797449,2025-10-31,,21,부산광역시,부산BIS
BSB167360101,명륜자이아파트,35.20807155,129.0815615,2025-10-31,6224,21,부산광역시,부산BIS
BSB167360102,명륜교차로.명륜자이아파트,35.20827664,129.0814519,2025-10-31,,21,부산광역시,부산BIS
BSB167360301,동래중학교,35.21031522,129.0800298,2025-10-31,,21,부산광역시,부산BIS
BSB167360302,명륜역입구,35.21102687,129.0794357,2025-10-31,,21,부산광역시,부산BIS
BSB167380101,남일중학교,35.19245328,129.1120821,2025-10-31,,21,부산광역시,부산BIS
BSB167390101,남일중학교,35.19233909,129.1123801,2025-10-31,,21,부산광역시,부산BIS
BSB167430101,메가마트동래점후문,35.20518915,129.0807895,2025-10-31,,21,부산광역시,부산BIS
BSB167450201,메가마트동래점,35.20539056,129.0812169,2025-10-31,,21,부산광역시,부산BIS
BSB167470101,금정산약수터,35.21196504,129.0577954,2025-10-31,,21,부산광역시,부산BIS
BSB167480101,금정산약수터,35.21197133,129.0579408,2025-10-31,,21,부산광역시,부산BIS
BSB167480201,무량수요양원,35.21237383,129.0614579,2025-10-31,,21,부산광역시,부산BIS
BSB167480202,온천슈퍼,35.21227311,129.0636761,2025-10-31,,21,부산광역시,부산BIS
BSB167480203,원광사,35.21220764,129.0599067,2025-10-31,,21,부산광역시,부산BIS
BSB167480204,진양집,35.21196904,129.0588807,2025-10-31,,21,부산광역시,부산BIS
BSB167490201,금솔장,35.21240128,129.061695,2025-10-31,,21,부산광역시,부산BIS
BSB175120202,금사회동동주민센터,35.21838991,129.1111164,2025-10-31,11150,21,부산광역시,부산BIS
BSB175130101,태광인력개발원,35.2532275,129.0846985,2025-10-31,,21,부산광역시,부산BIS
BSB175130102,우성아파트3동,35.2542222,129.0850207,2025-10-31,,21,부산광역시,부산BIS
BSB175150301,두구동 입구,35.29743208,129.1028317,2025-10-31,11002,21,부산광역시,부산BIS
BSB175150302,두구동 입구,35.29757267,129.1029114,2025-10-31,,21,부산광역시,부산BIS
BSB175160201,영천초등학교,35.31137974,129.1114209,2025-10-31,52004,21,부산광역시,부산BIS
BSB175210201,신동아아파트,35.25561837,129.0876166,2025-10-31,11048,21,부산광역시,부산BIS
BSB175210202,신동아아파트,35.25693015,129.0876334,2025-10-31,,21,부산광역시,부산BIS
BSB175210203,선경1차우성아파트,35.2550199,129.0876228,2025-10-31,,21,부산광역시,부산BIS
BSB175210401,선경3차아파트,35.25870048,129.0878193,2025-10-31,11046,21,부산광역시,부산BIS
BSB175220101,금정체육공원입구,35.29154337,129.0988819,2025-10-31,11004,21,부산광역시,부산BIS
BSB175220102,부산컨트리입구,35.29146065,129.0988041,2025-10-31,,21,부산광역시,부산BIS
BSB175240101,침례병원.남산역,35.26590588,129.0935305,2025-10-31,,21,부산광역시,부산BIS
BSB175250301,침례병원.남산역,35.26562892,129.0939422,2025-10-31,,21,부산광역시,부산BIS
BSB175290201,범어사입구,35.27489224,129.0904428,2025-10-31,11011,21,부산광역시,부산BIS
BSB175290202,비아이마트,35.27527557,129.0903487,2025-10-31,,21,부산광역시,부산BIS
BSB175290301,범어사입구,35.27565859,129.0896311,2025-10-31,11012,21,부산광역시,부산BIS
BSB175290401,범어사입구사거리,35.27585082,129.0903536,2025-10-31,,21,부산광역시,부산BIS
BSB175300101,부산산업보건센터,35.27499835,129.0928107,2025-10-31,11056,21,부산광역시,부산BIS
BSB175320101,두구동 입구,35.29749672,129.1032679,2025-10-31,11003,21,부산광역시,부산BIS
BSB175320102,두구동 입구,35.29740962,129.1032301,2025-10-31,,21,부산광역시,부산BIS
BSB175320301,금정체육공원입구,35.29175622,129.0986585,2025-10-31,11005,21,부산광역시,부산BIS
BSB175320302,부산컨트리입구,35.29168711,129.0985688,2025-10-31,,21,부산광역시,부산BIS
BSB175330201,선두구동목욕탕,35.28785908,129.1077752,2025-10-31,,21,부산광역시,부산BIS
BSB175340101,신천,35.27631054,129.1112354,2025-10-31,,21,부산광역시,부산BIS
BSB175360201,장전역,35.23831123,129.0877018,2025-10-31,11249,21,부산광역시,부산BIS
BSB175380302,구서1동행정복지센터,35.24487741,129.0883089,2025-10-31,11063,21,부산광역시,부산BIS
BSB175400101,윤산터널입구,35.24042636,129.0928928,2025-10-31,11069,21,부산광역시,부산BIS
BSB175400201,윤산터널입구,35.23811074,129.0921046,2025-10-31,11070,21,부산광역시,부산BIS
BSB175400202,롯데마트,35.23896151,129.0922358,2025-10-31,,21,부산광역시,부산BIS
BSB175400302,롯데마트,35.23950094,129.0918683,2025-10-31,,21,부산광역시,부산BIS
BSB175420101,금정문화회관,35.24551543,129.0947239,2025-10-31,11264,21,부산광역시,부산BIS
BSB175420103,동래여자고등학교,35.24627479,129.0957139,2025-10-31,,21,부산광역시,부산BIS
BSB175420201,㈜세정,35.24333166,129.0939068,2025-10-31,,21,부산광역시,부산BIS
BSB175420202,GS슈퍼(금정구청),35.24349726,129.0938917,2025-10-31,,21,부산광역시,부산BIS
BSB175440101,구서역,35.24755824,129.0915429,2025-10-31,,21,부산광역시,부산BIS
BSB175440102,구서역,35.24679074,129.0915085,2025-10-31,,21,부산광역시,부산BIS
BSB175440201,구서역,35.24656973,129.0915932,2025-10-31,,21,부산광역시,부산BIS
BSB175450301,구서역.금정경찰서,35.24577155,129.092245,2025-10-31,11060,21,부산광역시,부산BIS
BSB175470101,구서1동행정복지센터,35.24497989,129.088667,2025-10-31,11064,21,부산광역시,부산BIS
BSB175470102,구서역.구서시장,35.2463448,129.0889044,2025-10-31,11061,21,부산광역시,부산BIS
BSB175470301,금정산쌍용예가.구서SK뷰,35.24304305,129.08667,2025-10-31,11065,21,부산광역시,부산BIS
BSB175470302,장전초등학교,35.23955761,129.0863126,2025-10-31,11073,21,부산광역시,부산BIS
BSB175480101,동래초등학교,35.24774596,129.0973555,2025-10-31,11266,21,부산광역시,부산BIS
BSB175480102,태평양아파트,35.24860256,129.0977258,2025-10-31,,21,부산광역시,부산BIS
BSB175480103,동래초등학교,35.24780343,129.0974232,2025-10-31,,21,부산광역시,부산BIS
BSB175480302,금정문화회관,35.24568637,129.0945263,2025-10-31,11265,21,부산광역시,부산BIS
BSB175480304,동래여자고등학교,35.24669542,129.0958465,2025-10-31,,21,부산광역시,부산BIS
BSB175480305,금정문화회관,35.24574344,129.0946129,2025-10-31,,21,부산광역시,부산BIS
BSB175490101,동상초등학교.서동역,35.21250686,129.1071317,2025-10-31,11136,21,부산광역시,부산BIS
BSB175490201,협진태양맨션,35.21020899,129.1045148,2025-10-31,6204,21,부산광역시,부산BIS
BSB175490301,서동입구,35.21084915,129.1047096,2025-10-31,11135,21,부산광역시,부산BIS
BSB175510201,내성고등학교,35.2197908,129.0923997,2025-10-31,11122,21,부산광역시,부산BIS
BSB175510202,동현초등학교,35.22182059,129.0909533,2025-10-31,11107,21,부산광역시,부산BIS
BSB175520201,금사중학입구,35.21754369,129.1096001,2025-10-31,11148,21,부산광역시,부산BIS
BSB175520301,농협,35.21790989,129.1094336,2025-10-31,,21,부산광역시,부산BIS
BSB175520302,서3동주민센터,35.2157429,129.10689,2025-10-31,,21,부산광역시,부산BIS
BSB175530301,금사시장,35.22003076,129.1114058,2025-10-31,11152,21,부산광역시,부산BIS
BSB175530302,기업은행,35.22224495,129.1130779,2025-10-31,,21,부산광역시,부산BIS
BSB175530303,금사회동동행정복지센터,35.2199157,129.1113049,2025-10-31,,21,부산광역시,부산BIS
BSB175540201,중소기업은행,35.22230693,129.1131185,2025-10-31,11153,21,부산광역시,부산BIS
BSB175540301,누가병원,35.22352834,129.1133778,2025-10-31,,21,부산광역시,부산BIS
BSB175550201,세웅병원,35.21480423,129.1042788,2025-10-31,11133,21,부산광역시,부산BIS
BSB175550202,세웅병원정문,35.21476663,129.1045016,2025-10-31,,21,부산광역시,부산BIS
BSB175550203,서동농협,35.21489857,129.1035785,2025-10-31,,21,부산광역시,부산BIS
BSB175560301,부산은행,35.21434217,129.1060818,2025-10-31,11138,21,부산광역시,부산BIS
BSB175570201,부산예원고등학교,35.22495136,129.1152849,2025-10-31,11156,21,부산광역시,부산BIS
BSB175570202,예원여자고등학교,35.22512813,129.1155316,2025-10-31,,21,부산광역시,부산BIS
BSB175600301,부곡시장,35.22596783,129.0916771,2025-10-31,11109,21,부산광역시,부산BIS
BSB175610201,금정세무서,35.23003453,129.0922059,2025-10-31,11172,21,부산광역시,부산BIS
BSB175610401,금정세무서,35.23157984,129.092101,2025-10-31,11114,21,부산광역시,부산BIS
BSB175620101,부산대학교정문,35.23236166,129.0869587,2025-10-31,11080,21,부산광역시,부산BIS
BSB175620102,부산대학교정문,35.23214383,129.0869001,2025-10-31,11081,21,부산광역시,부산BIS
BSB175620201,부산대역,35.23104002,129.0878109,2025-10-31,11082,21,부산광역시,부산BIS
BSB175620401,부산은행,35.23144217,129.0857443,2025-10-31,,21,부산광역시,부산BIS
BSB175630101,부산대앞부산은행,35.23049607,129.0865257,2025-10-31,11083,21,부산광역시,부산BIS
BSB175630301,금정초등학교,35.22674116,129.0856837,2025-10-31,11091,21,부산광역시,부산BIS
BSB175640101,(구)장전1치안센터,35.23570123,129.0877381,2025-10-31,11076,21,부산광역시,부산BIS
BSB175640201,부산대학교정문,35.23226003,129.0866581,2025-10-31,11251,21,부산광역시,부산BIS
BSB175650101,화목타운,35.22473833,129.0843717,2025-10-31,11099,21,부산광역시,부산BIS
BSB175660301,금정초등학교,35.22701932,129.0828894,2025-10-31,11093,21,부산광역시,부산BIS
BSB175670101,금정초등학교,35.2268854,129.0830351,2025-10-31,11092,21,부산광역시,부산BIS
BSB175670401,장전SK뷰아파트104동,35.22568606,129.0814347,2025-10-31,,21,부산광역시,부산BIS
BSB175680201,우신아파트,35.23403031,129.0897658,2025-10-31,,21,부산광역시,부산BIS
BSB175680301,한신아파트,35.23569493,129.0894448,2025-10-31,,21,부산광역시,부산BIS
BSB175690101,우신아파트,35.23402376,129.0899726,2025-10-31,,21,부산광역시,부산BIS
BSB175690301,대우아파트후문,35.23259062,129.0894366,2025-10-31,,21,부산광역시,부산BIS
BSB175700301,욱성화학(주),35.22684807,129.1179509,2025-10-31,11157,21,부산광역시,부산BIS
BSB175710101,부산대역,35.22876967,129.0892784,2025-10-31,,21,부산광역시,부산BIS
BSB175730301,온천장역,35.22162427,129.0874683,2025-10-31,,21,부산광역시,부산BIS
BSB175740201,서동,35.21818152,129.0958182,2025-10-31,,21,부산광역시,부산BIS
BSB175740301,뉴그린108동,35.22075899,129.09481,2025-10-31,,21,부산광역시,부산BIS
BSB175750101,서곡초등학교,35.21859895,129.1051803,2025-10-31,,21,부산광역시,부산BIS
BSB175750102,금사중학교,35.21997663,129.1069007,2025-10-31,,21,부산광역시,부산BIS
BSB175750103,금정전자공업고등학교,35.2208346,129.1083319,2025-10-31,,21,부산광역시,부산BIS
BSB175750104,부산경호고등학교,35.22131251,129.1100366,2025-10-31,,21,부산광역시,부산BIS
BSB175750201,서3동주민센터,35.2181772,129.1037297,2025-10-31,,21,부산광역시,부산BIS
BSB183030201,수정역,35.22275024,129.0087216,2025-10-31,8025,21,부산광역시,부산BIS
BSB183030202,수정강변타운후문,35.22098246,129.0079719,2025-10-31,,21,부산광역시,부산BIS
BSB183030203,수정역,35.22305722,129.0088375,2025-10-31,,21,부산광역시,부산BIS
BSB183040201,북구보건소,35.23905286,129.0138677,2025-10-31,,21,부산광역시,부산BIS
BSB183050101,북구보건소.인도네시아센터,35.23916718,129.0142711,2025-10-31,8046,21,부산광역시,부산BIS
BSB183050102,북구보건소,35.2389865,129.0142631,2025-10-31,,21,부산광역시,부산BIS
BSB183050201,북구보건소,35.23898041,129.0150345,2025-10-31,8045,21,부산광역시,부산BIS
BSB183050202,푸르지오헤리센트아파트,35.23991591,129.0169902,2025-10-31,,21,부산광역시,부산BIS
BSB183050203,장원아파트,35.24154503,129.0199142,2025-10-31,8044,21,부산광역시,부산BIS
BSB183050204,대천리중학교,35.24149477,129.0222654,2025-10-31,8042,21,부산광역시,부산BIS
BSB183050205,푸르지오헤리센트,35.23984766,129.0168674,2025-10-31,,21,부산광역시,부산BIS
BSB183050206,금화횟집,35.24060442,129.0181971,2025-10-31,,21,부산광역시,부산BIS
BSB183050207,장원아파트,35.24162522,129.0201117,2025-10-31,,21,부산광역시,부산BIS
BSB183050208,그린숲속아파트,35.24145736,129.0218476,2025-10-31,,21,부산광역시,부산BIS
BSB183050209,북구보건소,35.23888669,129.0147432,2025-10-31,,21,부산광역시,부산BIS
BSB183050301,화신중학교.화명역,35.23714565,129.0137464,2025-10-31,8047,21,부산광역시,부산BIS
BSB183050302,화신중학교,35.23813154,129.0138146,2025-10-31,,21,부산광역시,부산BIS
BSB183050303,화명역,35.23605418,129.013669,2025-10-31,,21,부산광역시,부산BIS
BSB183060101,청우파크,35.20968678,129.0160989,2025-10-31,8172,21,부산광역시,부산BIS
BSB183060102,덕천주공아파트,35.20900032,129.0132877,2025-10-31,8173,21,부산광역시,부산BIS
BSB183060103,양천초등학교,35.21053146,129.0194662,2025-10-31,8169,21,부산광역시,부산BIS
BSB183060104,덕천3동주민센터,35.21009791,129.0177419,2025-10-31,,21,부산광역시,부산BIS
BSB183060105,덕천주공아파트,35.20896595,129.0132011,2025-10-31,,21,부산광역시,부산BIS
BSB183060106,양천초등학교,35.21046532,129.0192169,2025-10-31,,21,부산광역시,부산BIS
BSB183060107,청우파크맨션,35.20949215,129.0152661,2025-10-31,,21,부산광역시,부산BIS
BSB183070101,대림쌍용아파트,35.22489938,129.0081963,2025-10-31,,21,부산광역시,부산BIS
BSB183070102,현대아파트,35.22752258,129.0096939,2025-10-31,,21,부산광역시,부산BIS
BSB183070401,한국방송통신대학교,35.2241159,129.0071508,2025-10-31,,21,부산광역시,부산BIS
BSB183100101,구포시장남문.반도유보라아파트,35.20463733,129.0030119,2025-10-31,8098,21,부산광역시,부산BIS
BSB183100301,구포초등학교,35.20394559,129.0002949,2025-10-31,8096,21,부산광역시,부산BIS
BSB183100302,구명역,35.20246068,128.9990339,2025-10-31,8093,21,부산광역시,부산BIS
BSB183120201,구포시장남문.반도유보라아파트,35.20490938,129.0028892,2025-10-31,8099,21,부산광역시,부산BIS
BSB183130201,덕천교차로,35.20852443,129.0050244,2025-10-31,8117,21,부산광역시,부산BIS
BSB183140101,구포시장종점,35.21049041,129.0030615,2025-10-31,8066,21,부산광역시,부산BIS
BSB183140102,구포시장,35.2100396,129.0028047,2025-10-31,,21,부산광역시,부산BIS
BSB183140201,구포시장,35.20952561,129.0032192,2025-10-31,8013,21,부산광역시,부산BIS
BSB183140202,구포시장,35.20953029,129.0030035,2025-10-31,88001,21,부산광역시,부산BIS
BSB183140301,구포종점,35.20959168,129.0007377,2025-10-31,,21,부산광역시,부산BIS
BSB183160201,화명유림아파트,35.2351255,129.0195525,2025-10-31,,21,부산광역시,부산BIS
BSB183190201,금수선사,35.19583689,129.0146458,2025-10-31,8106,21,부산광역시,부산BIS
BSB183210101,태평양아파트,35.19597426,129.0127503,2025-10-31,8104,21,부산광역시,부산BIS
BSB183220201,포천삼거리,35.19704216,129.0066067,2025-10-31,8102,21,부산광역시,부산BIS
BSB183220202,포천삼거리,35.19696666,129.0065703,2025-10-31,,21,부산광역시,부산BIS
BSB183230301,부산솔로몬로파크,35.19891513,129.0054133,2025-10-31,,21,부산광역시,부산BIS
BSB183230401,태양탕,35.19971465,129.0056606,2025-10-31,8112,21,부산광역시,부산BIS
BSB183230402,구포대진아파트,35.20217089,129.0047132,2025-10-31,8113,21,부산광역시,부산BIS
BSB183230403,구포대진아파트,35.20224939,129.0046884,2025-10-31,,21,부산광역시,부산BIS
BSB183230404,태양탕,35.19963745,129.0056891,2025-10-31,,21,부산광역시,부산BIS
BSB183240101,포천삼거리,35.19702788,129.0067971,2025-10-31,8110,21,부산광역시,부산BIS
BSB183250101,부산과학기술대학교,35.19493242,129.0067413,2025-10-31,8103,21,부산광역시,부산BIS
BSB183250102,부산과학기술대학교,35.19485497,129.0067489,2025-10-31,,21,부산광역시,부산BIS
BSB183260301,부산과학기술대학교,35.19539811,129.0067661,2025-10-31,8109,21,부산광역시,부산BIS
BSB183280101,구포3동주민센터,35.19503059,129.0087127,2025-10-31,8018,21,부산광역시,부산BIS
BSB183280102,포천초교.태경해피타운,35.195233,129.0105803,2025-10-31,8184,21,부산광역시,부산BIS
BSB183280103,구포3동주민센터,35.1950779,129.0088905,2025-10-31,,21,부산광역시,부산BIS
BSB183280104,포천초등학교,35.19530201,129.0098426,2025-10-31,,21,부산광역시,부산BIS
BSB183280201,구포3동주민센터,35.19517086,129.0086527,2025-10-31,8019,21,부산광역시,부산BIS
BSB183290101,덕천교차로,35.20847841,129.0053738,2025-10-31,8118,21,부산광역시,부산BIS
BSB183290102,덕천교차로,35.20863285,129.0054103,2025-10-31,88003,21,부산광역시,부산BIS
BSB183290301,덕천교차로,35.20818742,129.0049368,2025-10-31,88002,21,부산광역시,부산BIS
BSB183320101,신만덕,35.20604167,129.0405633,2025-10-31,8157,21,부산광역시,부산BIS
BSB183330101,백운공원,35.20728242,129.0419209,2025-10-31,8158,21,부산광역시,부산BIS
BSB183330102,백양산베스티움에코포레,35.20682083,129.0415357,2025-10-31,,21,부산광역시,부산BIS
BSB183330201,신만덕,35.20588,129.0404,2025-10-31,,21,부산광역시,부산BIS
BSB183340201,관음사,35.20756428,129.0435716,2025-10-31,,21,부산광역시,부산BIS
BSB183370201,백양중학교,35.20825464,129.0419274,2025-10-31,8159,21,부산광역시,부산BIS
BSB183390101,백양중학교,35.20808255,129.0413621,2025-10-31,,21,부산광역시,부산BIS
BSB183430101,새만덕식당,35.20809922,129.0389083,2025-10-31,,21,부산광역시,부산BIS
BSB183450101,구남시장,35.20056414,128.9979518,2025-10-31,8091,21,부산광역시,부산BIS
BSB183450102,구남시장,35.20045147,128.9978812,2025-10-31,88010,21,부산광역시,부산BIS
BSB183450301,구남역.구남중학교,35.1971033,128.9949488,2025-10-31,8088,21,부산광역시,부산BIS
BSB183450302,백양고입구,35.19898837,128.9963279,2025-10-31,8089,21,부산광역시,부산BIS
BSB183450303,구남역,35.19704915,128.9948996,2025-10-31,88007,21,부산광역시,부산BIS
BSB183450304,백양고입구,35.19891464,128.9962626,2025-10-31,88006,21,부산광역시,부산BIS
BSB183460101,백양고교,35.19702673,128.9975484,2025-10-31,8194,21,부산광역시,부산BIS
BSB183480101,만덕도서관,35.2072838,129.037908,2025-10-31,,21,부산광역시,부산BIS
BSB183480102,예림슈퍼,35.20680434,129.0384367,2025-10-31,,21,부산광역시,부산BIS
BSB183500101,일동아파트,35.20563698,129.0400726,2025-10-31,,21,부산광역시,부산BIS
BSB183510201,구포시장,35.20968489,129.0031188,2025-10-31,8067,21,부산광역시,부산BIS
BSB183510202,구포시장,35.2095693,129.0029736,2025-10-31,88013,21,부산광역시,부산BIS
BSB183670101,메가마트,35.21353125,129.021653,2025-10-31,,21,부산광역시,부산BIS
BSB183690101,도개공아파트110동,35.21688216,129.0203302,2025-10-31,,21,부산광역시,부산BIS
BSB183690102,도개공아파트116동,35.21799148,129.0204795,2025-10-31,,21,부산광역시,부산BIS
BSB183690103,화인유통,35.21617078,129.02113,2025-10-31,,21,부산광역시,부산BIS
BSB183700101,유림아파트.부산학생예술문화회관,35.19751138,129.0033341,2025-10-31,8203,21,부산광역시,부산BIS
BSB183700102,유림아파트상가,35.19744865,129.0032164,2025-10-31,,21,부산광역시,부산BIS
BSB183700201,부산학생예술문화회관.유림아파트,35.19790119,129.0032678,2025-10-31,8191,21,부산광역시,부산BIS
BSB183710101,유림아파트입구,35.1986465,129.0049489,2025-10-31,,21,부산광역시,부산BIS
BSB183720301,부산솔로몬로파크,35.19887826,129.004092,2025-10-31,8190,21,부산광역시,부산BIS
BSB183750201,동성아파트상가,35.19858954,129.0076249,2025-10-31,,21,부산광역시,부산BIS
BSB183790201,한국빌라,35.19822068,129.0091478,2025-10-31,,21,부산광역시,부산BIS
BSB183810201,구포대우아파트,35.19761663,129.0104942,2025-10-31,,21,부산광역시,부산BIS
BSB183830201,청송빌라,35.19701407,129.0118648,2025-10-31,,21,부산광역시,부산BIS
BSB183880201,유림아파트,35.20916146,129.0415128,2025-10-31,,21,부산광역시,부산BIS
BSB193830201,거성교차로.종합운동장역,35.18992753,129.0676271,2025-10-31,13021,21,부산광역시,부산BIS
BSB193830301,종합운동장역,35.19102048,129.066732,2025-10-31,,21,부산광역시,부산BIS
BSB193830401,창신초등학교.종합운동장역,35.19244804,129.0673839,2025-10-31,13019,21,부산광역시,부산BIS
BSB193840102,법원검찰청.거제역,35.18919365,129.0752956,2025-10-31,13012,21,부산광역시,부산BIS
BSB193840201,거제역,35.18803579,129.0750904,2025-10-31,13153,21,부산광역시,부산BIS
BSB193840301,경남아파트,35.1867945,129.0719909,2025-10-31,13026,21,부산광역시,부산BIS
BSB193840401,동해선거제역,35.1891764,129.073029,2025-10-31,13014,21,부산광역시,부산BIS
BSB193850101,거제리안동네,35.18749934,129.068925,2025-10-31,13023,21,부산광역시,부산BIS
BSB193850102,거제교회,35.18597459,129.0703542,2025-10-31,13025,21,부산광역시,부산BIS
BSB193850103,화랑아파트,35.18729973,129.0691193,2025-10-31,,21,부산광역시,부산BIS
BSB193850104,쌍용더플래티넘거제아시아드,35.1863973,129.0699656,2025-10-31,,21,부산광역시,부산BIS
BSB193850201,레이카운티2단지,35.18803202,129.0678599,2025-10-31,,21,부산광역시,부산BIS
BSB193850301,거제리안동네,35.18861714,129.068349,2025-10-31,13022,21,부산광역시,부산BIS
BSB193850302,거성교차로,35.189834,129.0679846,2025-10-31,13020,21,부산광역시,부산BIS
BSB193860301,거제교회,35.18653994,129.0702718,2025-10-31,13024,21,부산광역시,부산BIS
BSB193860302,대우아파트,35.1871223,129.0697336,2025-10-31,,21,부산광역시,부산BIS
BSB193870101,경남아파트,35.18622136,129.0722243,2025-10-31,13028,21,부산광역시,부산BIS
BSB193870102,경남아파트,35.18652495,129.0724725,2025-10-31,13027,21,부산광역시,부산BIS
BSB193880201,동해선거제역,35.18911381,129.0722972,2025-10-31,13015,21,부산광역시,부산BIS
BSB193880301,법원검찰청,35.19019015,129.0708907,2025-10-31,13018,21,부산광역시,부산BIS
BSB193890101,신리삼거리,35.17433511,129.088202,2025-10-31,13103,21,부산광역시,부산BIS
BSB193890301,신리삼거리,35.17465658,129.0876138,2025-10-31,13101,21,부산광역시,부산BIS
BSB193900201,망미주공아파트,35.18079918,129.1069825,2025-10-31,13086,21,부산광역시,부산BIS
BSB193920201,배산역,35.17341347,129.0952417,2025-10-31,13094,21,부산광역시,부산BIS
BSB193920202,연산3동새마을금고.연제만화도서관,35.17369038,129.0932119,2025-10-31,,21,부산광역시,부산BIS
BSB193930101,한독아파트,35.17397122,129.09108,2025-10-31,13097,21,부산광역시,부산BIS
BSB193930102,한독아파트,35.17393455,129.0913593,2025-10-31,13098,21,부산광역시,부산BIS
BSB193930201,연제구사회복지관,35.17270742,129.0883864,2025-10-31,,21,부산광역시,부산BIS
BSB193930202,힐스테이트2차상가앞,35.17210381,129.0881291,2025-10-31,,21,부산광역시,부산BIS
BSB193930203,한독아파트,35.17344961,129.0893485,2025-10-31,,21,부산광역시,부산BIS
BSB193930301,한독아파트,35.1741522,129.0911734,2025-10-31,13100,21,부산광역시,부산BIS
BSB193950201,동서그린아파트,35.1819225,129.1023563,2025-10-31,,21,부산광역시,부산BIS
BSB193950202,동암학교,35.18111115,129.102567,2025-10-31,,21,부산광역시,부산BIS
BSB193960301,엘지아파트,35.18430975,129.104216,2025-10-31,,21,부산광역시,부산BIS
BSB193960302,연제경찰서,35.18245576,129.1042296,2025-10-31,,21,부산광역시,부산BIS
BSB193990203,시청역,35.17999544,129.0765507,2025-10-31,,21,부산광역시,부산BIS
BSB194000101,시청역,35.17974664,129.0769682,2025-10-31,,21,부산광역시,부산BIS
BSB194000102,시청역,35.17957376,129.076732,2025-10-31,,21,부산광역시,부산BIS
BSB194000201,부산지방노동청.국세청,35.17634505,129.0776437,2025-10-31,13041,21,부산광역시,부산BIS
BSB194000302,부산지방경찰청,35.17844476,129.0753459,2025-10-31,,21,부산광역시,부산BIS
BSB194020102,동명초등학교,35.17679143,129.089546,2025-10-31,,21,부산광역시,부산BIS
BSB194020103,연미시장입구,35.17466788,129.0920604,2025-10-31,,21,부산광역시,부산BIS
BSB194020104,연제고등학교,35.17597926,129.0904968,2025-10-31,,21,부산광역시,부산BIS
BSB194020105,연제중학교,35.17830419,129.0891438,2025-10-31,,21,부산광역시,부산BIS
BSB194040101,곰두리스포츠센터,35.18445282,129.0667904,2025-10-31,,21,부산광역시,부산BIS
BSB194040103,레이카운티4단지,35.18554084,129.0668717,2025-10-31,,21,부산광역시,부산BIS
BSB194040104,만수사,35.18243204,129.0651552,2025-10-31,,21,부산광역시,부산BIS
BSB194040105,청구아파트,35.18309562,129.0658913,2025-10-31,,21,부산광역시,부산BIS
BSB194040302,거제여중입구,35.18720116,129.0664515,2025-10-31,,21,부산광역시,부산BIS
BSB194050102,레이카운티2단지,35.18790521,129.0679866,2025-10-31,,21,부산광역시,부산BIS
BSB194060101,거제시장,35.18154401,129.0730858,2025-10-31,,21,부산광역시,부산BIS
BSB194060401,거제청과시장,35.18103195,129.0719113,2025-10-31,,21,부산광역시,부산BIS
BSB194060402,거제3동새마을금고,35.18267549,129.0710583,2025-10-31,,21,부산광역시,부산BIS
BSB194080401,시청공원,35.17972886,129.0724858,2025-10-31,,21,부산광역시,부산BIS
BSB194110101,연산전화국,35.17397281,129.0797353,2025-10-31,,21,부산광역시,부산BIS
BSB194110201,양정포레힐즈스위첸,35.17343888,129.0779671,2025-10-31,,21,부산광역시,부산BIS
BSB194110202,연산전화국,35.17412724,129.0795952,2025-10-31,,21,부산광역시,부산BIS
BSB194120201,새마을금고,35.17480335,129.0819324,2025-10-31,,21,부산광역시,부산BIS
BSB194120202,연제도서관,35.17395362,129.0825707,2025-10-31,,21,부산광역시,부산BIS
BSB194120301,이마트연제점,35.17498556,129.0813618,2025-10-31,,21,부산광역시,부산BIS
BSB194140201,연산더샵아파트정문앞,35.17273455,129.0834926,2025-10-31,,21,부산광역시,부산BIS
BSB194140301,연제도서관,35.17401646,129.082703,2025-10-31,,21,부산광역시,부산BIS
BSB194150201,삼일아파트,35.17965859,129.0817089,2025-10-31,,21,부산광역시,부산BIS
BSB194150202,연산2동사무소,35.18031451,129.0808312,2025-10-31,,21,부산광역시,부산BIS
BSB194150203,연산시장,35.17624128,129.0837137,2025-10-31,,21,부산광역시,부산BIS
BSB194150204,연산초등학교후문,35.17774869,129.0828325,2025-10-31,,21,부산광역시,부산BIS
BSB194150401,보성아파트,35.18108185,129.0808931,2025-10-31,,21,부산광역시,부산BIS
BSB194150402,태경빌라,35.18080497,129.083076,2025-10-31,,21,부산광역시,부산BIS
BSB194160101,연산초등학교,35.18001273,129.0841757,2025-10-31,13114,21,부산광역시,부산BIS
BSB194160102,롯데데시앙정문,35.17962564,129.0843384,2025-10-31,,21,부산광역시,부산BIS
BSB194160103,연산초등학교,35.17863196,129.0847523,2025-10-31,,21,부산광역시,부산BIS
BSB194160301,반도보라아파트,35.18381135,129.0829971,2025-10-31,13116,21,부산광역시,부산BIS
BSB194160302,반도보라아파트,35.18309712,129.0832978,2025-10-31,,21,부산광역시,부산BIS
BSB194160303,케이티앤지부산본부,35.1815179,129.0839489,2025-10-31,,21,부산광역시,부산BIS
BSB194170201,연제구사회복지관,35.17262666,129.08851,2025-10-31,,21,부산광역시,부산BIS
BSB194170202,힐스테이트2차상가앞,35.17194694,129.0882025,2025-10-31,,21,부산광역시,부산BIS
BSB194170203,한독아파트,35.17336599,129.0894945,2025-10-31,,21,부산광역시,부산BIS
BSB194170301,회전교차로,35.17187803,129.0870637,2025-10-31,,21,부산광역시,부산BIS
BSB194240101,법원검찰청정문,35.19083614,129.0734197,2025-10-31,13129,21,부산광역시,부산BIS
BSB194250301,법원검찰청정문,35.19108463,129.0733134,2025-10-31,13128,21,부산광역시,부산BIS
BSB194360301,법원후문,35.19319184,129.0744648,2025-10-31,13127,21,부산광역시,부산BIS
BSB194360302,거제리대조연립,35.19395661,129.0733257,2025-10-31,13124,21,부산광역시,부산BIS
BSB194370101,거제리대조연립,35.19394238,129.0727146,2025-10-31,13125,21,부산광역시,부산BIS
BSB194370102,법원후문,35.19294782,129.0744157,2025-10-31,13126,21,부산광역시,부산BIS
BSB194370201,남문초.연제우체국,35.19391494,129.0707073,2025-10-31,13135,21,부산광역시,부산BIS
BSB194370202,현대쌍용아파트,35.19340264,129.068199,2025-10-31,13136,21,부산광역시,부산BIS
BSB194370203,남문초.연제우체국,35.19394475,129.0708425,2025-10-31,,21,부산광역시,부산BIS
BSB194370204,현대쌍용아파트,35.19343502,129.0683697,2025-10-31,,21,부산광역시,부산BIS
BSB194380101,수영강푸르지오아파트,35.18434803,129.1120074,2025-10-31,13159,21,부산광역시,부산BIS
BSB194380201,연제예식장,35.18460744,129.1094452,2025-10-31,13163,21,부산광역시,부산BIS
BSB194420101,사직실내수영장,35.19163647,129.0624554,2025-10-31,13171,21,부산광역시,부산BIS
BSB194420102,사직실내수영장,35.19158662,129.0621923,2025-10-31,,21,부산광역시,부산BIS
BSB194420201,아시아드주경기장,35.19146527,129.0603379,2025-10-31,13172,21,부산광역시,부산BIS
BSB194420202,아시아드주경기장,35.19167724,129.061339,2025-10-31,,21,부산광역시,부산BIS
BSB167490202,무량수요양원,35.21242292,129.0624715,2025-10-31,,21,부산광역시,부산BIS
BSB167490203,원광사,35.21234816,129.0599788,2025-10-31,,21,부산광역시,부산BIS
BSB167490204,진양집,35.2120752,129.0588809,2025-10-31,,21,부산광역시,부산BIS
BSB167500201,온천슈퍼,35.21233738,129.0639914,2025-10-31,,21,부산광역시,부산BIS
BSB167520101,새들원테니스장,35.21289568,129.0650884,2025-10-31,,21,부산광역시,부산BIS
BSB167540201,새들원테니스장,35.21255151,129.0650924,2025-10-31,,21,부산광역시,부산BIS
BSB167550101,화신아파트,35.21175823,129.0657248,2025-10-31,,21,부산광역시,부산BIS
BSB167570101,달북마을,35.20462698,129.0587082,2025-10-31,,21,부산광역시,부산BIS
BSB167580101,금강초등학교,35.20219063,129.0642477,2025-10-31,,21,부산광역시,부산BIS
BSB167590201,금강초등학교,35.20218646,129.0646459,2025-10-31,,21,부산광역시,부산BIS
BSB167600101,미남역,35.20399361,129.0674247,2025-10-31,6236,21,부산광역시,부산BIS
BSB167600201,이편한동래아시아드아파트,35.2015215,129.065746,2025-10-31,,21,부산광역시,부산BIS
BSB167600301,금강초등학교,35.20131346,129.0649287,2025-10-31,6097,21,부산광역시,부산BIS
BSB167600302,금강초등학교,35.20101491,129.0647236,2025-10-31,6098,21,부산광역시,부산BIS
BSB167610201,이편한동래아시아드아파트,35.20163188,129.0658896,2025-10-31,,21,부산광역시,부산BIS
BSB167620101,공영아파트,35.20097367,129.0668954,2025-10-31,,21,부산광역시,부산BIS
BSB167640101,OK슈퍼,35.20049192,129.0682808,2025-10-31,,21,부산광역시,부산BIS
BSB167640201,공영아파트,35.20100379,129.0673152,2025-10-31,,21,부산광역시,부산BIS
BSB167660301,부산터널위,35.11316598,129.0317722,2025-10-31,1010,21,부산광역시,부산BIS
BSB167670201,영주신호대,35.11128258,129.0342964,2025-10-31,1027,21,부산광역시,부산BIS
BSB167670202,코모도호텔,35.11003758,129.0347883,2025-10-31,1110,21,부산광역시,부산BIS
BSB167670203,코모도호텔입구,35.108105,129.0342931,2025-10-31,1113,21,부산광역시,부산BIS
BSB167680101,영주동,35.11197094,129.0354109,2025-10-31,1029,21,부산광역시,부산BIS
BSB167680201,영주동,35.11225491,129.0350043,2025-10-31,1028,21,부산광역시,부산BIS
BSB167710301,제일은행앞,35.10300244,129.0349157,2025-10-31,1047,21,부산광역시,부산BIS
BSB167730101,부산항만공사,35.10071612,129.037607,2025-10-31,1052,21,부산광역시,부산BIS
BSB167770201,부평시장,35.10212831,129.0249701,2025-10-31,1084,21,부산광역시,부산BIS
BSB167770202,부평시장,35.10163173,129.024946,2025-10-31,,21,부산광역시,부산BIS
BSB167770301,보수사거리,35.10326875,129.0243131,2025-10-31,1090,21,부산광역시,부산BIS
BSB167770401,보수사거리,35.10335191,129.0254047,2025-10-31,,21,부산광역시,부산BIS
BSB167780101,보수동책방골목,35.10293005,129.0266876,2025-10-31,1111,21,부산광역시,부산BIS
BSB167780201,보수사거리,35.1032238,129.0257603,2025-10-31,,21,부산광역시,부산BIS
BSB167790101,새들맨션,35.10490038,129.0309537,2025-10-31,1101,21,부산광역시,부산BIS
BSB167790201,국제시장,35.10284445,129.0286089,2025-10-31,1092,21,부산광역시,부산BIS
BSB167790202,국제시장,35.10283595,129.0289521,2025-10-31,1093,21,부산광역시,부산BIS
BSB167790203,국제시장,35.10279323,129.0298886,2025-10-31,1095,21,부산광역시,부산BIS
BSB167790204,국제시장.부산근현대역사관,35.10277284,129.030568,2025-10-31,1096,21,부산광역시,부산BIS
BSB167790401,보수동책방골목,35.10318762,129.027011,2025-10-31,1112,21,부산광역시,부산BIS
BSB167810401,서구청.충무동,35.09799375,129.0254847,2025-10-31,1080,21,부산광역시,부산BIS
BSB167810404,충무동교차로,35.09844143,129.0253472,2025-10-31,,21,부산광역시,부산BIS
BSB167830101,부산디지털고,35.1079517,129.0309749,2025-10-31,1020,21,부산광역시,부산BIS
BSB167830102,청운아파트,35.10961892,129.0307372,2025-10-31,1016,21,부산광역시,부산BIS
BSB167830103,동주파크맨션,35.1113486,129.0299042,2025-10-31,1012,21,부산광역시,부산BIS
BSB167830201,중구종합사회복지관,35.10597296,129.0272822,2025-10-31,1104,21,부산광역시,부산BIS
BSB167830202,중구복지관,35.10588833,129.0285522,2025-10-31,,21,부산광역시,부산BIS
BSB167840101,중앙공원.민주공원입구,35.11434417,129.0300887,2025-10-31,1006,21,부산광역시,부산BIS
BSB167840102,시민아파트,35.11492136,129.0321599,2025-10-31,1004,21,부산광역시,부산BIS
BSB167840201,중앙공원.민주공원입구,35.11400551,129.0295785,2025-10-31,1007,21,부산광역시,부산BIS
BSB167840202,동주파크맨션,35.11144249,129.0294742,2025-10-31,1011,21,부산광역시,부산BIS
BSB167840203,청운아파트,35.10960189,129.0304336,2025-10-31,1015,21,부산광역시,부산BIS
BSB167840204,부산디지털고,35.10788024,129.0302843,2025-10-31,1019,21,부산광역시,부산BIS
BSB167840205,대청공원원로의집,35.10655139,129.0292005,2025-10-31,,21,부산광역시,부산BIS
BSB167850201,영도대교.남포역,35.09742844,129.0356322,2025-10-31,1063,21,부산광역시,부산BIS
BSB167850202,영도대교,35.09695236,129.0358043,2025-10-31,1064,21,부산광역시,부산BIS
BSB167870102,광복로,35.09889732,129.0365027,2025-10-31,,21,부산광역시,부산BIS
BSB167870103,연안부두,35.09998954,129.0367966,2025-10-31,,21,부산광역시,부산BIS
BSB167890101,보수초등학교,35.1055125,129.0237805,2025-10-31,1088,21,부산광역시,부산BIS
BSB167900101,화랑초등학교,35.11017836,129.0225454,2025-10-31,2018,21,부산광역시,부산BIS
BSB167900401,동아대부민캠퍼스,35.10771893,129.0217593,2025-10-31,2181,21,부산광역시,부산BIS
BSB167910101,중구청.메리놀병원,35.10808872,129.0337202,2025-10-31,1023,21,부산광역시,부산BIS
BSB167910102,거북맨션,35.10979623,129.0339339,2025-10-31,1024,21,부산광역시,부산BIS
BSB167910201,중구청.메리놀병원,35.10769979,129.0340406,2025-10-31,1022,21,부산광역시,부산BIS
BSB167910202,코모도호텔,35.11023405,129.0349543,2025-10-31,1026,21,부산광역시,부산BIS
BSB167910301,새들맨션,35.10495707,129.0304882,2025-10-31,1102,21,부산광역시,부산BIS
BSB167920101,부평시장,35.1011934,129.0252587,2025-10-31,1083,21,부산광역시,부산BIS
BSB167920102,부평시장,35.10164666,129.0252804,2025-10-31,,21,부산광역시,부산BIS
BSB167920303,서구청,35.09821913,129.0249416,2025-10-31,2085,21,부산광역시,부산BIS
BSB167920305,서구청,35.0977247,129.025084,2025-10-31,,21,부산광역시,부산BIS
BSB167920501,남포주유소,35.10148508,129.0225306,2025-10-31,1085,21,부산광역시,부산BIS
BSB167930101,2부두,35.10836418,129.0406715,2025-10-31,1036,21,부산광역시,부산BIS
BSB167930102,"중부경찰서,연안여객터미널",35.1050391,129.0385223,2025-10-31,1045,21,부산광역시,부산BIS
BSB167930201,부산세관,35.10405609,129.0373949,2025-10-31,1046,21,부산광역시,부산BIS
BSB167950102,백산기념관.영화체험박물관,35.10268257,129.034247,2025-10-31,1048,21,부산광역시,부산BIS
BSB167950301,국제시장,35.10304489,129.0304723,2025-10-31,1097,21,부산광역시,부산BIS
BSB167950303,국제시장,35.10308166,129.0296161,2025-10-31,1100,21,부산광역시,부산BIS
BSB167960201,영도대교.남포역,35.09731831,129.0360164,2025-10-31,1061,21,부산광역시,부산BIS
BSB167960202,영도대교.남포역,35.09761822,129.0358941,2025-10-31,1062,21,부산광역시,부산BIS
BSB167960203,영도대교.남포역,35.09751003,129.0359338,2025-10-31,,21,부산광역시,부산BIS
BSB167970101,동일파크맨션,35.11705984,129.0337287,2025-10-31,3052,21,부산광역시,부산BIS
BSB167970102,영주삼거리,35.11535576,129.0333218,2025-10-31,1001,21,부산광역시,부산BIS
BSB167970103,화신아파트,35.11849248,129.0306957,2025-10-31,3050,21,부산광역시,부산BIS
BSB167970201,동아아파트,35.11400452,129.0303551,2025-10-31,1008,21,부산광역시,부산BIS
BSB167970202,금호아파트,35.11111014,129.0305836,2025-10-31,1014,21,부산광역시,부산BIS
BSB167970203,부산디지털고,35.10944083,129.0320386,2025-10-31,1018,21,부산광역시,부산BIS
BSB167970301,시민아파트,35.11514003,129.0317486,2025-10-31,1003,21,부산광역시,부산BIS
BSB167970302,중앙공원.민주공원입구,35.11448686,129.0297622,2025-10-31,1005,21,부산광역시,부산BIS
BSB168000101,신동아시장,35.09700133,129.028956,2025-10-31,1078,21,부산광역시,부산BIS
BSB168000102,신동아시장,35.09709038,129.0293433,2025-10-31,1076,21,부산광역시,부산BIS
BSB168000104,자갈치시장,35.09746438,129.0322508,2025-10-31,1069,21,부산광역시,부산BIS
BSB168000105,자갈치시장,35.09748069,129.0328471,2025-10-31,1068,21,부산광역시,부산BIS
BSB168020101,거북맨션,35.10973863,129.033714,2025-10-31,1025,21,부산광역시,부산BIS
BSB168020102,중구청.메리놀병원,35.10753447,129.0329333,2025-10-31,1021,21,부산광역시,부산BIS
BSB175760301,제일한의원,35.21831473,129.1007511,2025-10-31,,21,부산광역시,부산BIS
BSB175760302,금정여자고등학교,35.21924445,129.0995089,2025-10-31,,21,부산광역시,부산BIS
BSB175760303,금정여자고등학교,35.21896352,129.0998684,2025-10-31,,21,부산광역시,부산BIS
BSB175760304,서동시장,35.21705381,129.1022439,2025-10-31,,21,부산광역시,부산BIS
BSB175760305,제일요양병원,35.21807302,129.1009622,2025-10-31,,21,부산광역시,부산BIS
BSB175770101,서3동주민센터,35.21801363,129.1038095,2025-10-31,,21,부산광역시,부산BIS
BSB175770201,서4동주민센터,35.2179,129.10373,2025-10-31,,21,부산광역시,부산BIS
BSB175770202,중앙교회,35.21618167,129.1058683,2025-10-31,11164,21,부산광역시,부산BIS
BSB175770301,서동시장입구,35.21717833,129.10257,2025-10-31,11127,21,부산광역시,부산BIS
BSB175780301,부산대학교정문,35.23117365,129.0849447,2025-10-31,11086,21,부산광역시,부산BIS
BSB175780302,금정등기소,35.23058895,129.0847999,2025-10-31,,21,부산광역시,부산BIS
BSB175780401,부산대정문,35.23169851,129.0845673,2025-10-31,,21,부산광역시,부산BIS
BSB175790101,부산대정문,35.23137227,129.0844965,2025-10-31,,21,부산광역시,부산BIS
BSB175810401,부산대역.부곡대우아파트,35.23119062,129.0898718,2025-10-31,11113,21,부산광역시,부산BIS
BSB175830201,부산대학교후문,35.22851256,129.0853922,2025-10-31,11089,21,부산광역시,부산BIS
BSB175830202,부산대후문,35.22885132,129.0845887,2025-10-31,,21,부산광역시,부산BIS
BSB175830203,신한은행,35.22847444,129.0854765,2025-10-31,,21,부산광역시,부산BIS
BSB175830301,부산대학교후문,35.22859247,129.0839949,2025-10-31,11088,21,부산광역시,부산BIS
BSB175850301,서동미로시장,35.21520792,129.102344,2025-10-31,11132,21,부산광역시,부산BIS
BSB175850302,서1동새마을금고,35.21661549,129.0985802,2025-10-31,11129,21,부산광역시,부산BIS
BSB175860201,누가병원,35.22339055,129.1132699,2025-10-31,,21,부산광역시,부산BIS
BSB175860301,현대맨션,35.22390617,129.1123828,2025-10-31,,21,부산광역시,부산BIS
BSB175870101,부산산림교육센터,35.2230014,129.1117112,2025-10-31,,21,부산광역시,부산BIS
BSB175870102,현대맨션,35.2237426,129.1124609,2025-10-31,,21,부산광역시,부산BIS
BSB175870301,부산산림교육센터,35.22277639,129.1112256,2025-10-31,,21,부산광역시,부산BIS
BSB175880101,회동본동,35.22781918,129.1203047,2025-10-31,11159,21,부산광역시,부산BIS
BSB175890201,평화탕,35.21415122,129.1020361,2025-10-31,,21,부산광역시,부산BIS
BSB175930301,금정산SK뷰,35.22595861,129.0793414,2025-10-31,,21,부산광역시,부산BIS
BSB175930302,장전SK뷰아파트109동,35.22594051,129.079739,2025-10-31,,21,부산광역시,부산BIS
BSB176030201,롯데캐슬2단지,35.24948799,129.0870347,2025-10-31,11180,21,부산광역시,부산BIS
BSB176030202,구서2동,35.25275934,129.0844103,2025-10-31,,21,부산광역시,부산BIS
BSB176140101,상현마을입구,35.26664883,129.1112616,2025-10-31,,21,부산광역시,부산BIS
BSB176140102,회동수원지입구,35.26420933,129.1069792,2025-10-31,,21,부산광역시,부산BIS
BSB176140103,선동상현마을,35.26656669,129.112611,2025-10-31,,21,부산광역시,부산BIS
BSB176170101,하정리,35.26468639,129.1031446,2025-10-31,,21,부산광역시,부산BIS
BSB176170102,하정리입구,35.26452923,129.1007632,2025-10-31,,21,부산광역시,부산BIS
BSB176180201,하정리,35.26470886,129.1034356,2025-10-31,,21,부산광역시,부산BIS
BSB176180202,하정리입구,35.26458956,129.1014405,2025-10-31,,21,부산광역시,부산BIS
BSB176190201,금정농협,35.24091549,129.0937061,2025-10-31,,21,부산광역시,부산BIS
BSB176200101,신학대학,35.24151613,129.0947163,2025-10-31,,21,부산광역시,부산BIS
BSB176220201,신학대학,35.24245225,129.0955605,2025-10-31,,21,부산광역시,부산BIS
BSB176230101,지산고등학교,35.24324323,129.0967827,2025-10-31,,21,부산광역시,부산BIS
BSB176240201,지산고등학교,35.2432999,129.0966096,2025-10-31,,21,부산광역시,부산BIS
BSB176250101,부산가톨릭대학교,35.24394314,129.0978228,2025-10-31,,21,부산광역시,부산BIS
BSB176250102,부산가톨릭대학교간호대학,35.24541611,129.0993749,2025-10-31,,21,부산광역시,부산BIS
BSB176260101,오륜대순교자성지.박물관,35.24645316,129.100325,2025-10-31,,21,부산광역시,부산BIS
BSB176260201,부산가톨릭대학교간호대학,35.24554265,129.0992415,2025-10-31,,21,부산광역시,부산BIS
BSB176260202,부산가톨릭대학교,35.24414082,129.0979071,2025-10-31,,21,부산광역시,부산BIS
BSB176270201,오륜대순교자성지.박물관,35.24696198,129.1014375,2025-10-31,,21,부산광역시,부산BIS
BSB176280101,"새동네, 부산오륜학교",35.24784541,129.1027672,2025-10-31,,21,부산광역시,부산BIS
BSB176290201,"새동네, 부산오륜학교",35.24794747,129.1026669,2025-10-31,,21,부산광역시,부산BIS
BSB176310101,연꽃못,35.24712451,129.1100356,2025-10-31,,21,부산광역시,부산BIS
BSB176310102,회동수변산책로.황톳길,35.24716447,129.1116185,2025-10-31,,21,부산광역시,부산BIS
BSB176310103,임지아뜰리에.복자수녀원,35.24755405,129.1138201,2025-10-31,,21,부산광역시,부산BIS
BSB176320101,오륜본동마을,35.24765129,129.1152177,2025-10-31,,21,부산광역시,부산BIS
BSB176320201,회동수변산책로.황톳길,35.24727127,129.1119565,2025-10-31,,21,부산광역시,부산BIS
BSB176320202,임지아뜰리에.복자수녀원,35.24761827,129.1134977,2025-10-31,,21,부산광역시,부산BIS
BSB176320203,연꽃못,35.24744983,129.1107581,2025-10-31,,21,부산광역시,부산BIS
BSB176320204,주말농장,35.24771828,129.1080243,2025-10-31,,21,부산광역시,부산BIS
BSB176320205,분도농원,35.24830843,129.1072541,2025-10-31,,21,부산광역시,부산BIS
BSB176360102,롯데마트,35.23928144,129.0918399,2025-10-31,,21,부산광역시,부산BIS
BSB176370101,정원맨션,35.24261871,129.0939696,2025-10-31,,21,부산광역시,부산BIS
BSB176380101,금정구청.부산가톨릭대,35.24233377,129.0932049,2025-10-31,11067,21,부산광역시,부산BIS
BSB176380102,금정구청,35.24213663,129.09318,2025-10-31,,21,부산광역시,부산BIS
BSB176420101,부산대생활환경관,35.23373314,129.0780379,2025-10-31,,21,부산광역시,부산BIS
BSB176450201,부산대예술관,35.23324909,129.0778882,2025-10-31,,21,부산광역시,부산BIS
BSB176450301,부산대화학관,35.23448619,129.0782658,2025-10-31,,21,부산광역시,부산BIS
BSB176460301,부산대본관,35.2328365,129.0835395,2025-10-31,,21,부산광역시,부산BIS
BSB176470201,부산대문창회관,35.23420688,129.0822738,2025-10-31,,21,부산광역시,부산BIS
BSB176480201,부산대문창회관,35.23408922,129.08223,2025-10-31,,21,부산광역시,부산BIS
BSB176490201,부산대제2도서관,35.23514919,129.0815564,2025-10-31,,21,부산광역시,부산BIS
BSB176500101,부산대제2도서관,35.23501513,129.0815106,2025-10-31,,21,부산광역시,부산BIS
BSB176500301,부산대사회관,35.23576513,129.080085,2025-10-31,,21,부산광역시,부산BIS
BSB176510101,부산대사회관,35.2356276,129.0800151,2025-10-31,,21,부산광역시,부산BIS
BSB176600102,광명사,35.23010325,129.0764148,2025-10-31,11193,21,부산광역시,부산BIS
BSB176600201,부산대후문,35.23240407,129.0742231,2025-10-31,,21,부산광역시,부산BIS
BSB176630101,경보아파트,35.22541281,129.0817163,2025-10-31,11094,21,부산광역시,부산BIS
BSB176650101,서울슈퍼,35.25090858,129.05525,2025-10-31,,21,부산광역시,부산BIS
BSB176650201,서문입구,35.2513123,129.0483584,2025-10-31,,21,부산광역시,부산BIS
BSB176650301,연수암,35.2503302,129.0498354,2025-10-31,,21,부산광역시,부산BIS
BSB176650302,포구나무집,35.25142604,129.0532493,2025-10-31,,21,부산광역시,부산BIS
BSB176660101,동문,35.2432052,129.0644673,2025-10-31,11185,21,부산광역시,부산BIS
BSB176660201,남문,35.24185919,129.061933,2025-10-31,,21,부산광역시,부산BIS
BSB176670101,남문,35.24169519,129.061959,2025-10-31,11184,21,부산광역시,부산BIS
BSB176670201,공해부락,35.24437796,129.0560013,2025-10-31,,21,부산광역시,부산BIS
BSB176670202,산성공해마을,35.24389654,129.0570613,2025-10-31,,21,부산광역시,부산BIS
BSB176680101,고별대,35.23946223,129.0688339,2025-10-31,,21,부산광역시,부산BIS
BSB176680201,동문,35.24337598,129.0644358,2025-10-31,,21,부산광역시,부산BIS
BSB176690102,부산대후문,35.23232122,129.0740617,2025-10-31,,21,부산광역시,부산BIS
BSB176690201,고별대,35.23954498,129.0690008,2025-10-31,,21,부산광역시,부산BIS
BSB176700101,샘골공원,35.26077165,129.0875529,2025-10-31,11039,21,부산광역시,부산BIS
BSB176700201,구서2동,35.2621367,129.086115,2025-10-31,,21,부산광역시,부산BIS
BSB176730201,구서동,35.24203168,129.0888398,2025-10-31,,21,부산광역시,부산BIS
BSB176740101,구서동,35.24221962,129.0887752,2025-10-31,,21,부산광역시,부산BIS
BSB176770101,사취등,35.11551001,128.9156735,2025-10-31,12623,21,부산광역시,부산BIS
BSB176770102,사취등,35.11550095,128.9157625,2025-10-31,92355,21,부산광역시,부산BIS
BSB176770301,강서경찰서,35.11820346,128.9066886,2025-10-31,12624,21,부산광역시,부산BIS
BSB176770302,강서경찰서,35.11815804,128.9068072,2025-10-31,92357,21,부산광역시,부산BIS
BSB176790302,중신,35.09541474,128.9044288,2025-10-31,92070,21,부산광역시,부산BIS
BSB176800101,전등,35.09182167,128.9227267,2025-10-31,92073,21,부산광역시,부산BIS
BSB176800102,오션모텔앞,35.093071,128.923506,2025-10-31,92074,21,부산광역시,부산BIS
BSB176800201,정호농원,35.091338,128.907049,2025-10-31,92066,21,부산광역시,부산BIS
BSB176800202,밭등,35.09191523,128.9058648,2025-10-31,92067,21,부산광역시,부산BIS
BSB183920201,백양노인정,35.20953194,129.0436521,2025-10-31,,21,부산광역시,부산BIS
BSB183940201,느루식당,35.20992686,129.0446057,2025-10-31,,21,부산광역시,부산BIS
BSB183950201,한신아파트정문,35.21022228,129.045374,2025-10-31,,21,부산광역시,부산BIS
BSB183960101,한신아파트정문,35.21004016,129.045608,2025-10-31,,21,부산광역시,부산BIS
BSB183970101,한신아파트중문,35.20918896,129.0454588,2025-10-31,,21,부산광역시,부산BIS
BSB183970102,한신아파트후문,35.20819942,129.0449652,2025-10-31,,21,부산광역시,부산BIS
BSB184020101,동원아파트,35.21003394,129.0296274,2025-10-31,,21,부산광역시,부산BIS
BSB184020102,만덕럭키아파트,35.20966495,129.0287309,2025-10-31,,21,부산광역시,부산BIS
BSB184020201,그린코아아파트,35.20689775,129.0298991,2025-10-31,,21,부산광역시,부산BIS
BSB184020202,만덕럭키아파트,35.20965667,129.0283719,2025-10-31,,21,부산광역시,부산BIS
BSB184030101,백운농원입구,35.24730176,129.0337378,2025-10-31,,21,부산광역시,부산BIS
BSB184030201,애기소,35.24426725,129.03001,2025-10-31,,21,부산광역시,부산BIS
BSB184030202,흥아농장입구,35.24285361,129.0262652,2025-10-31,,21,부산광역시,부산BIS
BSB184050101,화명수목원,35.24973503,129.0411343,2025-10-31,,21,부산광역시,부산BIS
BSB184050201,백운농원입구,35.24863612,129.0355039,2025-10-31,,21,부산광역시,부산BIS
BSB184060201,화명수목원,35.25016066,129.0420788,2025-10-31,,21,부산광역시,부산BIS
BSB184080101,구포3동,35.19748954,129.0151758,2025-10-31,,21,부산광역시,부산BIS
BSB184100101,구포3동,35.19754003,129.0150084,2025-10-31,8105,21,부산광역시,부산BIS
BSB184130301,송정해수욕장,35.18247667,129.2039765,2025-10-31,9089,21,부산광역시,부산BIS
BSB184130302,송정,35.18353542,129.2020861,2025-10-31,9022,21,부산광역시,부산BIS
BSB184130303,송정해수욕장,35.18231062,129.2043004,2025-10-31,,21,부산광역시,부산BIS
BSB184150201,석대사거리,35.21687167,129.1193783,2025-10-31,9212,21,부산광역시,부산BIS
BSB184160101,반여농산물도매시장,35.21756496,129.1222907,2025-10-31,9215,21,부산광역시,부산BIS
BSB184180101,반송본동,35.23085217,129.1514727,2025-10-31,9237,21,부산광역시,부산BIS
BSB184180102,윗반송역,35.23290725,129.1550178,2025-10-31,,21,부산광역시,부산BIS
BSB184180103,반송본동,35.23089335,129.1515426,2025-10-31,,21,부산광역시,부산BIS
BSB184180201,본동,35.22974519,129.1519527,2025-10-31,9235,21,부산광역시,부산BIS
BSB184180202,송운초등학교,35.23025208,129.1571026,2025-10-31,9247,21,부산광역시,부산BIS
BSB184190201,석대사거리,35.2169163,129.1197832,2025-10-31,9213,21,부산광역시,부산BIS
BSB184210101,과정교,35.18431501,129.1189856,2025-10-31,9332,21,부산광역시,부산BIS
BSB184220202,원동IC교차로,35.19346648,129.1172258,2025-10-31,9702,21,부산광역시,부산BIS
BSB184230201,원동IC교차로,35.19291754,129.1184454,2025-10-31,9190,21,부산광역시,부산BIS
BSB184230301,원동IC교차로,35.19380003,129.1170949,2025-10-31,9192,21,부산광역시,부산BIS
BSB184250301,동부지청,35.18908817,129.1282251,2025-10-31,,21,부산광역시,부산BIS
BSB184260101,동부지청,35.18902224,129.1280314,2025-10-31,,21,부산광역시,부산BIS
BSB184270101,동해선벡스코역,35.17208609,129.1329936,2025-10-31,9143,21,부산광역시,부산BIS
BSB184270102,동해선벡스코역,35.17204109,129.133176,2025-10-31,9716,21,부산광역시,부산BIS
BSB184270303,센텀고등학교,35.17704483,129.1289441,2025-10-31,9711,21,부산광역시,부산BIS
BSB184270304,센텀센시빌,35.17483773,129.1314656,2025-10-31,9713,21,부산광역시,부산BIS
BSB184300201,롯데백화점센텀시티점,35.16967324,129.1317843,2025-10-31,9283,21,부산광역시,부산BIS
BSB184320401,시청자미디어센터.KNN방송국,35.17219256,129.130266,2025-10-31,9281,21,부산광역시,부산BIS
BSB184320402,시청자미디어센터,35.1726602,129.1298768,2025-10-31,,21,부산광역시,부산BIS
BSB184330201,영화의전당,35.17142,129.1282867,2025-10-31,,21,부산광역시,부산BIS
BSB184340201,시청자미디어센터.KNN방송국,35.17202319,129.1299049,2025-10-31,9282,21,부산광역시,부산BIS
BSB184340202,시청자미디어센터,35.17225569,129.1297408,2025-10-31,,21,부산광역시,부산BIS
BSB184340401,SK텔레콤,35.17416149,129.127524,2025-10-31,9280,21,부산광역시,부산BIS
BSB184340402,SK텔레콤,35.17406785,129.1277414,2025-10-31,,21,부산광역시,부산BIS
BSB184350201,SK텔레콤,35.1734777,129.1282304,2025-10-31,9279,21,부산광역시,부산BIS
BSB184350202,SK텔레콤,35.17356456,129.1280247,2025-10-31,,21,부산광역시,부산BIS
BSB184350401,센텀중학교,35.17650852,129.1248377,2025-10-31,9316,21,부산광역시,부산BIS
BSB184380101,센텀중학교,35.17694959,129.1251169,2025-10-31,9317,21,부산광역시,부산BIS
BSB184380102,IS타워,35.17693354,129.1253638,2025-10-31,,21,부산광역시,부산BIS
BSB184380201,센텀중학교,35.17529504,129.1252896,2025-10-31,9323,21,부산광역시,부산BIS
BSB184380401,센텀파크,35.17907051,129.1228206,2025-10-31,9299,21,부산광역시,부산BIS
BSB184380402,센텀초등학교,35.18066831,129.1216824,2025-10-31,9277,21,부산광역시,부산BIS
BSB184380403,센텀스타,35.17753117,129.1240337,2025-10-31,,21,부산광역시,부산BIS
BSB184380404,센텀초등학교,35.1805684,129.1217534,2025-10-31,,21,부산광역시,부산BIS
BSB184380405,센텀파크.부산은행,35.17890454,129.1229575,2025-10-31,,21,부산광역시,부산BIS
BSB184410101,유창맨션,35.18016332,129.1269583,2025-10-31,9150,21,부산광역시,부산BIS
BSB184410102,재송초등학교,35.18387827,129.126468,2025-10-31,9151,21,부산광역시,부산BIS
BSB184410103,재송농협,35.18556177,129.1259086,2025-10-31,9168,21,부산광역시,부산BIS
BSB184410104,유창맨션,35.18034752,129.1269368,2025-10-31,,21,부산광역시,부산BIS
BSB184410105,재송농협,35.18578049,129.125796,2025-10-31,,21,부산광역시,부산BIS
BSB184410106,재송초등학교,35.18434342,129.1264057,2025-10-31,,21,부산광역시,부산BIS
BSB184410402,동해선센텀역,35.18020797,129.1248338,2025-10-31,9709,21,부산광역시,부산BIS
BSB184420103,센텀고등학교,35.17699966,129.128438,2025-10-31,9712,21,부산광역시,부산BIS
BSB184420104,센텀센시빌,35.17525577,129.1310101,2025-10-31,9714,21,부산광역시,부산BIS
BSB184430101,선수촌아파트,35.20372667,129.1232617,2025-10-31,,21,부산광역시,부산BIS
BSB184430102,센텀롯데캐슬아파트,35.20373439,129.1228337,2025-10-31,,21,부산광역시,부산BIS
BSB184430103,인지초등학교,35.20337306,129.1240182,2025-10-31,,21,부산광역시,부산BIS
BSB184440101,(구)강변자동차매매단지,35.2062329,129.1218458,2025-10-31,9204,21,부산광역시,부산BIS
BSB184440301,세월교입구.선수촌아파트,35.2040673,129.1200305,2025-10-31,9203,21,부산광역시,부산BIS
BSB184450201,신촌입구,35.20651113,129.1232423,2025-10-31,9260,21,부산광역시,부산BIS
BSB184450202,장산성당,35.20534508,129.1250316,2025-10-31,9291,21,부산광역시,부산BIS
BSB184450301,(구)강변자동차매매단지,35.2065636,129.1218591,2025-10-31,9205,21,부산광역시,부산BIS
BSB184460201,반송보건지소,35.22899019,129.1485607,2025-10-31,9233,21,부산광역시,부산BIS
BSB184460202,반송시장,35.22750161,129.1484658,2025-10-31,9232,21,부산광역시,부산BIS
BSB184460203,반송보건지소,35.22891493,129.1485543,2025-10-31,,21,부산광역시,부산BIS
BSB184460204,반송시장,35.22744314,129.1484661,2025-10-31,,21,부산광역시,부산BIS
BSB184470201,반송우체국.영산대역,35.22524636,129.1478969,2025-10-31,9226,21,부산광역시,부산BIS
BSB184470301,반송초등학교,35.22354952,129.1456172,2025-10-31,9225,21,부산광역시,부산BIS
BSB184470302,옹기골,35.22199539,129.1441463,2025-10-31,9223,21,부산광역시,부산BIS
BSB184470303,석대역,35.21982696,129.1382007,2025-10-31,9221,21,부산광역시,부산BIS
BSB184470304,석대동,35.22013587,129.129533,2025-10-31,9218,21,부산광역시,부산BIS
BSB184470305,석대화훼단지,35.21947033,129.1258991,2025-10-31,9217,21,부산광역시,부산BIS
BSB184480101,석대동,35.21984104,129.1286508,2025-10-31,9219,21,부산광역시,부산BIS
BSB184480102,석대화훼단지,35.21927521,129.1259863,2025-10-31,9216,21,부산광역시,부산BIS
BSB184480103,석대역,35.21944841,129.1396964,2025-10-31,9220,21,부산광역시,부산BIS
BSB184480104,옹기골,35.22127074,129.1438203,2025-10-31,9222,21,부산광역시,부산BIS
BSB184480105,반송초등학교,35.22372365,129.1460044,2025-10-31,9224,21,부산광역시,부산BIS
BSB184480201,반여농산물도매시장동문,35.21472711,129.1246072,2025-10-31,9324,21,부산광역시,부산BIS
BSB184480202,반여농산물시장역,35.21765091,129.1246055,2025-10-31,9330,21,부산광역시,부산BIS
BSB184480301,반여농산물도매시장,35.21777634,129.1219971,2025-10-31,9214,21,부산광역시,부산BIS
BSB184490101,당사입구,35.19782734,129.206313,2025-10-31,9194,21,부산광역시,부산BIS
BSB194430101,구학초등학교,35.13702998,128.9945533,2025-10-31,15159,21,부산광역시,부산BIS
BSB194430201,구학초등학교,35.13762636,128.9937219,2025-10-31,,21,부산광역시,부산BIS
BSB194430301,구덕고교,35.13964322,128.9917491,2025-10-31,15161,21,부산광역시,부산BIS
BSB194430302,여성문화회관,35.14057573,128.9898325,2025-10-31,15162,21,부산광역시,부산BIS
BSB194430303,구덕고등학교,35.13943473,128.9921424,2025-10-31,,21,부산광역시,부산BIS
BSB194430304,구덕극동아파트,35.13853115,128.9934175,2025-10-31,,21,부산광역시,부산BIS
BSB194430305,축산물도매시장,35.14143252,128.9890393,2025-10-31,,21,부산광역시,부산BIS
BSB194440201,구학초등학교,35.13729319,128.9948755,2025-10-31,15160,21,부산광역시,부산BIS
BSB194440202,구학초등학교,35.13735191,128.9948191,2025-10-31,,21,부산광역시,부산BIS
BSB194450101,주례사거리,35.14914942,129.0000063,2025-10-31,15124,21,부산광역시,부산BIS
BSB194450102,주례사거리,35.14908022,128.9999863,2025-10-31,,21,부산광역시,부산BIS
BSB194450301,신진정비공장,35.14795739,128.9998104,2025-10-31,,21,부산광역시,부산BIS
BSB194450401,다누림센터·부산구치소,35.14667944,128.9947639,2025-10-31,15151,21,부산광역시,부산BIS
BSB194450402,학장,35.14583331,128.9928725,2025-10-31,15153,21,부산광역시,부산BIS
BSB194450501,부산구치소,35.14671685,128.9948567,2025-10-31,,21,부산광역시,부산BIS
BSB194450502,학장,35.14587327,128.9929577,2025-10-31,,21,부산광역시,부산BIS
BSB194460101,학장교차로,35.1448169,128.9884569,2025-10-31,15155,21,부산광역시,부산BIS
BSB194460201,동양아파트,35.1447578,128.991211,2025-10-31,15154,21,부산광역시,부산BIS
BSB194460202,다누림센터·부산구치소,35.14645099,128.9949091,2025-10-31,15152,21,부산광역시,부산BIS
BSB194460401,학장교차로,35.14298719,128.9864645,2025-10-31,15163,21,부산광역시,부산BIS
BSB194460501,동양아파트,35.14461567,128.9908873,2025-10-31,,21,부산광역시,부산BIS
BSB194460502,학장교차로,35.14356348,128.9885078,2025-10-31,,21,부산광역시,부산BIS
BSB194470101,삼락동,35.19495928,128.9857806,2025-10-31,15002,21,부산광역시,부산BIS
BSB194470301,국제식품,35.1935112,128.9832971,2025-10-31,15269,21,부산광역시,부산BIS
BSB194510101,경북철강,35.14706592,128.981185,2025-10-31,15146,21,부산광역시,부산BIS
BSB194510301,경북철강,35.14666472,128.980784,2025-10-31,15145,21,부산광역시,부산BIS
BSB194510302,유유철강,35.14236089,128.9796704,2025-10-31,15170,21,부산광역시,부산BIS
BSB194520101,산업용품상가,35.15969137,128.976014,2025-10-31,15084,21,부산광역시,부산BIS
BSB194540201,주감초등학교,35.15264441,129.0010717,2025-10-31,15104,21,부산광역시,부산BIS
BSB194540301,백양마을,35.15402647,128.9979354,2025-10-31,15101,21,부산광역시,부산BIS
BSB194540302,주감중학교,35.15549786,128.9955049,2025-10-31,15100,21,부산광역시,부산BIS
BSB194540303,사상근린공원,35.15808993,128.9932944,2025-10-31,15079,21,부산광역시,부산BIS
BSB194540304,능인사,35.16620585,128.9893574,2025-10-31,15078,21,부산광역시,부산BIS
BSB194540305,주감중학교,35.15555902,128.9954577,2025-10-31,,21,부산광역시,부산BIS
BSB194550102,서부시외버스터미널.사상역,35.16301183,128.9841008,2025-10-31,15072,21,부산광역시,부산BIS
BSB194550103,서부시외버스터미널.사상역,35.16379457,128.9837255,2025-10-31,,21,부산광역시,부산BIS
BSB194550301,사상초등학교,35.16685539,128.9825289,2025-10-31,15065,21,부산광역시,부산BIS
BSB194550302,사상초등학교,35.1664161,128.9827156,2025-10-31,,21,부산광역시,부산BIS
BSB194560301,괘법르네시떼역.르네시떼,35.16320945,128.9777924,2025-10-31,15069,21,부산광역시,부산BIS
BSB194560302,르네시떼,35.16318582,128.9779317,2025-10-31,,21,부산광역시,부산BIS
BSB194570301,삼대한의원,35.15897817,128.9879913,2025-10-31,15081,21,부산광역시,부산BIS
BSB194570302,사상우체국,35.16055082,128.9864878,2025-10-31,15254,21,부산광역시,부산BIS
BSB194580301,감전초등학교,35.15686034,128.9868182,2025-10-31,15093,21,부산광역시,부산BIS
BSB194580302,성광약국,35.15753665,128.9847571,2025-10-31,15089,21,부산광역시,부산BIS
BSB194590201,개금시장,35.14815362,129.0172296,2025-10-31,5119,21,부산광역시,부산BIS
BSB194590202,백병원입구,35.14808221,129.0202257,2025-10-31,5121,21,부산광역시,부산BIS
BSB194590203,개금시장,35.14815485,129.0171319,2025-10-31,,21,부산광역시,부산BIS
BSB194590204,백병원입구,35.14808246,129.0201276,2025-10-31,,21,부산광역시,부산BIS
BSB194590301,주례여자고등학교,35.14776514,129.0162184,2025-10-31,,21,부산광역시,부산BIS
BSB194590302,개금현대아파트,35.14757881,129.0162608,2025-10-31,,21,부산광역시,부산BIS
BSB194620201,주례지구대,35.14582802,129.0008692,2025-10-31,,21,부산광역시,부산BIS
BSB194640201,동서대KIT생활관,35.14675303,129.0091766,2025-10-31,,21,부산광역시,부산BIS
BSB194640202,동서대글로벌빌리지,35.14669555,129.0081159,2025-10-31,,21,부산광역시,부산BIS
BSB194640203,동서대후문,35.14685167,129.0103016,2025-10-31,,21,부산광역시,부산BIS
BSB194650301,주례지구대,35.14601178,129.0008776,2025-10-31,,21,부산광역시,부산BIS
BSB194660103,냉정고개,35.15178194,129.0172457,2025-10-31,,21,부산광역시,부산BIS
BSB194670101,반도보라아파트,35.15262101,129.0122723,2025-10-31,15108,21,부산광역시,부산BIS
BSB194670201,한일유엔아이아파트입구,35.15290977,129.0109739,2025-10-31,,21,부산광역시,부산BIS
BSB194680301,보훈병원,35.15278183,129.0043653,2025-10-31,15105,21,부산광역시,부산BIS
BSB194680401,부산보훈병원,35.15305248,129.005496,2025-10-31,,21,부산광역시,부산BIS
BSB194690101,엄궁초등학교.동백맨션,35.12918552,128.9758931,2025-10-31,15218,21,부산광역시,부산BIS
BSB194690102,대림아파트,35.12888389,128.9776059,2025-10-31,15219,21,부산광역시,부산BIS
BSB194690201,엄궁롯데캐슬,35.1286787,128.9745739,2025-10-31,15239,21,부산광역시,부산BIS
BSB194700101,대림아파트,35.1291623,128.9775394,2025-10-31,15240,21,부산광역시,부산BIS
BSB194700102,동백맨션,35.12941914,128.9758635,2025-10-31,15245,21,부산광역시,부산BIS
BSB194700201,코오롱아파트후문,35.12587276,128.9767615,2025-10-31,15221,21,부산광역시,부산BIS
BSB194700202,쌍용스윗닷홈,35.12463224,128.9753286,2025-10-31,15247,21,부산광역시,부산BIS
BSB194700203,코오롱아파트정문,35.12738795,128.9781146,2025-10-31,15220,21,부산광역시,부산BIS
BSB194700204,대동아파트,35.12359797,128.9738931,2025-10-31,15222,21,부산광역시,부산BIS
BSB194710401,엄궁초등학교,35.12862952,128.9728668,2025-10-31,15244,21,부산광역시,부산BIS
BSB194710402,(구)엄궁동부산은행,35.12887805,128.9711766,2025-10-31,15236,21,부산광역시,부산BIS
BSB194720301,한신아파트후문,35.12331835,128.9725491,2025-10-31,15223,21,부산광역시,부산BIS
BSB194720302,엄궁(기점),35.1236027,128.9721393,2025-10-31,,21,부산광역시,부산BIS
BSB194720303,한신아파트정문,35.12429419,128.9708452,2025-10-31,15224,21,부산광역시,부산BIS
BSB194730101,엄궁한신1차아파트,35.12564543,128.9681517,2025-10-31,15199,21,부산광역시,부산BIS
BSB194730201,한신아파트정문,35.12400222,128.9707546,2025-10-31,15264,21,부산광역시,부산BIS
BSB194730202,한신아파트후문,35.12311163,128.9723353,2025-10-31,15265,21,부산광역시,부산BIS
BSB194730301,하단SK뷰아파트앞,35.11713376,128.9623579,2025-10-31,10075,21,부산광역시,부산BIS
BSB194740101,쌍용스윗닷홈,35.12445834,128.9755157,2025-10-31,15246,21,부산광역시,부산BIS
BSB194740102,대동아파트,35.12340448,128.9740309,2025-10-31,15243,21,부산광역시,부산BIS
BSB194740103,코오롱아파트후문,35.1254552,128.9766422,2025-10-31,15242,21,부산광역시,부산BIS
BSB194740104,코오롱아파트정문,35.12726821,128.9783607,2025-10-31,15241,21,부산광역시,부산BIS
BSB194770201,사상전화국,35.14934487,128.9911544,2025-10-31,15130,21,부산광역시,부산BIS
BSB194770202,부산구치소,35.14953384,128.9942036,2025-10-31,15128,21,부산광역시,부산BIS
BSB194770203,주례교차로,35.14989092,128.9987651,2025-10-31,15126,21,부산광역시,부산BIS
BSB194770401,사상전화국,35.14755259,128.9886491,2025-10-31,15149,21,부산광역시,부산BIS
BSB194790201,롯데정비,35.19180745,128.9842931,2025-10-31,,21,부산광역시,부산BIS
BSB194790301,금강화학,35.19032122,128.9801243,2025-10-31,15010,21,부산광역시,부산BIS
BSB194800101,금강화학,35.19022599,128.9806222,2025-10-31,15011,21,부산광역시,부산BIS
BSB194800102,국제식품,35.19236923,128.9825942,2025-10-31,15270,21,부산광역시,부산BIS
BSB194800301,서부주유소,35.18352565,128.976042,2025-10-31,15031,21,부산광역시,부산BIS
BSB194800302,(주)대정.성지,35.18635312,128.9772696,2025-10-31,15281,21,부산광역시,부산BIS
BSB168020201,부산디지털고,35.10961592,129.0317187,2025-10-31,1017,21,부산광역시,부산BIS
BSB168020202,금호아파트,35.11152362,129.030767,2025-10-31,1013,21,부산광역시,부산BIS
BSB168020203,동아아파트,35.11320109,129.0302883,2025-10-31,1009,21,부산광역시,부산BIS
BSB168040301,중구노인복지회관,35.10392548,129.025722,2025-10-31,,21,부산광역시,부산BIS
BSB168050201,중구노인복지회관,35.10384946,129.0256025,2025-10-31,,21,부산광역시,부산BIS
BSB168070101,한신스포렉스,35.10381642,129.0270409,2025-10-31,,21,부산광역시,부산BIS
BSB168080201,한신스포렉스,35.10396155,129.0269842,2025-10-31,,21,부산광역시,부산BIS
BSB168090101,남해슈퍼,35.10464059,129.0274664,2025-10-31,,21,부산광역시,부산BIS
BSB168100101,남해슈퍼,35.10483151,129.0273999,2025-10-31,,21,부산광역시,부산BIS
BSB168100301,산복도로교차로,35.10585057,129.0269213,2025-10-31,,21,부산광역시,부산BIS
BSB168110201,보수아파트,35.10743972,129.0267579,2025-10-31,,21,부산광역시,부산BIS
BSB168110202,보수어린이집,35.10659152,129.0269206,2025-10-31,,21,부산광역시,부산BIS
BSB168110203,중구노인정,35.10612629,129.0284853,2025-10-31,,21,부산광역시,부산BIS
BSB168110204,혜광고등학교후문,35.10866351,129.0266363,2025-10-31,,21,부산광역시,부산BIS
BSB168120401,중앙공원,35.11212006,129.0279604,2025-10-31,,21,부산광역시,부산BIS
BSB168140301,중앙공원,35.11213472,129.0281352,2025-10-31,,21,부산광역시,부산BIS
BSB168150201,중앙도서관,35.11066445,129.0269499,2025-10-31,,21,부산광역시,부산BIS
BSB168160101,증앙도서관,35.11047557,129.0269506,2025-10-31,,21,부산광역시,부산BIS
BSB168170201,서구복지회관,35.11038224,129.025739,2025-10-31,,21,부산광역시,부산BIS
BSB168180101,서구복지회관,35.11024264,129.025841,2025-10-31,,21,부산광역시,부산BIS
BSB168180201,혜광분식,35.10965298,129.0256063,2025-10-31,,21,부산광역시,부산BIS
BSB168190101,보수아파트,35.10748973,129.0265961,2025-10-31,,21,부산광역시,부산BIS
BSB168190102,보수어린이집,35.1065776,129.0267267,2025-10-31,,21,부산광역시,부산BIS
BSB168190103,중구노인정,35.10601186,129.0285922,2025-10-31,,21,부산광역시,부산BIS
BSB168190104,혜광고등학교후문,35.10862668,129.026429,2025-10-31,,21,부산광역시,부산BIS
BSB168190201,혜광분식,35.109737,129.0257016,2025-10-31,,21,부산광역시,부산BIS
BSB168250101,중구종합사회복지관,35.10567175,129.0285908,2025-10-31,1103,21,부산광역시,부산BIS
BSB168250102,중구복지관,35.1057439,129.0287104,2025-10-31,,21,부산광역시,부산BIS
BSB168250301,보수아파트,35.10773648,129.0262382,2025-10-31,1106,21,부산광역시,부산BIS
BSB168250302,혜광고교,35.10898934,129.0243997,2025-10-31,2017,21,부산광역시,부산BIS
BSB168250303,락서암,35.11071274,129.0248857,2025-10-31,2016,21,부산광역시,부산BIS
BSB168250304,대신여중,35.11300543,129.0261365,2025-10-31,2014,21,부산광역시,부산BIS
BSB168250305,동대신2동,35.1152262,129.0239438,2025-10-31,2162,21,부산광역시,부산BIS
BSB168250306,동대고개,35.11591801,129.0223718,2025-10-31,2012,21,부산광역시,부산BIS
BSB168250401,산복도로교차로,35.10581248,129.0267662,2025-10-31,,21,부산광역시,부산BIS
BSB168280101,서대시장,35.10931684,129.0161371,2025-10-31,2050,21,부산광역시,부산BIS
BSB168280301,서대신역.서부경찰서,35.11036482,129.0135797,2025-10-31,2190,21,부산광역시,부산BIS
BSB168290101,서대시장.동대신역,35.10979151,129.0173967,2025-10-31,2051,21,부산광역시,부산BIS
BSB168290302,서대시장. 동대신역,35.10966206,129.0162654,2025-10-31,,21,부산광역시,부산BIS
BSB168310301,동신초등학교,35.11497148,129.0188866,2025-10-31,2028,21,부산광역시,부산BIS
BSB168310302,동신초등학교,35.11528762,129.0183503,2025-10-31,2029,21,부산광역시,부산BIS
BSB168320201,동대신역,35.11107765,129.0171518,2025-10-31,2046,21,부산광역시,부산BIS
BSB168320202,동대신역,35.11144226,129.0169838,2025-10-31,,21,부산광역시,부산BIS
BSB168320301,서대신우체국,35.11290253,129.0164914,2025-10-31,2045,21,부산광역시,부산BIS
BSB168320302,구덕운동장,35.11331345,129.0162525,2025-10-31,2044,21,부산광역시,부산BIS
BSB168320303,구덕운동장(종점),35.11470736,129.015516,2025-10-31,2043,21,부산광역시,부산BIS
BSB168320304,구덕운동장,35.11364651,129.0160705,2025-10-31,,21,부산광역시,부산BIS
BSB168330101,문화아파트,35.11544584,129.0166483,2025-10-31,2030,21,부산광역시,부산BIS
BSB168330102,문화아파트,35.11538806,129.0164753,2025-10-31,,21,부산광역시,부산BIS
BSB168340201,부경고교,35.11425048,129.0139195,2025-10-31,2031,21,부산광역시,부산BIS
BSB168340202,부경고교,35.11395298,129.013837,2025-10-31,2032,21,부산광역시,부산BIS
BSB168340203,부경고교,35.11327967,129.013483,2025-10-31,2033,21,부산광역시,부산BIS
BSB168340302,구덕실내체육관,35.11496661,129.0141867,2025-10-31,,21,부산광역시,부산BIS
BSB168350101,동아대부민캠퍼스,35.10746929,129.0209207,2025-10-31,2180,21,부산광역시,부산BIS
BSB168350201,동아대부민캠퍼스,35.10605336,129.0199656,2025-10-31,2056,21,부산광역시,부산BIS
BSB168350401,서부교회,35.10863136,129.0193089,2025-10-31,2053,21,부산광역시,부산BIS
BSB168360101,동아대부민캠퍼스,35.10618793,129.0203146,2025-10-31,2058,21,부산광역시,부산BIS
BSB168370101,동대시장,35.11065502,129.0199411,2025-10-31,2020,21,부산광역시,부산BIS
BSB168370201,서부교회,35.10930524,129.0181106,2025-10-31,2052,21,부산광역시,부산BIS
BSB168370202,서부교회,35.10796827,129.0196215,2025-10-31,2054,21,부산광역시,부산BIS
BSB168370301,서대시장.동대신역,35.1098648,129.0167973,2025-10-31,2048,21,부산광역시,부산BIS
BSB168370401,동대신역,35.11073188,129.0176547,2025-10-31,,21,부산광역시,부산BIS
BSB168380101,부산대학병원.토성역,35.10143078,129.0199978,2025-10-31,2064,21,부산광역시,부산BIS
BSB168380301,토성동,35.09789946,129.0205712,2025-10-31,2080,21,부산광역시,부산BIS
BSB168380302,부산방사선과앞,35.09813454,129.0203407,2025-10-31,,21,부산광역시,부산BIS
BSB168380303,토성동역,35.09938146,129.0195524,2025-10-31,,21,부산광역시,부산BIS
BSB168380401,토성역.아미동입구,35.0999728,129.0179624,2025-10-31,2066,21,부산광역시,부산BIS
BSB168380402,부산대학교병원,35.09997457,129.0178586,2025-10-31,,21,부산광역시,부산BIS
BSB168380403,아미파출소,35.10026876,129.0167904,2025-10-31,,21,부산광역시,부산BIS
BSB168390101,동아대부민캠퍼스,35.10497964,129.0202387,2025-10-31,2059,21,부산광역시,부산BIS
BSB168390201,영락교회,35.10317244,129.0207719,2025-10-31,2062,21,부산광역시,부산BIS
BSB168390301,부산대학병원.토성역,35.10144527,129.0196889,2025-10-31,2065,21,부산광역시,부산BIS
BSB168400101,충무동교차로,35.09640414,129.0234906,2025-10-31,2093,21,부산광역시,부산BIS
BSB168400102,충무시장,35.09644442,129.023272,2025-10-31,,21,부산광역시,부산BIS
BSB168400201,남부민시장입구,35.09265387,129.0221269,2025-10-31,2102,21,부산광역시,부산BIS
BSB168400401,토성동,35.09791071,129.0210179,2025-10-31,2082,21,부산광역시,부산BIS
BSB168400402,부산대학병원.토성역,35.09896016,129.0201312,2025-10-31,2081,21,부산광역시,부산BIS
BSB168400403,부산방사선과앞,35.09782894,129.021099,2025-10-31,,21,부산광역시,부산BIS
BSB168410101,대청마루,35.1145309,129.0257089,2025-10-31,,21,부산광역시,부산BIS
BSB168410102,영산3동아파트,35.1160927,129.0229038,2025-10-31,,21,부산광역시,부산BIS
BSB168410103,한국빌라,35.11545935,129.0245504,2025-10-31,,21,부산광역시,부산BIS
BSB168410201,동대신2동,35.11491895,129.0239332,2025-10-31,2163,21,부산광역시,부산BIS
BSB168410202,동대고개,35.11605684,129.0217543,2025-10-31,2011,21,부산광역시,부산BIS
BSB168410203,대신여중,35.11324496,129.0256468,2025-10-31,2013,21,부산광역시,부산BIS
BSB168410204,락서암,35.11033114,129.0245183,2025-10-31,2015,21,부산광역시,부산BIS
BSB168410205,혜광고교,35.10889537,129.0241266,2025-10-31,1107,21,부산광역시,부산BIS
BSB168410206,보수아파트,35.10736415,129.0260552,2025-10-31,1105,21,부산광역시,부산BIS
BSB168410301,경남고등학교입구,35.11732128,129.0193895,2025-10-31,,21,부산광역시,부산BIS
BSB168420101,송도입구,35.0797797,129.0174606,2025-10-31,2134,21,부산광역시,부산BIS
BSB168420301,고신대학교복음병원,35.08147046,129.0161511,2025-10-31,2130,21,부산광역시,부산BIS
BSB168430101,고신대학교복음병원,35.08117988,129.0160124,2025-10-31,2133,21,부산광역시,부산BIS
BSB168430201,알로이시오의원,35.08214657,129.012843,2025-10-31,2131,21,부산광역시,부산BIS
BSB168440201,알로이시오의원,35.08184599,129.0127779,2025-10-31,2132,21,부산광역시,부산BIS
BSB168440401,감천초등학교,35.08253681,129.0098106,2025-10-31,10001,21,부산광역시,부산BIS
BSB176810102,진동,35.09837553,128.9274212,2025-10-31,12247,21,부산광역시,부산BIS
BSB176810103,동리,35.10046666,128.9280838,2025-10-31,12136,21,부산광역시,부산BIS
BSB176810104,진동,35.09825166,128.9273758,2025-10-31,92015,21,부산광역시,부산BIS
BSB176810105,동리,35.1005992,128.9281048,2025-10-31,92016,21,부산광역시,부산BIS
BSB176810202,낙동강철새도래지,35.09007807,128.9167744,2025-10-31,12085,21,부산광역시,부산BIS
BSB176810203,전등,35.09197902,128.922261,2025-10-31,92024,21,부산광역시,부산BIS
BSB176810301,오션모텔앞,35.093456,128.922742,2025-10-31,92064,21,부산광역시,부산BIS
BSB176810302,전등,35.09203,128.8892483,2025-10-31,92065,21,부산광역시,부산BIS
BSB176820101,중신,35.09543454,128.9046021,2025-10-31,92068,21,부산광역시,부산BIS
BSB176820201,중신뚝길,35.095245,128.904517,2025-10-31,92140,21,부산광역시,부산BIS
BSB176820202,포니상회,35.096025,128.908031,2025-10-31,92141,21,부산광역시,부산BIS
BSB176820203,중신입구,35.097674,128.911068,2025-10-31,92142,21,부산광역시,부산BIS
BSB176820301,밭등,35.09181353,128.9057637,2025-10-31,92071,21,부산광역시,부산BIS
BSB176820302,정호농원,35.091268,128.907097,2025-10-31,92072,21,부산광역시,부산BIS
BSB176830201,당리마을,35.22080818,128.985345,2025-10-31,92323,21,부산광역시,부산BIS
BSB176830202,신촌,35.22081637,128.9782654,2025-10-31,92324,21,부산광역시,부산BIS
BSB176830203,신촌회관,35.22118146,128.9805821,2025-10-31,92325,21,부산광역시,부산BIS
BSB176840101,당리마을입구,35.22021026,128.989981,2025-10-31,92308,21,부산광역시,부산BIS
BSB176850101,당리마을,35.22088918,128.9844688,2025-10-31,92307,21,부산광역시,부산BIS
BSB176850102,신촌,35.2207286,128.9777302,2025-10-31,92306,21,부산광역시,부산BIS
BSB176850103,신촌회관,35.22102384,128.9805335,2025-10-31,92305,21,부산광역시,부산BIS
BSB176850201,대저양수장,35.22053754,128.9701023,2025-10-31,92327,21,부산광역시,부산BIS
BSB176850202,동연정입구,35.22071498,128.9725773,2025-10-31,92326,21,부산광역시,부산BIS
BSB176860101,당리마을회관,35.22317413,128.9922812,2025-10-31,,21,부산광역시,부산BIS
BSB176860102,당리마을입구,35.22029784,128.9914868,2025-10-31,,21,부산광역시,부산BIS
BSB176860201,당리마을입구,35.21984258,128.9909051,2025-10-31,,21,부산광역시,부산BIS
BSB176860202,수문할매집,35.21788628,128.9901157,2025-10-31,,21,부산광역시,부산BIS
BSB176860203,수문할매집,35.21848169,128.9903712,2025-10-31,92309,21,부산광역시,부산BIS
BSB176860301,당리마을입구,35.22026995,128.9908477,2025-10-31,92322,21,부산광역시,부산BIS
BSB176870101,대저양수장,35.22040904,128.9701002,2025-10-31,92303,21,부산광역시,부산BIS
BSB176870102,동연정입구,35.220612,128.972483,2025-10-31,92304,21,부산광역시,부산BIS
BSB176870201,우편집중국,35.21924868,128.9595236,2025-10-31,92330,21,부산광역시,부산BIS
BSB176870202,낙동중후문,35.22010203,128.9666711,2025-10-31,92328,21,부산광역시,부산BIS
BSB176870203,대저상리,35.21959275,128.9632884,2025-10-31,92329,21,부산광역시,부산BIS
BSB176880101,우편집중국,35.21914129,128.9595454,2025-10-31,92300,21,부산광역시,부산BIS
BSB176880102,낙동중후문,35.21951512,128.9659022,2025-10-31,92302,21,부산광역시,부산BIS
BSB176880103,대저상리,35.21947545,128.9631806,2025-10-31,92301,21,부산광역시,부산BIS
BSB176880301,부산교도소,35.21625429,128.9517362,2025-10-31,92332,21,부산광역시,부산BIS
BSB176880302,중리1구꽃동네,35.2185554,128.9555673,2025-10-31,92331,21,부산광역시,부산BIS
BSB176880303,평강,35.21445371,128.9495487,2025-10-31,92333,21,부산광역시,부산BIS
BSB176960201,부산공항여객차고지,35.1715934,128.951866,2025-10-31,,21,부산광역시,부산BIS
BSB176960301,철우정밀,35.16494149,128.9428293,2025-10-31,92088,21,부산광역시,부산BIS
BSB176970101,공항입구,35.17650271,128.9500094,2025-10-31,12029,21,부산광역시,부산BIS
BSB176970201,김해공항차고지,35.17144572,128.9515818,2025-10-31,,21,부산광역시,부산BIS
BSB176980101,철우정밀,35.16477238,128.9430317,2025-10-31,92104,21,부산광역시,부산BIS
BSB176980201,순서,35.16201204,128.935968,2025-10-31,92089,21,부산광역시,부산BIS
BSB176980202,공항활주로,35.1618693,128.9401476,2025-10-31,,21,부산광역시,부산BIS
BSB176990101,순서마을,35.1618533,128.9359117,2025-10-31,92103,21,부산광역시,부산BIS
BSB176990102,공항활주로,35.1617294,128.9401607,2025-10-31,,21,부산광역시,부산BIS
BSB176990201,도도본리,35.16684015,128.935039,2025-10-31,92090,21,부산광역시,부산BIS
BSB177000201,도도본리,35.16738429,128.9350259,2025-10-31,92102,21,부산광역시,부산BIS
BSB177000301,정관도마을,35.16525835,128.926277,2025-10-31,92091,21,부산광역시,부산BIS
BSB177000302,정관도마을회관,35.16722485,128.9313189,2025-10-31,,21,부산광역시,부산BIS
BSB177000303,정관도삼거리,35.16910899,128.9335365,2025-10-31,,21,부산광역시,부산BIS
BSB177020105,작지,35.14272194,128.9502781,2025-10-31,12296,21,부산광역시,부산BIS
BSB177020107,교회앞,35.13831001,128.9481464,2025-10-31,92122,21,부산광역시,부산BIS
BSB177020108,동자,35.13048308,128.944009,2025-10-31,92120,21,부산광역시,부산BIS
BSB177020109,맥도자연생태공원,35.15094328,128.9538202,2025-10-31,92124,21,부산광역시,부산BIS
BSB177020202,염막2구,35.11938564,128.9366945,2025-10-31,92138,21,부산광역시,부산BIS
BSB177030102,염막2구,35.11893182,128.9370552,2025-10-31,92118,21,부산광역시,부산BIS
BSB177040102,금호오리마을,35.15606134,128.956075,2025-10-31,92125,21,부산광역시,부산BIS
BSB177040202,작지,35.1437483,128.9500589,2025-10-31,12295,21,부산광역시,부산BIS
BSB177040207,교회앞,35.13889596,128.9477778,2025-10-31,92134,21,부산광역시,부산BIS
BSB177040208,동자,35.13109082,128.9436935,2025-10-31,92136,21,부산광역시,부산BIS
BSB177040209,맥도자연생태공원,35.15161605,128.953464,2025-10-31,92132,21,부산광역시,부산BIS
BSB177050201,진목교회,35.13414762,128.9162213,2025-10-31,92164,21,부산광역시,부산BIS
BSB177060201,진목교회,35.13416058,128.9160712,2025-10-31,92197,21,부산광역시,부산BIS
BSB177070201,강서예술촌,35.13104065,128.9185847,2025-10-31,92275,21,부산광역시,부산BIS
BSB177070202,구들목입구,35.12876887,128.9196208,2025-10-31,92276,21,부산광역시,부산BIS
BSB177070203,금일정유소,35.12088408,128.9181148,2025-10-31,92277,21,부산광역시,부산BIS
BSB177070204,청량사,35.1162705,128.9195923,2025-10-31,92278,21,부산광역시,부산BIS
BSB177070205,찬호반점,35.124684,128.9182213,2025-10-31,,21,부산광역시,부산BIS
BSB177110101,중곡,35.16418182,128.9130488,2025-10-31,92170,21,부산광역시,부산BIS
BSB177110102,상곡,35.17224952,128.9151617,2025-10-31,92171,21,부산광역시,부산BIS
BSB177110103,강동119안전센터,35.1747148,128.9158648,2025-10-31,,21,부산광역시,부산BIS
BSB177110104,남광정밀,35.16631889,128.9133851,2025-10-31,,21,부산광역시,부산BIS
BSB177110201,중곡,35.16420966,128.9128738,2025-10-31,92191,21,부산광역시,부산BIS
BSB177120201,상곡,35.17187691,128.9149319,2025-10-31,92190,21,부산광역시,부산BIS
BSB177120202,남광정밀,35.16670695,128.9133502,2025-10-31,,21,부산광역시,부산BIS
BSB177150101,대저수문,35.2322661,128.9937575,2025-10-31,,21,부산광역시,부산BIS
BSB177150201,대저수문,35.23230329,128.993422,2025-10-31,,21,부산광역시,부산BIS
BSB177160201,당리마을회관,35.22322576,128.9918816,2025-10-31,,21,부산광역시,부산BIS
BSB177170101,대저동,35.21100832,128.9858167,2025-10-31,12129,21,부산광역시,부산BIS
BSB177170102,강서고.부산혜원학교,35.21472167,128.988841,2025-10-31,12099,21,부산광역시,부산BIS
BSB177170201,대저동,35.2113954,128.9855987,2025-10-31,12130,21,부산광역시,부산BIS
BSB177190301,강서구청역,35.21119914,128.9808196,2025-10-31,12031,21,부산광역시,부산BIS
BSB177190401,강서구청,35.21242192,128.9826886,2025-10-31,12001,21,부산광역시,부산BIS
BSB177190402,강서구청,35.21225774,128.9829393,2025-10-31,92315,21,부산광역시,부산BIS
BSB177210101,롯데마트,35.08466343,128.9728738,2025-10-31,,21,부산광역시,부산BIS
BSB177240101,사하경찰서,35.08609487,128.9776494,2025-10-31,10133,21,부산광역시,부산BIS
BSB177240102,사하경찰서,35.08601639,128.9776424,2025-10-31,,21,부산광역시,부산BIS
BSB177240201,장림,35.08484222,128.9792546,2025-10-31,10137,21,부산광역시,부산BIS
BSB177240301,제일제당,35.08421068,128.9772115,2025-10-31,10139,21,부산광역시,부산BIS
BSB177240302,제일제당,35.08412649,128.9771999,2025-10-31,,21,부산광역시,부산BIS
BSB177240303,장림역,35.08310153,128.9771968,2025-10-31,,21,부산광역시,부산BIS
BSB177240401,자동차검사장.롯데마트,35.08536959,128.9732537,2025-10-31,10142,21,부산광역시,부산BIS
BSB184490102,내리,35.20069317,129.2067866,2025-10-31,16051,21,부산광역시,부산BIS
BSB184490103,내리초등학교,35.2042978,129.2065646,2025-10-31,16204,21,부산광역시,부산BIS
BSB184510101,반송보건지소,35.2292101,129.1487738,2025-10-31,9234,21,부산광역시,부산BIS
BSB184510102,반송보건지소,35.22928933,129.1487838,2025-10-31,,21,부산광역시,부산BIS
BSB184510301,반송1동주민센터,35.22502638,129.1485616,2025-10-31,,21,부산광역시,부산BIS
BSB184520101,반송주공아파트,35.23266688,129.1594576,2025-10-31,9245,21,부산광역시,부산BIS
BSB184520301,고촌역.대진여객,35.23499969,129.1591979,2025-10-31,9243,21,부산광역시,부산BIS
BSB184530301,송운초등학교,35.22999504,129.1561048,2025-10-31,9246,21,부산광역시,부산BIS
BSB184530302,본동,35.22992745,129.1519671,2025-10-31,9236,21,부산광역시,부산BIS
BSB184540101,풍산금속,35.21271284,129.1253876,2025-10-31,9210,21,부산광역시,부산BIS
BSB184540201,반여농산물도매시장남문,35.21336663,129.122351,2025-10-31,9261,21,부산광역시,부산BIS
BSB184540301,반여농산물도매시장동문,35.21477405,129.1249354,2025-10-31,9325,21,부산광역시,부산BIS
BSB184550101,중리,35.20840724,129.1236235,2025-10-31,9207,21,부산광역시,부산BIS
BSB184550102,반석초등학교,35.20995708,129.1251453,2025-10-31,9208,21,부산광역시,부산BIS
BSB184550201,중리,35.20849228,129.1234681,2025-10-31,9206,21,부산광역시,부산BIS
BSB184560101,디지털엣지코리아,35.17510349,129.1275396,2025-10-31,9318,21,부산광역시,부산BIS
BSB184560102,부산디자인진흥원,35.17395785,129.1299527,2025-10-31,9319,21,부산광역시,부산BIS
BSB184570101,반송도개공입구,35.228827,129.1611839,2025-10-31,9250,21,부산광역시,부산BIS
BSB184570102,남흥아파트,35.22816562,129.1626435,2025-10-31,9252,21,부산광역시,부산BIS
BSB184570103,반송주공아파트입구,35.23003842,129.1589403,2025-10-31,9249,21,부산광역시,부산BIS
BSB184580101,반송주공아파트,35.23257965,129.1596697,2025-10-31,9244,21,부산광역시,부산BIS
BSB184580201,삼한아파트,35.22863116,129.1610389,2025-10-31,9251,21,부산광역시,부산BIS
BSB184580202,반송주공아파트입구,35.22996056,129.1585854,2025-10-31,9248,21,부산광역시,부산BIS
BSB184590101,반여2동,35.19574704,129.1308932,2025-10-31,9179,21,부산광역시,부산BIS
BSB184590102,수협장산지점,35.19827718,129.1313302,2025-10-31,9180,21,부산광역시,부산BIS
BSB184590201,반산초등학교,35.19421384,129.1303805,2025-10-31,9176,21,부산광역시,부산BIS
BSB184590202,한국마트,35.19428517,129.1303868,2025-10-31,,21,부산광역시,부산BIS
BSB184590301,반여시장입구,35.19519618,129.1274501,2025-10-31,9184,21,부산광역시,부산BIS
BSB184590302,더샵센텀그린,35.19441887,129.1251551,2025-10-31,9187,21,부산광역시,부산BIS
BSB184590303,재송삼익아파트,35.19197052,129.1207511,2025-10-31,9189,21,부산광역시,부산BIS
BSB184590304,반여시장,35.19499575,129.1291677,2025-10-31,9327,21,부산광역시,부산BIS
BSB184590305,제반보건지소,35.19286765,129.1228609,2025-10-31,9343,21,부산광역시,부산BIS
BSB184600101,센텀파미르아파트,35.19451626,129.1257946,2025-10-31,9186,21,부산광역시,부산BIS
BSB184600102,반여시장입구,35.19497416,129.127498,2025-10-31,9185,21,부산광역시,부산BIS
BSB184600103,재송삼익아파트,35.19186269,129.1211127,2025-10-31,9188,21,부산광역시,부산BIS
BSB184600104,반여시장,35.19478123,129.1291285,2025-10-31,9328,21,부산광역시,부산BIS
BSB184600105,재반보건지소,35.19264016,129.1229868,2025-10-31,9337,21,부산광역시,부산BIS
BSB184600106,반여시장입구,35.19495651,129.1276784,2025-10-31,,21,부산광역시,부산BIS
BSB184600107,보훈아파트,35.1946853,129.1261218,2025-10-31,,21,부산광역시,부산BIS
BSB184600108,재송삼익아파트,35.19200916,129.121702,2025-10-31,,21,부산광역시,부산BIS
BSB184600301,원동IC교차로,35.19335769,129.1182933,2025-10-31,9701,21,부산광역시,부산BIS
BSB184640101,일동아파트,35.20461536,129.1182633,2025-10-31,9264,21,부산광역시,부산BIS
BSB184640102,송보자유아파트,35.20474967,129.1183647,2025-10-31,,21,부산광역시,부산BIS
BSB184640201,센텀SK뷰아파트,35.20205051,129.116011,2025-10-31,9265,21,부산광역시,부산BIS
BSB184640202,안락현대아파트,35.19921513,129.1133959,2025-10-31,9267,21,부산광역시,부산BIS
BSB184640203,우방아파트,35.20370379,129.1172558,2025-10-31,,21,부산광역시,부산BIS
BSB184640204,센텀SK뷰아파트113동,35.20274227,129.1165389,2025-10-31,,21,부산광역시,부산BIS
BSB184650101,벽산한솔타운,35.20636483,129.1192785,2025-10-31,9401,21,부산광역시,부산BIS
BSB184650102,센텀강변현대아파트,35.20846285,129.1198391,2025-10-31,9333,21,부산광역시,부산BIS
BSB184650103,센텀SD아파트정문,35.20987936,129.1200339,2025-10-31,,21,부산광역시,부산BIS
BSB184650104,센텀SD아파트후문,35.21152228,129.1197611,2025-10-31,,21,부산광역시,부산BIS
BSB184650105,우신아파트,35.2130327,129.1188303,2025-10-31,9402,21,부산광역시,부산BIS
BSB184650106,대우아파트,35.21462021,129.1171349,2025-10-31,,21,부산광역시,부산BIS
BSB184650301,일동아파트,35.20500021,129.1183061,2025-10-31,9263,21,부산광역시,부산BIS
BSB184650302,송보자유아파트,35.20479068,129.1181754,2025-10-31,,21,부산광역시,부산BIS
BSB184650401,벽산한솔타운아파트,35.20613715,129.1191457,2025-10-31,,21,부산광역시,부산BIS
BSB184710101,무정리길,35.20154567,129.1237016,2025-10-31,9271,21,부산광역시,부산BIS
BSB184710102,선수촌아파트118동,35.20053686,129.1233577,2025-10-31,,21,부산광역시,부산BIS
BSB184710103,인지초등학교,35.20313617,129.1245203,2025-10-31,,21,부산광역시,부산BIS
BSB184710104,선수촌아파트정문,35.20095317,129.1235023,2025-10-31,,21,부산광역시,부산BIS
BSB184710105,센텀롯데캐슬3차아파트,35.19969242,129.1231978,2025-10-31,,21,부산광역시,부산BIS
BSB184710201,무정초등학교,35.19801098,129.1227126,2025-10-31,9272,21,부산광역시,부산BIS
BSB184710202,무정초등학교,35.1984307,129.1226912,2025-10-31,,21,부산광역시,부산BIS
BSB184730101,부일교회,35.18767018,129.1223962,2025-10-31,9163,21,부산광역시,부산BIS
BSB184730102,재송시장입구,35.18729442,129.125206,2025-10-31,9164,21,부산광역시,부산BIS
BSB184730202,해운대경찰서,35.18613966,129.1207662,2025-10-31,,21,부산광역시,부산BIS
BSB184730203,해운대경찰서,35.1862404,129.1207649,2025-10-31,9706,21,부산광역시,부산BIS
BSB184730302,동해선재송역,35.18931258,129.1208063,2025-10-31,9703,21,부산광역시,부산BIS
BSB184740302,해운대경찰서,35.18532843,129.1211145,2025-10-31,,21,부산광역시,부산BIS
BSB184740303,해운대경찰서,35.18522041,129.1211171,2025-10-31,9705,21,부산광역시,부산BIS
BSB184750101,센텀동부센트레빌,35.18315998,129.1227385,2025-10-31,9156,21,부산광역시,부산BIS
BSB184750102,재송농협,35.185436,129.1253704,2025-10-31,9167,21,부산광역시,부산BIS
BSB184750402,동부지청어귀교차로,35.18227236,129.1224783,2025-10-31,9708,21,부산광역시,부산BIS
BSB184790101,재송초등학교,35.18414287,129.1261959,2025-10-31,9152,21,부산광역시,부산BIS
BSB184790102,재송노인복지회관,35.18035541,129.1266532,2025-10-31,9149,21,부산광역시,부산BIS
BSB184790103,유창맨션,35.18022418,129.1266781,2025-10-31,,21,부산광역시,부산BIS
BSB184790104,재송초등학교,35.18407578,129.1262085,2025-10-31,,21,부산광역시,부산BIS
BSB184790201,재송농협,35.18526109,129.1249961,2025-10-31,9166,21,부산광역시,부산BIS
BSB184790202,센텀동부센트레빌,35.18336781,129.122489,2025-10-31,9157,21,부산광역시,부산BIS
BSB184800201,재송농협,35.18632514,129.1254108,2025-10-31,9171,21,부산광역시,부산BIS
BSB184800202,재송농협,35.1863781,129.1254024,2025-10-31,,21,부산광역시,부산BIS
BSB184800301,재송시장입구,35.18747892,129.1249025,2025-10-31,9165,21,부산광역시,부산BIS
BSB184800302,부일교회,35.18787288,129.1219798,2025-10-31,9162,21,부산광역시,부산BIS
BSB184800303,부일교회,35.18791828,129.1215792,2025-10-31,,21,부산광역시,부산BIS
BSB184800304,재송시장,35.1874821,129.1248073,2025-10-31,,21,부산광역시,부산BIS
BSB184810101,인지중학교,35.20414963,129.1251876,2025-10-31,9287,21,부산광역시,부산BIS
BSB184810201,무정리길,35.20162472,129.1234846,2025-10-31,9270,21,부산광역시,부산BIS
BSB184810202,선수촌아파트정문,35.201263,129.1233437,2025-10-31,,21,부산광역시,부산BIS
BSB184810203,센텀롯데캐슬3차아파트,35.19971946,129.1229405,2025-10-31,,21,부산광역시,부산BIS
BSB184810301,센텀롯데캐슬아파트,35.20383,129.1232017,2025-10-31,,21,부산광역시,부산BIS
BSB184810302,센텀롯데캐슬아파트,35.20401456,129.1226793,2025-10-31,,21,부산광역시,부산BIS
BSB184820101,반여3동,35.19986313,129.1313438,2025-10-31,9183,21,부산광역시,부산BIS
BSB196710203,동백,35.28974904,129.2572076,2025-10-31,,21,부산광역시,부산BIS
BSB196710204,동백선착장,35.28622704,129.2568387,2025-10-31,,21,부산광역시,부산BIS
BSB196720201,새끝,35.30901849,129.2593615,2025-10-31,16143,21,부산광역시,부산BIS
BSB196720202,문동,35.30633284,129.2566418,2025-10-31,16365,21,부산광역시,부산BIS
BSB196720203,문동,35.3064028,129.256716,2025-10-31,,21,부산광역시,부산BIS
BSB196720204,새끝,35.30897963,129.2593033,2025-10-31,,21,부산광역시,부산BIS
BSB196740101,새끝,35.30901405,129.2595977,2025-10-31,16064,21,부산광역시,부산BIS
BSB196740102,문동,35.30643479,129.2569744,2025-10-31,16015,21,부산광역시,부산BIS
BSB196740103,문동,35.30649515,129.257026,2025-10-31,,21,부산광역시,부산BIS
BSB196740104,새끝,35.30896009,129.2595463,2025-10-31,,21,부산광역시,부산BIS
BSB196740201,문중,35.30232125,129.2572175,2025-10-31,16382,21,부산광역시,부산BIS
BSB196740202,문중,35.30225502,129.2572401,2025-10-31,,21,부산광역시,부산BIS
BSB196750101,기장문화예절학교,35.32363523,129.2725648,2025-10-31,16057,21,부산광역시,부산BIS
BSB196750102,기장문화예절학교,35.32361004,129.2724597,2025-10-31,,21,부산광역시,부산BIS
BSB196750201,묘관음사입구,35.32130161,129.2661902,2025-10-31,16016,21,부산광역시,부산BIS
BSB196750202,임랑삼거리,35.31696504,129.2588904,2025-10-31,16047,21,부산광역시,부산BIS
BSB196750203,임랑마을,35.31780643,129.2614378,2025-10-31,16342,21,부산광역시,부산BIS
BSB196750204,묘관음사입구,35.3212621,129.2661181,2025-10-31,,21,부산광역시,부산BIS
BSB196760101,월내시장,35.32641623,129.2770158,2025-10-31,16338,21,부산광역시,부산BIS
BSB196760102,동해선월내역.월내시장,35.32645304,129.2770923,2025-10-31,,21,부산광역시,부산BIS
BSB196760301,기장문화예절학교,35.3239048,129.2727352,2025-10-31,16137,21,부산광역시,부산BIS
BSB196760302,기장문화예절학교,35.32386798,129.2726374,2025-10-31,,21,부산광역시,부산BIS
BSB196770101,임랑삼거리,35.3173157,129.261125,2025-10-31,16048,21,부산광역시,부산BIS
BSB196770102,묘관음사입구,35.32107538,129.2661331,2025-10-31,16108,21,부산광역시,부산BIS
BSB196770103,묘관음사입구,35.3211318,129.266192,2025-10-31,,21,부산광역시,부산BIS
BSB196770104,임랑삼거리,35.31726952,129.2610636,2025-10-31,,21,부산광역시,부산BIS
BSB196770201,임랑해수욕장입구,35.31660946,129.2603823,2025-10-31,16168,21,부산광역시,부산BIS
BSB196770202,임랑해수욕장입구,35.31653247,129.2603456,2025-10-31,,21,부산광역시,부산BIS
BSB196770301,임랑삼거리,35.31716514,129.2601799,2025-10-31,,21,부산광역시,부산BIS
BSB196780101,이동,35.27191757,129.2440587,2025-10-31,16054,21,부산광역시,부산BIS
BSB196780102,이동,35.2718538,129.2440113,2025-10-31,,21,부산광역시,부산BIS
BSB196790202,미동마을,35.28609289,129.168429,2025-10-31,,21,부산광역시,부산BIS
BSB196810101,이곡,35.27530293,129.1790263,2025-10-31,,21,부산광역시,부산BIS
BSB196820201,웅천,35.2891086,129.1680973,2025-10-31,,21,부산광역시,부산BIS
BSB196830101,웅천,35.28932798,129.1681486,2025-10-31,16030,21,부산광역시,부산BIS
BSB196840101,장전리,35.27520403,129.1448646,2025-10-31,,21,부산광역시,부산BIS
BSB196850201,철마면행정복지센터,35.27432038,129.1504677,2025-10-31,16033,21,부산광역시,부산BIS
BSB196850202,구림마을,35.27205716,129.157649,2025-10-31,16200,21,부산광역시,부산BIS
BSB196850203,철마면사무소,35.27450018,129.150247,2025-10-31,,21,부산광역시,부산BIS
BSB196850301,철마면행정복지센터,35.27404114,129.1498365,2025-10-31,16308,21,부산광역시,부산BIS
BSB196850401,장전리,35.27546401,129.1454484,2025-10-31,,21,부산광역시,부산BIS
BSB196860201,철마삼거리,35.27763187,129.1347199,2025-10-31,,21,부산광역시,부산BIS
BSB196880101,철마삼거리,35.27729256,129.1337769,2025-10-31,,21,부산광역시,부산BIS
BSB196900201,대선주조정문,35.35974379,129.2580559,2025-10-31,16344,21,부산광역시,부산BIS
BSB196930101,기장구조대,35.3244532,129.21273,2025-10-31,16173,21,부산광역시,부산BIS
BSB196930102,기장구조대,35.32445997,129.2128213,2025-10-31,,21,부산광역시,부산BIS
BSB196930201,서편마을,35.32440363,129.2027292,2025-10-31,16022,21,부산광역시,부산BIS
BSB196930202,예림마을,35.32518695,129.2063019,2025-10-31,16021,21,부산광역시,부산BIS
BSB196930203,서편마을,35.32436637,129.2026537,2025-10-31,,21,부산광역시,부산BIS
BSB196930204,예림마을,35.32516775,129.2063919,2025-10-31,,21,부산광역시,부산BIS
BSB196940101,광명사입구,35.32132193,129.2283202,2025-10-31,16049,21,부산광역시,부산BIS
BSB196940102,광명사입구,35.32134161,129.2285082,2025-10-31,,21,부산광역시,부산BIS
BSB196940103,내덕입구,35.32163167,129.2321583,2025-10-31,,21,부산광역시,부산BIS
BSB196940201,기장구조대,35.32463003,129.2127226,2025-10-31,16020,21,부산광역시,부산BIS
BSB196940202,기장구조대,35.32462571,129.2126279,2025-10-31,,21,부산광역시,부산BIS
BSB196950101,내덕입구,35.32166405,129.2323377,2025-10-31,16114,21,부산광역시,부산BIS
BSB196950102,부산장안고등학교,35.32038251,129.2371321,2025-10-31,16139,21,부산광역시,부산BIS
BSB196950201,광명사입구,35.32180812,129.228159,2025-10-31,16073,21,부산광역시,부산BIS
BSB196950202,광명사입구,35.32183548,129.2279774,2025-10-31,,21,부산광역시,부산BIS
BSB196950203,내덕입구,35.32225623,129.2321047,2025-10-31,,21,부산광역시,부산BIS
BSB196960201,청광.아시아드컨트리클럽,35.29517039,129.2366683,2025-10-31,16246,21,부산광역시,부산BIS
BSB196970201,청광.아시아드컨트리클럽,35.29545688,129.2367536,2025-10-31,,21,부산광역시,부산BIS
BSB196980101,청광.아시아드컨트리클럽,35.29505809,129.2369004,2025-10-31,16245,21,부산광역시,부산BIS
BSB196980102,청광.아시아드컨트리클럽,35.29531681,129.2369823,2025-10-31,,21,부산광역시,부산BIS
BSB197040301,고원1차아파트,35.33223574,129.2831105,2025-10-31,16091,21,부산광역시,부산BIS
BSB197060201,갈치고개,35.25082398,129.1794519,2025-10-31,16417,21,부산광역시,부산BIS
BSB197070301,안평삼거리,35.25070336,129.1838498,2025-10-31,16151,21,부산광역시,부산BIS
BSB197080101,갈치고개,35.25069112,129.1793269,2025-10-31,,21,부산광역시,부산BIS
BSB197080201,상신리,35.2563585,129.1767039,2025-10-31,16418,21,부산광역시,부산BIS
BSB197090101,상신리,35.25621042,129.1766049,2025-10-31,,21,부산광역시,부산BIS
BSB197090201,구칠,35.26109443,129.1707263,2025-10-31,,21,부산광역시,부산BIS
BSB197100101,구칠,35.2610551,129.1705338,2025-10-31,16034,21,부산광역시,부산BIS
BSB197100201,점현,35.26595946,129.1648309,2025-10-31,16136,21,부산광역시,부산BIS
BSB197110101,점현,35.26591926,129.1646444,2025-10-31,16036,21,부산광역시,부산BIS
BSB197110201,갓안마을,35.26802137,129.1634369,2025-10-31,,21,부산광역시,부산BIS
BSB197120101,갓안마을,35.26812663,129.163133,2025-10-31,,21,부산광역시,부산BIS
BSB197130101,보림,35.27175432,129.1598485,2025-10-31,16035,21,부산광역시,부산BIS
BSB197130102,마지회관,35.27416777,129.1650268,2025-10-31,,21,부산광역시,부산BIS
BSB197130103,보림,35.27170178,129.1597675,2025-10-31,,21,부산광역시,부산BIS
BSB197130104,마지마을,35.27417982,129.1649048,2025-10-31,,21,부산광역시,부산BIS
BSB197130301,구림마을,35.27220533,129.1577032,2025-10-31,,21,부산광역시,부산BIS
BSB197130302,철마면행정복지센터,35.27440636,129.1507109,2025-10-31,16176,21,부산광역시,부산BIS
BSB197140101,동암정문,35.1963308,129.2222937,2025-10-31,16079,21,부산광역시,부산BIS
BSB197140102,동암후문,35.19795611,129.2232723,2025-10-31,16080,21,부산광역시,부산BIS
BSB197140201,동부산관광단지,35.1912408,129.2150969,2025-10-31,16096,21,부산광역시,부산BIS
BSB197140202,용궁사.국립수산과학원,35.19410843,129.2200228,2025-10-31,16069,21,부산광역시,부산BIS
BSB197150101,동암후문,35.19759192,129.2227163,2025-10-31,16098,21,부산광역시,부산BIS
BSB197150102,동암정문,35.19615239,129.2218277,2025-10-31,16097,21,부산광역시,부산BIS
BSB197150201,해광사,35.20560358,129.2242565,2025-10-31,16090,21,부산광역시,부산BIS
BSB197150202,기차여행,35.20899607,129.2231181,2025-10-31,16065,21,부산광역시,부산BIS
BSB197150301,서암입구,35.21087769,129.2224592,2025-10-31,16337,21,부산광역시,부산BIS
BSB197160101,동부산관광단지,35.19108669,129.2152701,2025-10-31,16052,21,부산광역시,부산BIS
BSB197160102,용궁사.국립수산과학원,35.19370038,129.21981,2025-10-31,16003,21,부산광역시,부산BIS
BSB197160201,당사.공수마을,35.18606489,129.2111588,2025-10-31,16002,21,부산광역시,부산BIS
BSB197160202,공수.양경마을,35.18377028,129.2100782,2025-10-31,16094,21,부산광역시,부산BIS
BSB197160203,공수,35.18399967,129.2102622,2025-10-31,,21,부산광역시,부산BIS
BSB197160204,당사.양경마을,35.18660642,129.2113591,2025-10-31,,21,부산광역시,부산BIS
BSB168440402,남성한빛가든,35.08440698,129.0089786,2025-10-31,10004,21,부산광역시,부산BIS
BSB168440403,감천사거리,35.0863325,129.0068682,2025-10-31,10202,21,부산광역시,부산BIS
BSB168450101,신익아파트,35.07938458,129.0202897,2025-10-31,2125,21,부산광역시,부산BIS
BSB168450102,부산관광고교,35.08210065,129.0220697,2025-10-31,2120,21,부산광역시,부산BIS
BSB168450201,암남동주민센터,35.07967537,129.0217032,2025-10-31,2127,21,부산광역시,부산BIS
BSB168460201,충무동해안시장,35.09615736,129.0252464,2025-10-31,2087,21,부산광역시,부산BIS
BSB168460202,충무동해안시장,35.09620697,129.0258399,2025-10-31,2088,21,부산광역시,부산BIS
BSB168460301,충무쇼핑.충무동새벽시장,35.09280787,129.0238584,2025-10-31,2104,21,부산광역시,부산BIS
BSB168460302,공동어시장,35.08900625,129.0242459,2025-10-31,2107,21,부산광역시,부산BIS
BSB168460303,충무동교차로,35.09566071,129.024165,2025-10-31,2090,21,부산광역시,부산BIS
BSB168460304,대진아파트,35.08729124,129.024419,2025-10-31,2055,21,부산광역시,부산BIS
BSB168460305,등대시장,35.08465013,129.024693,2025-10-31,2116,21,부산광역시,부산BIS
BSB168460306,대림아파트,35.08231242,129.0249093,2025-10-31,2119,21,부산광역시,부산BIS
BSB168460401,자갈치역.충무동교차로,35.09662684,129.0238026,2025-10-31,2091,21,부산광역시,부산BIS
BSB168460402,충무동교차로,35.09675077,129.0229977,2025-10-31,2092,21,부산광역시,부산BIS
BSB168460403,충무시장,35.09672602,129.0231375,2025-10-31,,21,부산광역시,부산BIS
BSB168470101,동대신3동,35.11740747,129.0185638,2025-10-31,2010,21,부산광역시,부산BIS
BSB168470102,동대신3동,35.1176039,129.0186373,2025-10-31,,21,부산광역시,부산BIS
BSB168470201,동신초등학교,35.11507268,129.0181349,2025-10-31,2027,21,부산광역시,부산BIS
BSB168470202,동신초등학교입구,35.11448978,129.0191861,2025-10-31,2026,21,부산광역시,부산BIS
BSB168470203,서여고,35.11399517,129.0200785,2025-10-31,2025,21,부산광역시,부산BIS
BSB168470204,동신초등학교,35.11501672,129.0182197,2025-10-31,,21,부산광역시,부산BIS
BSB168470205,서여자고등학교,35.11408041,129.0199691,2025-10-31,,21,부산광역시,부산BIS
BSB168470401,동아대병원입구,35.1174473,129.0167113,2025-10-31,2006,21,부산광역시,부산BIS
BSB168470402,동아탕,35.11717951,129.0168595,2025-10-31,,21,부산광역시,부산BIS
BSB168480101,초장중학교,35.09441219,129.0188878,2025-10-31,2097,21,부산광역시,부산BIS
BSB168480102,하동상회,35.096082,129.018109,2025-10-31,2095,21,부산광역시,부산BIS
BSB168480103,초장동,35.09285671,129.018436,2025-10-31,2098,21,부산광역시,부산BIS
BSB168480201,아미초등학교,35.09780946,129.0172983,2025-10-31,2079,21,부산광역시,부산BIS
BSB168490101,아미초등학교,35.0976906,129.0170938,2025-10-31,2078,21,부산광역시,부산BIS
BSB168490201,광성사,35.09877845,129.0163951,2025-10-31,,21,부산광역시,부산BIS
BSB168490202,산상교회.비석문화마을,35.09980395,129.0120733,2025-10-31,,21,부산광역시,부산BIS
BSB168490203,세화어린이집,35.09916459,129.0145198,2025-10-31,,21,부산광역시,부산BIS
BSB168490204,아미동공영주차장,35.09918881,129.0133172,2025-10-31,,21,부산광역시,부산BIS
BSB168490205,아미청년회,35.09917995,129.0119605,2025-10-31,,21,부산광역시,부산BIS
BSB168490206,아미초등학교,35.0989047,129.0158053,2025-10-31,,21,부산광역시,부산BIS
BSB168490207,한샘슈퍼,35.09863859,129.0120141,2025-10-31,,21,부산광역시,부산BIS
BSB168490208,미화당슈퍼,35.09945881,129.0131442,2025-10-31,,21,부산광역시,부산BIS
BSB168490301,아미파출소,35.09999879,129.0167726,2025-10-31,2077,21,부산광역시,부산BIS
BSB168500101,토성역.아미동입구,35.09970179,129.0185894,2025-10-31,2067,21,부산광역시,부산BIS
BSB168500102,부산대학교병원,35.09970792,129.0183858,2025-10-31,,21,부산광역시,부산BIS
BSB168500103,아미시장,35.09997131,129.0168426,2025-10-31,,21,부산광역시,부산BIS
BSB168500104,토성역,35.09966197,129.01935,2025-10-31,,21,부산광역시,부산BIS
BSB168500201,아미파출소,35.09943502,129.0160775,2025-10-31,2076,21,부산광역시,부산BIS
BSB168500301,아동보호종합센터,35.10004562,129.0158419,2025-10-31,2068,21,부산광역시,부산BIS
BSB168500302,천주교아파트,35.10027616,129.0134317,2025-10-31,2069,21,부산광역시,부산BIS
BSB168500303,아동보호종합센터,35.10008161,129.015931,2025-10-31,,21,부산광역시,부산BIS
BSB168510101,동원냉장,35.0655834,129.0127539,2025-10-31,2151,21,부산광역시,부산BIS
BSB168510301,감천1.2.3부두,35.06786473,129.0098837,2025-10-31,2152,21,부산광역시,부산BIS
BSB168520101,모지포마을,35.06366693,129.0145162,2025-10-31,2175,21,부산광역시,부산BIS
BSB168520102,모지포마을입구,35.06268916,129.0162568,2025-10-31,,21,부산광역시,부산BIS
BSB168520201,성진수산,35.06218652,129.0120101,2025-10-31,2177,21,부산광역시,부산BIS
BSB168520301,동원냉장,35.06573783,129.0130486,2025-10-31,2153,21,부산광역시,부산BIS
BSB168530401,영락교회,35.10344896,129.0206484,2025-10-31,2061,21,부산광역시,부산BIS
BSB168540101,신익아파트,35.07992534,129.020313,2025-10-31,2124,21,부산광역시,부산BIS
BSB168540102,부산관광고교,35.08245269,129.021766,2025-10-31,2123,21,부산광역시,부산BIS
BSB168540201,남부민동,35.08285849,129.0186472,2025-10-31,2189,21,부산광역시,부산BIS
BSB168540301,남부민2동주민센터,35.08376474,129.0204103,2025-10-31,2121,21,부산광역시,부산BIS
BSB168540302,천마우편취급국,35.08515604,129.0221899,2025-10-31,2115,21,부산광역시,부산BIS
BSB168540303,남부민초등학교,35.08775998,129.0234786,2025-10-31,2108,21,부산광역시,부산BIS
BSB168550201,모지포마을입구,35.06282019,129.0164484,2025-10-31,2147,21,부산광역시,부산BIS
BSB168550202,모지포마을,35.06374793,129.0146844,2025-10-31,2148,21,부산광역시,부산BIS
BSB168550301,휴게소,35.06581598,129.0198588,2025-10-31,2145,21,부산광역시,부산BIS
BSB168550302,암남공원,35.06346935,129.0193476,2025-10-31,2146,21,부산광역시,부산BIS
BSB168560101,송도교차로,35.07833805,129.0182996,2025-10-31,2128,21,부산광역시,부산BIS
BSB168560201,송도초등학교,35.07890367,129.0168396,2025-10-31,2136,21,부산광역시,부산BIS
BSB168560202,송도해수욕장,35.07673569,129.0158819,2025-10-31,2139,21,부산광역시,부산BIS
BSB168560203,송도공영주차장,35.07417241,129.0151844,2025-10-31,2140,21,부산광역시,부산BIS
BSB168560204,송도혜성아파트·풍림아이원아파트,35.07230642,129.0158033,2025-10-31,,21,부산광역시,부산BIS
BSB168560301,송도입구,35.07943788,129.0181268,2025-10-31,2129,21,부산광역시,부산BIS
BSB168570101,구덕운동장,35.11661602,129.0168184,2025-10-31,2007,21,부산광역시,부산BIS
BSB168570102,구덕야구장,35.1167491,129.0167287,2025-10-31,,21,부산광역시,부산BIS
BSB168570301,구덕초등학교,35.1195851,129.0129313,2025-10-31,2002,21,부산광역시,부산BIS
BSB168570501,경남고등학교,35.1188775,129.0183411,2025-10-31,2170,21,부산광역시,부산BIS
BSB168580101,구덕초등학교,35.11936457,129.0127091,2025-10-31,2003,21,부산광역시,부산BIS
BSB168590101,광성사,35.09864273,129.0163449,2025-10-31,,21,부산광역시,부산BIS
BSB168590102,대진슈퍼,35.09831993,129.0119922,2025-10-31,,21,부산광역시,부산BIS
BSB168590103,산상교회.비석문화마을,35.09974351,129.0121239,2025-10-31,,21,부산광역시,부산BIS
BSB168590104,세화어린이집,35.09888332,129.0147734,2025-10-31,,21,부산광역시,부산BIS
BSB168590105,아미동공영주차장,35.09901247,129.0134309,2025-10-31,,21,부산광역시,부산BIS
BSB168590106,아미청년회,35.09908473,129.0121164,2025-10-31,,21,부산광역시,부산BIS
BSB168590107,아미초등학교,35.09882022,129.0157726,2025-10-31,,21,부산광역시,부산BIS
BSB168590108,미화당슈퍼,35.09933001,129.0130313,2025-10-31,,21,부산광역시,부산BIS
BSB168590201,감천문화마을.부산교육역사관,35.09734615,129.0103338,2025-10-31,,21,부산광역시,부산BIS
BSB168590202,구감,35.09559002,129.0103809,2025-10-31,,21,부산광역시,부산BIS
BSB168590203,아미동감천삼거리,35.09804158,129.0113878,2025-10-31,,21,부산광역시,부산BIS
BSB168600101,천주교아파트,35.1000685,129.0134112,2025-10-31,2074,21,부산광역시,부산BIS
BSB168600102,아동보호종합센터,35.09995142,129.0160847,2025-10-31,2075,21,부산광역시,부산BIS
BSB168600103,아동보호종합센터,35.09990344,129.0160114,2025-10-31,,21,부산광역시,부산BIS
BSB168600104,천주교아파트,35.10011137,129.0133274,2025-10-31,,21,부산광역시,부산BIS
BSB168600201,세신빌라,35.10060419,129.011417,2025-10-31,,21,부산광역시,부산BIS
BSB168600301,까치새길입구,35.10137485,129.0117167,2025-10-31,2070,21,부산광역시,부산BIS
BSB168600302,아름다운교회,35.10308314,129.0110521,2025-10-31,2071,21,부산광역시,부산BIS
BSB177250201,사하경찰서,35.08628618,128.977319,2025-10-31,10132,21,부산광역시,부산BIS
BSB177250202,사하경찰서,35.08620267,128.9773112,2025-10-31,,21,부산광역시,부산BIS
BSB177260101,사하소방서 사하우체국,35.08898538,128.973104,2025-10-31,,21,부산광역시,부산BIS
BSB177270101,사하경찰서,35.08529209,128.9795359,2025-10-31,,21,부산광역시,부산BIS
BSB177270102,신평,35.08626061,128.9796878,2025-10-31,,21,부산광역시,부산BIS
BSB177270201,기점,35.08484898,128.9798481,2025-10-31,,21,부산광역시,부산BIS
BSB177270301,장림,35.0851852,128.9790958,2025-10-31,10136,21,부산광역시,부산BIS
BSB177280101,제일제당,35.08452878,128.977569,2025-10-31,10140,21,부산광역시,부산BIS
BSB177280102,제일제당,35.0843829,128.977564,2025-10-31,,21,부산광역시,부산BIS
BSB177280201,장림역,35.08306072,128.9785337,2025-10-31,10138,21,부산광역시,부산BIS
BSB177280202,홈플러스,35.0831318,128.9785741,2025-10-31,,21,부산광역시,부산BIS
BSB177290201,장림2동주민센터,35.07766739,128.9727091,2025-10-31,,21,부산광역시,부산BIS
BSB177290202,장림우체국,35.0794035,128.9726505,2025-10-31,,21,부산광역시,부산BIS
BSB177290203,효림초등교,35.07611928,128.9727679,2025-10-31,,21,부산광역시,부산BIS
BSB177290204,장림우체국,35.07922602,128.9726579,2025-10-31,10255,21,부산광역시,부산BIS
BSB177290205,효림초등학교,35.07602943,128.9727728,2025-10-31,10253,21,부산광역시,부산BIS
BSB177350301,스타우프코리아,35.06731944,128.9545485,2025-10-31,,21,부산광역시,부산BIS
BSB177350401,경부산업,35.07054743,128.9559234,2025-10-31,,21,부산광역시,부산BIS
BSB177350402,동아정밀,35.06397174,128.9576331,2025-10-31,,21,부산광역시,부산BIS
BSB177350403,유성식당,35.06798016,128.9566058,2025-10-31,,21,부산광역시,부산BIS
BSB177370101,주.현진,35.05778619,128.9590518,2025-10-31,,21,부산광역시,부산BIS
BSB177370301,선보공업,35.05991822,128.9586962,2025-10-31,,21,부산광역시,부산BIS
BSB177370302,금강공업.홍티아트센터,35.06240631,128.9580438,2025-10-31,,21,부산광역시,부산BIS
BSB177380101,대우아파트,35.05002224,128.9666003,2025-10-31,10198,21,부산광역시,부산BIS
BSB177380102,몰운대아파트,35.05006591,128.967505,2025-10-31,10196,21,부산광역시,부산BIS
BSB177390101,몰운대아파트10,35.05168742,128.967285,2025-10-31,,21,부산광역시,부산BIS
BSB177390401,중현초등학교,35.05135003,128.9659575,2025-10-31,,21,부산광역시,부산BIS
BSB177400101,몰운대아파트102,35.0508186,128.9684134,2025-10-31,,21,부산광역시,부산BIS
BSB177400201,다대해수욕장,35.04964714,128.9693024,2025-10-31,,21,부산광역시,부산BIS
BSB177400202,성원아파트,35.04990737,128.9681831,2025-10-31,,21,부산광역시,부산BIS
BSB177400301,몰운대아파트,35.05028715,128.9676809,2025-10-31,10195,21,부산광역시,부산BIS
BSB177400302,대우아파트,35.05029548,128.9665586,2025-10-31,10197,21,부산광역시,부산BIS
BSB177410101,다대포해수욕장,35.05005651,128.9704549,2025-10-31,10191,21,부산광역시,부산BIS
BSB177410102,다대자유아파트,35.05157345,128.9709648,2025-10-31,10190,21,부산광역시,부산BIS
BSB177410103,다대자유아파트,35.05164662,128.9709836,2025-10-31,,21,부산광역시,부산BIS
BSB177410104,다대해수욕장,35.05013574,128.9704852,2025-10-31,,21,부산광역시,부산BIS
BSB177410201,다대포해수욕장,35.04903932,128.9697239,2025-10-31,10193,21,부산광역시,부산BIS
BSB177430301,다대5지구복지회,35.05163886,128.9632717,2025-10-31,,21,부산광역시,부산BIS
BSB177450101,다대1동주민센터,35.05876094,128.9721124,2025-10-31,10181,21,부산광역시,부산BIS
BSB177450301,다대포항역,35.05743966,128.9709729,2025-10-31,10183,21,부산광역시,부산BIS
BSB177450302,다대우신아파트,35.05461949,128.970447,2025-10-31,10188,21,부산광역시,부산BIS
BSB177450303,다대농협,35.05632426,128.970397,2025-10-31,,21,부산광역시,부산BIS
BSB177450304,다대우신아파트,35.05469468,128.9704417,2025-10-31,,21,부산광역시,부산BIS
BSB177480201,도개공아파트,35.05058183,128.9635405,2025-10-31,,21,부산광역시,부산BIS
BSB177480202,조성하이츠,35.05093272,128.9653278,2025-10-31,,21,부산광역시,부산BIS
BSB177480301,몰운대성당,35.05168814,128.9609732,2025-10-31,,21,부산광역시,부산BIS
BSB177480302,몰운대아파트,35.05222933,128.9610821,2025-10-31,,21,부산광역시,부산BIS
BSB177490301,스타우프코리아,35.06739785,128.9544353,2025-10-31,,21,부산광역시,부산BIS
BSB177530201,CNG충전소,35.07755657,128.951778,2025-10-31,,21,부산광역시,부산BIS
BSB177560101,대동중고등학교,35.08478312,128.982983,2025-10-31,10230,21,부산광역시,부산BIS
BSB177560102,대동중고등학교,35.08477956,128.982878,2025-10-31,,21,부산광역시,부산BIS
BSB177560201,홈플러스,35.08322109,128.9783092,2025-10-31,,21,부산광역시,부산BIS
BSB177560301,대동중고등학교,35.08509292,128.9838731,2025-10-31,10201,21,부산광역시,부산BIS
BSB177570301,주.현진,35.05781615,128.9592303,2025-10-31,,21,부산광역시,부산BIS
BSB177580201,선보공업,35.05980496,128.9585329,2025-10-31,,21,부산광역시,부산BIS
BSB177580202,금강공업.홍티아트센터,35.06236824,128.9578492,2025-10-31,,21,부산광역시,부산BIS
BSB177590101,다대현대아파트,35.06163742,128.9766152,2025-10-31,10176,21,부산광역시,부산BIS
BSB177590102,다대현대아파트,35.06166837,128.9767083,2025-10-31,,21,부산광역시,부산BIS
BSB177590201,다대푸르지오아파트,35.06057788,128.9742711,2025-10-31,10177,21,부산광역시,부산BIS
BSB177590202,다대푸르지오,35.06063771,128.9743214,2025-10-31,,21,부산광역시,부산BIS
BSB177620201,풍조식품,35.08103497,128.9601291,2025-10-31,,21,부산광역시,부산BIS
BSB177630101,서원유통,35.09590336,128.9624942,2025-10-31,,21,부산광역시,부산BIS
BSB177630102,한신아파트상가,35.09736665,128.9650465,2025-10-31,,21,부산광역시,부산BIS
BSB177630201,신평역,35.09480258,128.9620757,2025-10-31,10115,21,부산광역시,부산BIS
BSB177630202,동성화학,35.0912366,128.9642607,2025-10-31,10117,21,부산광역시,부산BIS
BSB177630203,동성화학,35.09161197,128.964012,2025-10-31,,21,부산광역시,부산BIS
BSB177630204,신평역4번출구,35.09490816,128.9620306,2025-10-31,,21,부산광역시,부산BIS
BSB177630301,신남초등학교,35.09758105,128.9613763,2025-10-31,10114,21,부산광역시,부산BIS
BSB177640101,사하중학교,35.10303072,128.9832158,2025-10-31,,21,부산광역시,부산BIS
BSB177640201,노블레스아파트,35.1004109,128.9857183,2025-10-31,,21,부산광역시,부산BIS
BSB177640202,동덕아파트,35.10185349,128.9839069,2025-10-31,,21,부산광역시,부산BIS
BSB177640203,아파트관리사무소,35.10090162,128.9880946,2025-10-31,,21,부산광역시,부산BIS
BSB177640204,자유3차아파트,35.10182914,128.9900863,2025-10-31,,21,부산광역시,부산BIS
BSB177650301,신익아파트,35.10356223,128.9809492,2025-10-31,,21,부산광역시,부산BIS
BSB177670102,괴정시장,35.10085589,128.9956346,2025-10-31,10032,21,부산광역시,부산BIS
BSB177670103,괴정역.괴정시장,35.10049969,128.9948542,2025-10-31,90015,21,부산광역시,부산BIS
BSB177670201,괴정사거리,35.09904182,128.9934538,2025-10-31,10029,21,부산광역시,부산BIS
BSB177670202,괴정사거리.국민은행,35.0991305,128.9934219,2025-10-31,,21,부산광역시,부산BIS
BSB177670301,괴정역.괴정사거리,35.10002633,128.9922256,2025-10-31,10050,21,부산광역시,부산BIS
BSB177670302,괴정역,35.09982046,128.9916761,2025-10-31,,21,부산광역시,부산BIS
BSB177680101,괴정사거리,35.10107305,128.9927633,2025-10-31,,21,부산광역시,부산BIS
BSB177680102,사하도서관,35.10229496,128.9918163,2025-10-31,,21,부산광역시,부산BIS
BSB177690201,동아대입구,35.11232061,128.9642117,2025-10-31,10088,21,부산광역시,부산BIS
BSB177690202,에덴공원,35.11064744,128.9653064,2025-10-31,10084,21,부산광역시,부산BIS
BSB177690203,야구연습장,35.11225796,128.964251,2025-10-31,,21,부산광역시,부산BIS
BSB177690301,동아대입구,35.11336585,128.9638513,2025-10-31,10092,21,부산광역시,부산BIS
BSB177700101,향학서점,35.11062646,128.9660326,2025-10-31,,21,부산광역시,부산BIS
BSB177700201,에덴공원,35.11008833,128.9658033,2025-10-31,10082,21,부산광역시,부산BIS
BSB177700202,하단교차로,35.1079039,128.9671227,2025-10-31,10231,21,부산광역시,부산BIS
BSB177700203,하단교차로,35.10749858,128.9673871,2025-10-31,10232,21,부산광역시,부산BIS
BSB177700204,동아스포츠,35.10978702,128.9658553,2025-10-31,,21,부산광역시,부산BIS
BSB177700301,에덴공원,35.1114089,128.9653082,2025-10-31,10087,21,부산광역시,부산BIS
BSB177700302,동아대입구,35.11260332,128.964507,2025-10-31,10090,21,부산광역시,부산BIS
BSB177710101,건국중학교,35.10657157,128.9703422,2025-10-31,,21,부산광역시,부산BIS
BSB177710102,본병원,35.1062221,128.9687931,2025-10-31,,21,부산광역시,부산BIS
BSB177710301,하단역,35.10580737,128.9673816,2025-10-31,10076,21,부산광역시,부산BIS
BSB184820102,반여초등학교,35.20354052,129.1276754,2025-10-31,9321,21,부산광역시,부산BIS
BSB184820201,인지중학교,35.20425336,129.1250235,2025-10-31,9109,21,부산광역시,부산BIS
BSB184820202,인지초등학교,35.20355843,129.1244759,2025-10-31,,21,부산광역시,부산BIS
BSB184820301,장산성당,35.20539917,129.125222,2025-10-31,,21,부산광역시,부산BIS
BSB184820302,신촌입구,35.20666439,129.1232728,2025-10-31,,21,부산광역시,부산BIS
BSB184820401,영진종합사회복지관,35.20547958,129.1264309,2025-10-31,,21,부산광역시,부산BIS
BSB184840101,반여농산물도매시장남문,35.21315667,129.12243,2025-10-31,9262,21,부산광역시,부산BIS
BSB184840301,반여농산물시장서문,35.21444418,129.1206255,2025-10-31,9362,21,부산광역시,부산BIS
BSB184860101,동해선송정역,35.18722704,129.2028813,2025-10-31,9007,21,부산광역시,부산BIS
BSB184860102,송정2휴먼시아,35.1906619,129.2044995,2025-10-31,9005,21,부산광역시,부산BIS
BSB184860103,송정해수욕장입구(기종점),35.18468828,129.20173,2025-10-31,,21,부산광역시,부산BIS
BSB184860104,브라보주유소,35.19488533,129.2055607,2025-10-31,9002,21,부산광역시,부산BIS
BSB184860201,송정,35.18347555,129.201326,2025-10-31,9009,21,부산광역시,부산BIS
BSB184860202,송정해수욕장,35.1822573,129.2039429,2025-10-31,9010,21,부산광역시,부산BIS
BSB184860203,송정,35.183499,129.2016379,2025-10-31,,21,부산광역시,부산BIS
BSB184860204,송정해수욕장,35.18233361,129.2037797,2025-10-31,,21,부산광역시,부산BIS
BSB184860301,송정1단지주공,35.18132624,129.1991908,2025-10-31,9012,21,부산광역시,부산BIS
BSB184860302,송정1단지주공,35.18147819,129.1992839,2025-10-31,,21,부산광역시,부산BIS
BSB184860402,해동차고지,35.18457542,129.2016614,2025-10-31,,21,부산광역시,부산BIS
BSB184870101,반송시장,35.22690861,129.1486268,2025-10-31,9231,21,부산광역시,부산BIS
BSB184870102,반송시장,35.22699417,129.1486299,2025-10-31,,21,부산광역시,부산BIS
BSB184870301,반송우체국.영산대역,35.22556829,129.1475619,2025-10-31,9228,21,부산광역시,부산BIS
BSB184880201,반송골목시장,35.22323726,129.1502292,2025-10-31,,21,부산광역시,부산BIS
BSB184900201,영산대학교입구,35.22246963,129.1509595,2025-10-31,,21,부산광역시,부산BIS
BSB184900202,성주탕,35.22169094,129.1516747,2025-10-31,,21,부산광역시,부산BIS
BSB184900301,반송골목시장,35.2236675,129.1501057,2025-10-31,,21,부산광역시,부산BIS
BSB184910101,영산대학교입구,35.22257459,129.151138,2025-10-31,,21,부산광역시,부산BIS
BSB184910102,성주탕,35.22183213,129.1518431,2025-10-31,,21,부산광역시,부산BIS
BSB184910201,모던홈마트,35.2210221,129.1522939,2025-10-31,,21,부산광역시,부산BIS
BSB184950101,장산초등학교,35.20059355,129.1192858,2025-10-31,9200,21,부산광역시,부산BIS
BSB184950102,한화꿈에그린아파트,35.19845935,129.1184508,2025-10-31,9199,21,부산광역시,부산BIS
BSB184950103,장산중학교.꿈에그린아파트,35.19873267,129.1186804,2025-10-31,,21,부산광역시,부산BIS
BSB184950201,반여동부산은행,35.19638184,129.1184143,2025-10-31,9197,21,부산광역시,부산BIS
BSB184950202,왕자아파트,35.19655175,129.118442,2025-10-31,,21,부산광역시,부산BIS
BSB184980101,반여3동,35.19975138,129.131577,2025-10-31,9182,21,부산광역시,부산BIS
BSB184980301,수협장산지점,35.19804296,129.1310353,2025-10-31,9181,21,부산광역시,부산BIS
BSB184980302,반여2동,35.19562817,129.1306203,2025-10-31,9178,21,부산광역시,부산BIS
BSB184990101,동부지청,35.18884717,129.1267755,2025-10-31,9169,21,부산광역시,부산BIS
BSB184990201,동부지청입구,35.18836931,129.1271362,2025-10-31,,21,부산광역시,부산BIS
BSB184990301,동부지청입구,35.1882365,129.1261934,2025-10-31,,21,부산광역시,부산BIS
BSB185000101,반산초등학교,35.19407919,129.1306003,2025-10-31,9175,21,부산광역시,부산BIS
BSB185000201,남성파크,35.19276193,129.1295704,2025-10-31,,21,부산광역시,부산BIS
BSB185000301,재송중학교,35.19340343,129.129552,2025-10-31,9174,21,부산광역시,부산BIS
BSB185000302,재송그린아파트,35.19193883,129.128094,2025-10-31,9172,21,부산광역시,부산BIS
BSB185000303,재송그린아파트,35.19181578,129.1280211,2025-10-31,,21,부산광역시,부산BIS
BSB185000304,재송중학교,35.1928495,129.128771,2025-10-31,,21,부산광역시,부산BIS
BSB185010101,재송그린아파트,35.19194924,129.1283434,2025-10-31,9173,21,부산광역시,부산BIS
BSB185010102,재송그린아파트,35.1918129,129.1282831,2025-10-31,,21,부산광역시,부산BIS
BSB185010201,KT재송지사,35.18987561,129.1272035,2025-10-31,,21,부산광역시,부산BIS
BSB185010301,동부지청,35.18930731,129.1265092,2025-10-31,9170,21,부산광역시,부산BIS
BSB185030301,남성파크,35.19289931,129.1296678,2025-10-31,,21,부산광역시,부산BIS
BSB185040101,무정초등학교,35.19799999,129.1229593,2025-10-31,9273,21,부산광역시,부산BIS
BSB185040102,무정초등학교,35.19829246,129.1229393,2025-10-31,,21,부산광역시,부산BIS
BSB185040201,센텀롯데캐슬2차아파트,35.19612529,129.1246583,2025-10-31,,21,부산광역시,부산BIS
BSB185040301,무정삼거리,35.19604424,129.1212932,2025-10-31,9301,21,부산광역시,부산BIS
BSB185040302,무정삼거리,35.19611626,129.1213995,2025-10-31,,21,부산광역시,부산BIS
BSB185040303,무정리,35.195438,129.1204186,2025-10-31,,21,부산광역시,부산BIS
BSB185050101,센텀롯데캐슬2차아파트,35.19633518,129.1247173,2025-10-31,,21,부산광역시,부산BIS
BSB185060302,센텀스타,35.17709775,129.1249065,2025-10-31,,21,부산광역시,부산BIS
BSB185070101,올림픽교차로환승센터,35.16827093,129.1380933,2025-10-31,9718,21,부산광역시,부산BIS
BSB185070201,센텀홈플러스,35.17057287,129.13429,2025-10-31,,21,부산광역시,부산BIS
BSB185070202,홈플러스,35.17040338,129.1340209,2025-10-31,,21,부산광역시,부산BIS
BSB185070303,동해선벡스코역,35.17166466,129.1340826,2025-10-31,9715,21,부산광역시,부산BIS
BSB185100201,센텀시티역.벡스코,35.16974238,129.1327741,2025-10-31,9259,21,부산광역시,부산BIS
BSB185100202,센텀시티2번출구,35.16985076,129.1329691,2025-10-31,,21,부산광역시,부산BIS
BSB185110101,시립미술관(벡스코),35.16729769,129.1364322,2025-10-31,70008,21,부산광역시,부산BIS
BSB185110301,벡스코,35.16753979,129.1339473,2025-10-31,9334,21,부산광역시,부산BIS
BSB185120101,벡스코,35.1673638,129.1337068,2025-10-31,9335,21,부산광역시,부산BIS
BSB185120201,센텀호텔,35.16756075,129.1331413,2025-10-31,,21,부산광역시,부산BIS
BSB185130101,센텀시티역.벡스코,35.1695174,129.1332553,2025-10-31,9136,21,부산광역시,부산BIS
BSB185130102,벡스코,35.16942297,129.1330637,2025-10-31,,21,부산광역시,부산BIS
BSB185130103,센텀시티1번출구,35.16946942,129.1331615,2025-10-31,,21,부산광역시,부산BIS
BSB185130401,롯데백화점센텀시티점,35.16997953,129.1320357,2025-10-31,9336,21,부산광역시,부산BIS
BSB185130402,센텀시티4번출구,35.17010617,129.1319188,2025-10-31,,21,부산광역시,부산BIS
BSB185160301,신세계센텀시티,35.16887379,129.1312065,2025-10-31,9138,21,부산광역시,부산BIS
BSB185170301,센텀시티,35.16858261,129.1305067,2025-10-31,70007,21,부산광역시,부산BIS
BSB185180101,센텀호텔,35.16716723,129.1329719,2025-10-31,,21,부산광역시,부산BIS
BSB185210101,영화의전당,35.1702054,129.1279042,2025-10-31,9369,21,부산광역시,부산BIS
BSB185220101,신세계센텀시티,35.16766738,129.1298636,2025-10-31,9137,21,부산광역시,부산BIS
BSB185270101,해강중고교,35.1631582,129.1365885,2025-10-31,9322,21,부산광역시,부산BIS
BSB185300401,벡스코제2전시장,35.16691967,129.1348749,2025-10-31,9370,21,부산광역시,부산BIS
BSB185300502,벡스코.시립미술관,35.17057256,129.1369897,2025-10-31,9717,21,부산광역시,부산BIS
BSB185320101,요트경기장,35.16279603,129.1413822,2025-10-31,9130,21,부산광역시,부산BIS
BSB185320301,해강중고교,35.16343218,129.1365446,2025-10-31,9320,21,부산광역시,부산BIS
BSB185410203,중동119안전센터,35.16116778,129.1768173,2025-10-31,9356,21,부산광역시,부산BIS
BSB185410204,동백초등학교,35.16386889,129.1816634,2025-10-31,9352,21,부산광역시,부산BIS
BSB185410205,중2동주민센터,35.16234811,129.180295,2025-10-31,9354,21,부산광역시,부산BIS
BSB185410206,동백초등학교,35.16377122,129.181584,2025-10-31,,21,부산광역시,부산BIS
BSB185410207,중2동주민센터,35.16225051,129.1802101,2025-10-31,,21,부산광역시,부산BIS
BSB185410208,중동119안전센터,35.16115683,129.1766365,2025-10-31,,21,부산광역시,부산BIS
BSB185420101,동백초등학교.해운대보건소,35.16376433,129.1800511,2025-10-31,9025,21,부산광역시,부산BIS
BSB185430301,신동아아파트,35.16296349,129.1557025,2025-10-31,9100,21,부산광역시,부산BIS
BSB185430302,신동아아파트,35.16284965,129.1555523,2025-10-31,,21,부산광역시,부산BIS
BSB185440301,아림비치맨션,35.16439793,129.1568641,2025-10-31,9099,21,부산광역시,부산BIS
BSB194860101,엄궁농산물도매시장,35.12812375,128.9666105,2025-10-31,15267,21,부산광역시,부산BIS
BSB194860201,엄궁농산물도매시장,35.12684941,128.9666843,2025-10-31,15280,21,부산광역시,부산BIS
BSB194890101,농협공판장,35.13038013,128.9674096,2025-10-31,15268,21,부산광역시,부산BIS
BSB194890201,부산청과,35.12814807,128.9663481,2025-10-31,,21,부산광역시,부산BIS
BSB194890202,엄궁농산물도매시장,35.12810775,128.9663334,2025-10-31,15263,21,부산광역시,부산BIS
BSB194900101,엄궁롯데캐슬,35.12856641,128.9748023,2025-10-31,15238,21,부산광역시,부산BIS
BSB194910201,엄궁화물터미널(종점),35.1271463,128.9657406,2025-10-31,15197,21,부산광역시,부산BIS
BSB194920102,주례우체국,35.15132365,128.9975094,2025-10-31,15122,21,부산광역시,부산BIS
BSB194920103,주례1동주민센터,35.15110403,128.9979845,2025-10-31,,21,부산광역시,부산BIS
BSB194920301,북부산세무서.감전역,35.15519429,128.9919245,2025-10-31,15098,21,부산광역시,부산BIS
BSB194940101,삼락생태공원,35.17037751,128.9771057,2025-10-31,15060,21,부산광역시,부산BIS
BSB194940301,삼락생태공원,35.16843972,128.9765704,2025-10-31,15061,21,부산광역시,부산BIS
BSB194950101,KEB하나은행,35.15973473,128.9841509,2025-10-31,15087,21,부산광역시,부산BIS
BSB194950201,감전교회,35.15730996,128.9846832,2025-10-31,15090,21,부산광역시,부산BIS
BSB194950202,감전초등학교,35.15669181,128.9865745,2025-10-31,15094,21,부산광역시,부산BIS
BSB194950301,감전시장,35.15648176,128.9832659,2025-10-31,15092,21,부산광역시,부산BIS
BSB194950401,산업용품유통상가,35.15852909,128.9801021,2025-10-31,15259,21,부산광역시,부산BIS
BSB194950402,서감초등학교,35.15797059,128.9832594,2025-10-31,15258,21,부산광역시,부산BIS
BSB194960201,감전동종점,35.15751764,128.9792025,2025-10-31,15257,21,부산광역시,부산BIS
BSB194970301,괘법르네시떼역.르네시떼,35.16392538,128.9758001,2025-10-31,15208,21,부산광역시,부산BIS
BSB194980101,덕포시장,35.17103491,128.9830798,2025-10-31,15054,21,부산광역시,부산BIS
BSB194980102,덕포시장.덕포역,35.17250446,128.983623,2025-10-31,15053,21,부산광역시,부산BIS
BSB194980103,덕포시장.사상생활사박물관,35.17160228,128.9832662,2025-10-31,,21,부산광역시,부산BIS
BSB194980104,덕포역,35.17327124,128.9839391,2025-10-31,,21,부산광역시,부산BIS
BSB194990301,새벽시장,35.15398764,128.982638,2025-10-31,15138,21,부산광역시,부산BIS
BSB194990401,제일약국,35.15517836,128.981049,2025-10-31,15227,21,부산광역시,부산BIS
BSB195000301,럭키슈퍼,35.15555326,128.9791144,2025-10-31,15191,21,부산광역시,부산BIS
BSB195010101,부산전문장례식장,35.15470903,128.9734968,2025-10-31,15285,21,부산광역시,부산BIS
BSB195040401,진흥스틸,35.14774684,128.9839291,2025-10-31,15248,21,부산광역시,부산BIS
BSB195050201,학장초등학교,35.14602164,128.9852308,2025-10-31,15260,21,부산광역시,부산BIS
BSB195050202,학장동 종점,35.14565485,128.9873384,2025-10-31,,21,부산광역시,부산BIS
BSB195050301,학장초등학교,35.14567064,128.984498,2025-10-31,15147,21,부산광역시,부산BIS
BSB195060101,학장초등학교,35.14513497,128.984673,2025-10-31,15148,21,부산광역시,부산BIS
BSB195060201,학장교차로,35.14263459,128.9862417,2025-10-31,15164,21,부산광역시,부산BIS
BSB195060301,학장교,35.14140785,128.9834847,2025-10-31,15166,21,부산광역시,부산BIS
BSB195070201,엄궁농산물단지서비스동,35.13042938,128.9670995,2025-10-31,,21,부산광역시,부산BIS
BSB195070202,농협공판장,35.13051006,128.9671261,2025-10-31,15262,21,부산광역시,부산BIS
BSB195070301,철강단지,35.13202648,128.966348,2025-10-31,15192,21,부산광역시,부산BIS
BSB195080101,엄궁중학교,35.13663885,128.9763893,2025-10-31,15175,21,부산광역시,부산BIS
BSB195080102,반도보라아파트,35.13810135,128.9783142,2025-10-31,15174,21,부산광역시,부산BIS
BSB195080103,학장중학교,35.13992837,128.9816748,2025-10-31,15168,21,부산광역시,부산BIS
BSB195080201,엄궁럭키아파트,35.13346737,128.9737196,2025-10-31,15216,21,부산광역시,부산BIS
BSB195100101,경동스틸,35.13639935,128.9750781,2025-10-31,15177,21,부산광역시,부산BIS
BSB195100102,케스텍코리아,35.1390613,128.9773046,2025-10-31,15172,21,부산광역시,부산BIS
BSB195100301,엄궁정비,35.13661957,128.9712993,2025-10-31,15179,21,부산광역시,부산BIS
BSB195110201,학장입구,35.1498053,128.9860519,2025-10-31,15134,21,부산광역시,부산BIS
BSB195110301,학장입구,35.14956635,128.9854261,2025-10-31,15207,21,부산광역시,부산BIS
BSB195110401,학장입구,35.15045279,128.9854378,2025-10-31,15135,21,부산광역시,부산BIS
BSB195120101,사상전화국,35.14726863,128.9890798,2025-10-31,15150,21,부산광역시,부산BIS
BSB195130101,북부산세무서.감전역,35.15500044,128.9917189,2025-10-31,15097,21,부산광역시,부산BIS
BSB195130102,감전역,35.15512938,128.99152,2025-10-31,,21,부산광역시,부산BIS
BSB195130103,삼덕라이닝,35.1532977,128.9942185,2025-10-31,,21,부산광역시,부산BIS
BSB195130104,온골마을입구,35.15266527,128.9951072,2025-10-31,15284,21,부산광역시,부산BIS
BSB195130201,북부산세무서.감전역,35.1550072,128.9907053,2025-10-31,15095,21,부산광역시,부산BIS
BSB195140101,북부산세무서.감전역,35.1548615,128.9909335,2025-10-31,15096,21,부산광역시,부산BIS
BSB195140102,북부산세무서,35.15454421,128.9908475,2025-10-31,,21,부산광역시,부산BIS
BSB195140301,사상구청,35.15143374,128.9897662,2025-10-31,15132,21,부산광역시,부산BIS
BSB195150101,북부운전면허시험장,35.1765955,128.9804494,2025-10-31,,21,부산광역시,부산BIS
BSB195150102,사상소방서,35.1750916,128.9800785,2025-10-31,,21,부산광역시,부산BIS
BSB195160301,덕포시장.사상생활사박물관,35.17249245,128.9789615,2025-10-31,,21,부산광역시,부산BIS
BSB195160302,삼락생태공원,35.17059188,128.9785108,2025-10-31,,21,부산광역시,부산BIS
BSB195170301,삼락동주민센터,35.17751303,128.9764963,2025-10-31,15041,21,부산광역시,부산BIS
BSB195200301,북부운전면허시험장,35.17696724,128.9800358,2025-10-31,,21,부산광역시,부산BIS
BSB195200302,사상소방서,35.17518521,128.9796201,2025-10-31,,21,부산광역시,부산BIS
BSB195230201,학장교차로,35.14470861,128.9879107,2025-10-31,15156,21,부산광역시,부산BIS
BSB195240301,덕포청구아파트,35.16931213,128.9903828,2025-10-31,15229,21,부산광역시,부산BIS
BSB195250101,한전북부산지점,35.16866849,128.9905719,2025-10-31,15231,21,부산광역시,부산BIS
BSB195250202,덕포청구아파트,35.16934643,128.990288,2025-10-31,,21,부산광역시,부산BIS
BSB195250301,덕포경동1차아파트,35.17090472,128.9903342,2025-10-31,,21,부산광역시,부산BIS
BSB195250302,덕포경동2차아파트,35.17034522,128.9909297,2025-10-31,,21,부산광역시,부산BIS
BSB195250303,덕포청구아파트,35.1692901,128.9907009,2025-10-31,,21,부산광역시,부산BIS
BSB195250304,오양힐타운아파트,35.17211303,128.9888987,2025-10-31,,21,부산광역시,부산BIS
BSB195260101,감전시장,35.15661368,128.9835846,2025-10-31,15091,21,부산광역시,부산BIS
BSB195270101,사상구청,35.15277034,128.9904156,2025-10-31,15131,21,부산광역시,부산BIS
BSB195270102,사상구청,35.15235407,128.990288,2025-10-31,,21,부산광역시,부산BIS
BSB195270103,쌍용자동차,35.15104077,128.989937,2025-10-31,,21,부산광역시,부산BIS
BSB195290301,감전동,35.1491897,128.9711354,2025-10-31,15143,21,부산광역시,부산BIS
BSB195310101,주감초등학교,35.15332434,129.0016635,2025-10-31,,21,부산광역시,부산BIS
BSB195310201,주감초등학교,35.1525966,129.0016464,2025-10-31,,21,부산광역시,부산BIS
BSB195310301,주감초등학교,35.15294601,129.0010684,2025-10-31,15103,21,부산광역시,부산BIS
BSB195320201,보훈병원,35.15246956,129.004134,2025-10-31,15106,21,부산광역시,부산BIS
BSB195330101,동일아파트,35.15391944,129.0022551,2025-10-31,,21,부산광역시,부산BIS
BSB195340201,주례청구아파트후문,35.15495872,129.0023449,2025-10-31,,21,부산광역시,부산BIS
BSB195350201,주례동일1차아파트,35.15444547,128.9981857,2025-10-31,,21,부산광역시,부산BIS
BSB195360401,엄궁한신1차아파트,35.12570777,128.9676211,2025-10-31,15198,21,부산광역시,부산BIS
BSB195410301,엄궁아파트,35.13012538,128.9739479,2025-10-31,15266,21,부산광역시,부산BIS
BSB195460101,대학당약국,35.15623787,128.9819471,2025-10-31,15253,21,부산광역시,부산BIS
BSB195470101,주례현대아파트,35.15398575,129.0035651,2025-10-31,,21,부산광역시,부산BIS
BSB195470301,주례현대아파트,35.15382242,129.003286,2025-10-31,,21,부산광역시,부산BIS
BSB195480201,부산보훈병원,35.15309839,129.0052487,2025-10-31,,21,부산광역시,부산BIS
BSB195500101,참사랑어린이집,35.15497736,129.0039419,2025-10-31,,21,부산광역시,부산BIS
BSB195510101,백운사,35.15588304,129.0039422,2025-10-31,,21,부산광역시,부산BIS
BSB168600303,까치고개,35.10448842,129.0115063,2025-10-31,2195,21,부산광역시,부산BIS
BSB168610101,삼육부산병원.서대신역,35.11154248,129.0118194,2025-10-31,2035,21,부산광역시,부산BIS
BSB168610102,서대신역,35.11146355,129.0118602,2025-10-31,,21,부산광역시,부산BIS
BSB168610201,광민약국.서대신동,35.11118352,129.0096891,2025-10-31,2039,21,부산광역시,부산BIS
BSB168610202,광민약국.서대신동,35.11109889,129.0096689,2025-10-31,,21,부산광역시,부산BIS
BSB168610203,삼육부산병원,35.11230926,129.0105869,2025-10-31,,21,부산광역시,부산BIS
BSB168610204,협성아파트,35.11319656,129.0106087,2025-10-31,,21,부산광역시,부산BIS
BSB168610301,남성한빛.대신더샵,35.11656072,129.0107133,2025-10-31,,21,부산광역시,부산BIS
BSB168610302,대신롯데캐슬아파트,35.11533534,129.0106997,2025-10-31,,21,부산광역시,부산BIS
BSB168610303,협성아파트,35.11353768,129.0112313,2025-10-31,,21,부산광역시,부산BIS
BSB168620101,서대신역.서대신교차로,35.11225669,129.0132317,2025-10-31,2041,21,부산광역시,부산BIS
BSB168620102,부경고교,35.11354157,129.0139598,2025-10-31,2042,21,부산광역시,부산BIS
BSB168620103,서대신역,35.11167848,129.0128949,2025-10-31,,21,부산광역시,부산BIS
BSB168620104,부경고등학교,35.11346574,129.0139218,2025-10-31,,21,부산광역시,부산BIS
BSB168620201,서대신역.서부경찰서,35.11031152,129.0130246,2025-10-31,2040,21,부산광역시,부산BIS
BSB168620302,서대신교차로.서대신역,35.11057689,129.0111201,2025-10-31,2036,21,부산광역시,부산BIS
BSB168620401,삼육부산병원,35.11266757,129.0116632,2025-10-31,2034,21,부산광역시,부산BIS
BSB168630201,동산교회,35.08439027,129.0157694,2025-10-31,2187,21,부산광역시,부산BIS
BSB168640301,해강노인관,35.08452649,129.0197764,2025-10-31,2174,21,부산광역시,부산BIS
BSB168640302,남부민동경로당,35.08749759,129.0218997,2025-10-31,2113,21,부산광역시,부산BIS
BSB168640303,동천아파트,35.09002075,129.0217588,2025-10-31,2110,21,부산광역시,부산BIS
BSB168640304,대원사,35.09168922,129.019981,2025-10-31,2101,21,부산광역시,부산BIS
BSB168640305,초장동,35.09262909,129.0188277,2025-10-31,2099,21,부산광역시,부산BIS
BSB168660201,민방위교육장,35.12111575,129.0094463,2025-10-31,,21,부산광역시,부산BIS
BSB168670101,부산터널입구,35.11166396,129.0228448,2025-10-31,2023,21,부산광역시,부산BIS
BSB168670201,화랑초등학교,35.10991056,129.022278,2025-10-31,2019,21,부산광역시,부산BIS
BSB168670301,동대시장.동대신역,35.11041004,129.0184501,2025-10-31,2022,21,부산광역시,부산BIS
BSB168670302,동대신시장,35.11076351,129.0193595,2025-10-31,,21,부산광역시,부산BIS
BSB168670303,부산은행,35.11135343,129.0210646,2025-10-31,,21,부산광역시,부산BIS
BSB168680101,민들레맨션,35.10914612,129.0094662,2025-10-31,2155,21,부산광역시,부산BIS
BSB168680102,자유아파트,35.1096349,129.0096281,2025-10-31,,21,부산광역시,부산BIS
BSB168680201,대티배수지,35.10783456,129.0096118,2025-10-31,,21,부산광역시,부산BIS
BSB168680202,부민석유,35.10584071,129.0163546,2025-10-31,,21,부산광역시,부산BIS
BSB168680203,부민e편한세상아파트,35.10420942,129.0168414,2025-10-31,,21,부산광역시,부산BIS
BSB168680204,산월경로당,35.10660572,129.0122124,2025-10-31,,21,부산광역시,부산BIS
BSB168680205,연성아파트,35.10785678,129.0107212,2025-10-31,,21,부산광역시,부산BIS
BSB168680206,대신푸르지오,35.10721641,129.0148143,2025-10-31,,21,부산광역시,부산BIS
BSB168680207,청송슈퍼,35.10387964,129.0164988,2025-10-31,,21,부산광역시,부산BIS
BSB168680208,한일공업사,35.10686045,129.0137112,2025-10-31,,21,부산광역시,부산BIS
BSB168720201,남부민시장입구,35.0931682,129.0221187,2025-10-31,2103,21,부산광역시,부산BIS
BSB168730201,남부민초등학교,35.08821463,129.023193,2025-10-31,2109,21,부산광역시,부산BIS
BSB168730202,천마우편취급국,35.08593527,129.0224777,2025-10-31,2114,21,부산광역시,부산BIS
BSB168730203,남부민2동주민센터,35.08355896,129.0202943,2025-10-31,2122,21,부산광역시,부산BIS
BSB168750201,대원사,35.09153594,129.0198346,2025-10-31,2100,21,부산광역시,부산BIS
BSB168750202,동천아파트,35.09054675,129.021544,2025-10-31,2111,21,부산광역시,부산BIS
BSB168750203,남부민동경로당,35.0877169,129.0216716,2025-10-31,2112,21,부산광역시,부산BIS
BSB168750204,해강노인관,35.08511842,129.0202185,2025-10-31,2173,21,부산광역시,부산BIS
BSB168750205,남부민동,35.08326948,129.0179927,2025-10-31,2186,21,부산광역시,부산BIS
BSB168750301,초장중학교,35.09445526,129.0191443,2025-10-31,2096,21,부산광역시,부산BIS
BSB168750302,하동상회,35.09622505,129.018337,2025-10-31,2094,21,부산광역시,부산BIS
BSB168760101,광민약국.서대신동,35.11105227,129.0098956,2025-10-31,2038,21,부산광역시,부산BIS
BSB168760102,광민약국.서대신동,35.11097364,129.0098851,2025-10-31,,21,부산광역시,부산BIS
BSB168760103,삼육부산병원,35.11232643,129.0108663,2025-10-31,,21,부산광역시,부산BIS
BSB168760201,민들레맨션,35.10876245,129.0091275,2025-10-31,2154,21,부산광역시,부산BIS
BSB168760202,자유아파트,35.10971878,129.0093804,2025-10-31,,21,부산광역시,부산BIS
BSB168770301,민방위교육장,35.12125555,129.009713,2025-10-31,,21,부산광역시,부산BIS
BSB168770401,대신롯데캐슬아파트,35.11729325,129.0095852,2025-10-31,,21,부산광역시,부산BIS
BSB168770402,민방위교육장,35.12039216,129.0095852,2025-10-31,,21,부산광역시,부산BIS
BSB168770403,효목빌라,35.11883144,129.0093479,2025-10-31,,21,부산광역시,부산BIS
BSB168780101,대신중학교,35.11702327,129.0139236,2025-10-31,2169,21,부산광역시,부산BIS
BSB168780102,경성전자고등학교,35.11605574,129.0135498,2025-10-31,2149,21,부산광역시,부산BIS
BSB168780103,구덕운동장,35.11707219,129.0139902,2025-10-31,,21,부산광역시,부산BIS
BSB168780301,서부교육청,35.11791697,129.0122111,2025-10-31,2004,21,부산광역시,부산BIS
BSB168780302,서대신금호아파트(종점),35.11949953,129.0112862,2025-10-31,2160,21,부산광역시,부산BIS
BSB168780303,경성전자고등학교,35.11670757,129.0128738,2025-10-31,,21,부산광역시,부산BIS
BSB168780304,금호아파트,35.11900036,129.011634,2025-10-31,,21,부산광역시,부산BIS
BSB168780305,남성한빛.대신더샵,35.1177464,129.0122864,2025-10-31,,21,부산광역시,부산BIS
BSB168790201,동아대학교병원,35.12025594,129.0163645,2025-10-31,,21,부산광역시,부산BIS
BSB168790301,동아대학교구덕캠퍼스,35.12077851,129.0174768,2025-10-31,,21,부산광역시,부산BIS
BSB168800101,아미파출소,35.10053486,129.0163013,2025-10-31,,21,부산광역시,부산BIS
BSB168800201,부산서교회,35.10202209,129.0165728,2025-10-31,,21,부산광역시,부산BIS
BSB168810101,대티배수지,35.1079994,129.009731,2025-10-31,,21,부산광역시,부산BIS
BSB168810102,부민석유,35.10573923,129.0166346,2025-10-31,,21,부산광역시,부산BIS
BSB168810103,부민e편한세상아파트,35.10414326,129.0170263,2025-10-31,,21,부산광역시,부산BIS
BSB168810104,산월노인정,35.10664154,129.012504,2025-10-31,,21,부산광역시,부산BIS
BSB168810105,연성아파트,35.10798185,129.0114726,2025-10-31,,21,부산광역시,부산BIS
BSB168810106,대신푸르지오,35.10740471,129.0148765,2025-10-31,,21,부산광역시,부산BIS
BSB168810107,청송슈퍼,35.10309384,129.0166055,2025-10-31,,21,부산광역시,부산BIS
BSB168810108,한일공업사,35.10707108,129.0137848,2025-10-31,,21,부산광역시,부산BIS
BSB168810301,부산서교회,35.10238746,129.0164145,2025-10-31,,21,부산광역시,부산BIS
BSB168820301,서여고,35.11255487,129.0213371,2025-10-31,2024,21,부산광역시,부산BIS
BSB168830101,구덕꽃마을,35.12725896,129.0070587,2025-10-31,,21,부산광역시,부산BIS
BSB168840101,구덕꽃마을,35.12729994,129.0073494,2025-10-31,,21,부산광역시,부산BIS
BSB168850101,성진수산,35.06213807,129.0130999,2025-10-31,2178,21,부산광역시,부산BIS
BSB168850201,부산국제수산물도매시장,35.05988632,129.0112792,2025-10-31,2179,21,부산광역시,부산BIS
BSB168870201,마리아수녀회,35.08234815,129.0122988,2025-10-31,2188,21,부산광역시,부산BIS
BSB168950101,동아대학교병원,35.11942772,129.0166502,2025-10-31,2057,21,부산광역시,부산BIS
BSB168950201,경남고등학교입구,35.11715714,129.0192323,2025-10-31,,21,부산광역시,부산BIS
BSB168950301,동대신3동,35.1172523,129.0182343,2025-10-31,2009,21,부산광역시,부산BIS
BSB168950302,동대신3동,35.11748737,129.0183296,2025-10-31,,21,부산광역시,부산BIS
BSB168960201,대청마루,35.11467296,129.0258802,2025-10-31,,21,부산광역시,부산BIS
BSB168960202,영산3동아파트,35.11619284,129.0230023,2025-10-31,,21,부산광역시,부산BIS
BSB168960203,한국빌라,35.11557976,129.0246995,2025-10-31,,21,부산광역시,부산BIS
BSB169030401,초량역3번출구,35.12021611,129.0415405,2025-10-31,3082,21,부산광역시,부산BIS
BSB177710401,하단역환승센터,35.10634479,128.9663905,2025-10-31,10077,21,부산광역시,부산BIS
BSB177710402,하단역,35.10634881,128.9661092,2025-10-31,90024,21,부산광역시,부산BIS
BSB177710501,하단교차로,35.10766361,128.967766,2025-10-31,10081,21,부산광역시,부산BIS
BSB177710502,에덴공원,35.11082519,128.9656662,2025-10-31,10085,21,부산광역시,부산BIS
BSB177710503,하단오거리,35.10730665,128.9679728,2025-10-31,,21,부산광역시,부산BIS
BSB177730101,뉴코아아울렛,35.09804436,128.9941039,2025-10-31,10028,21,부산광역시,부산BIS
BSB177730102,뉴코아아울렛,35.09797394,128.9941156,2025-10-31,,21,부산광역시,부산BIS
BSB177740101,신평입구,35.09763916,128.986494,2025-10-31,10053,21,부산광역시,부산BIS
BSB177740201,까치슈퍼,35.09650871,128.992202,2025-10-31,,21,부산광역시,부산BIS
BSB177740202,동아고교,35.09665728,128.9885394,2025-10-31,,21,부산광역시,부산BIS
BSB177740203,동아공고,35.09675674,128.9871455,2025-10-31,,21,부산광역시,부산BIS
BSB177740204,천일로얄맨션,35.09678757,128.990767,2025-10-31,,21,부산광역시,부산BIS
BSB177740301,사남신익아파트,35.09673224,128.9833407,2025-10-31,10059,21,부산광역시,부산BIS
BSB177740302,사남초등학교,35.09677212,128.9809547,2025-10-31,10058,21,부산광역시,부산BIS
BSB177740303,사남초교,35.09676679,128.9810545,2025-10-31,,21,부산광역시,부산BIS
BSB177740304,신익빌라,35.09673208,128.9832579,2025-10-31,,21,부산광역시,부산BIS
BSB177750201,감천삼거리,35.0914992,128.9933298,2025-10-31,10023,21,부산광역시,부산BIS
BSB177750202,구평고개,35.08803267,128.9939549,2025-10-31,10014,21,부산광역시,부산BIS
BSB177750203,구평화신아파트,35.08641155,128.9931171,2025-10-31,10015,21,부산광역시,부산BIS
BSB177750204,감천고개,35.09244836,128.9929357,2025-10-31,,21,부산광역시,부산BIS
BSB177750205,구평고개,35.08811485,128.9939823,2025-10-31,,21,부산광역시,부산BIS
BSB177750206,구평화신아파트,35.08651388,128.9931803,2025-10-31,,21,부산광역시,부산BIS
BSB177750301,감천삼거리,35.09350834,128.9929758,2025-10-31,10025,21,부산광역시,부산BIS
BSB177750302,장평중학교.감천삼거리,35.09320216,128.992955,2025-10-31,,21,부산광역시,부산BIS
BSB177760101,구평초등학교,35.08545481,128.9905792,2025-10-31,10019,21,부산광역시,부산BIS
BSB177760102,구평초등학교,35.08552506,128.9904526,2025-10-31,,21,부산광역시,부산BIS
BSB177770201,삼풍아파트,35.09592492,128.9934533,2025-10-31,10027,21,부산광역시,부산BIS
BSB177770202,삼풍아파트,35.09578806,128.9934209,2025-10-31,,21,부산광역시,부산BIS
BSB177770301,까치슈퍼,35.09673456,128.9922893,2025-10-31,,21,부산광역시,부산BIS
BSB177770302,동아고교,35.09687061,128.9885519,2025-10-31,,21,부산광역시,부산BIS
BSB177770303,동아공고,35.09695827,128.9872245,2025-10-31,,21,부산광역시,부산BIS
BSB177770304,천일로얄맨션,35.09699521,128.9907501,2025-10-31,,21,부산광역시,부산BIS
BSB177780101,하단역,35.10557575,128.9675998,2025-10-31,10236,21,부산광역시,부산BIS
BSB177780301,하단1동주민센터,35.10431229,128.963989,2025-10-31,10104,21,부산광역시,부산BIS
BSB177790301,YK스틸,35.08583375,128.9861538,2025-10-31,10017,21,부산광역시,부산BIS
BSB177790303,YK스틸,35.08578706,128.9860698,2025-10-31,,21,부산광역시,부산BIS
BSB177800101,YK스틸,35.08558587,128.9864234,2025-10-31,10018,21,부산광역시,부산BIS
BSB177800102,YK스틸,35.08555214,128.9863656,2025-10-31,,21,부산광역시,부산BIS
BSB177800201,구평동주민센터,35.08207462,128.9877586,2025-10-31,,21,부산광역시,부산BIS
BSB177800202,금호아파트,35.08367975,128.9851016,2025-10-31,,21,부산광역시,부산BIS
BSB177800301,대동중고등학교,35.0850884,128.982123,2025-10-31,,21,부산광역시,부산BIS
BSB177800302,대동중고등학교,35.08507782,128.9828249,2025-10-31,,21,부산광역시,부산BIS
BSB177800402,구평e편한세상입구,35.08269112,128.9857628,2025-10-31,10280,21,부산광역시,부산BIS
BSB177810201,장림2치안센터,35.08056627,128.9775013,2025-10-31,,21,부산광역시,부산BIS
BSB177810301,장림역,35.08006624,128.9771508,2025-10-31,10162,21,부산광역시,부산BIS
BSB177810302,영남중학교,35.07814639,128.9771099,2025-10-31,10165,21,부산광역시,부산BIS
BSB177810303,신장림역,35.07487866,128.9765081,2025-10-31,10166,21,부산광역시,부산BIS
BSB177810304,영남중학교,35.07804818,128.9770982,2025-10-31,,21,부산광역시,부산BIS
BSB177810305,장림역,35.07999896,128.9771529,2025-10-31,,21,부산광역시,부산BIS
BSB177810306,신장림역,35.07476117,128.9764738,2025-10-31,,21,부산광역시,부산BIS
BSB177810401,장림초등학교,35.08071712,128.9758641,2025-10-31,10160,21,부산광역시,부산BIS
BSB177810402,장림우체국,35.0807395,128.9731586,2025-10-31,10159,21,부산광역시,부산BIS
BSB177810403,장림우체국,35.08073912,128.9730695,2025-10-31,,21,부산광역시,부산BIS
BSB177810404,장림초등학교,35.08071664,128.9761811,2025-10-31,,21,부산광역시,부산BIS
BSB177820101,신장림역,35.07500029,128.9768694,2025-10-31,10167,21,부산광역시,부산BIS
BSB177820102,영남중학교,35.07836399,128.9774625,2025-10-31,10164,21,부산광역시,부산BIS
BSB177820103,장림역,35.08005698,128.9774908,2025-10-31,10163,21,부산광역시,부산BIS
BSB177820104,영남중학교,35.07819183,128.9774486,2025-10-31,,21,부산광역시,부산BIS
BSB177820105,장림역,35.08014239,128.9774953,2025-10-31,,21,부산광역시,부산BIS
BSB177820106,신장림역,35.07484765,128.9768242,2025-10-31,,21,부산광역시,부산BIS
BSB177820201,극동정림아파트,35.07246105,128.9763766,2025-10-31,,21,부산광역시,부산BIS
BSB177850301,벽산하버스,35.10122272,129.0036366,2025-10-31,,21,부산광역시,부산BIS
BSB177850302,성신슈퍼,35.1024426,129.0037103,2025-10-31,,21,부산광역시,부산BIS
BSB177860101,성신슈퍼,35.10233971,129.003938,2025-10-31,,21,부산광역시,부산BIS
BSB177860301,롯데마트,35.1027868,129.0016955,2025-10-31,,21,부산광역시,부산BIS
BSB177870102,괴정화신아파트,35.09972911,129.0000551,2025-10-31,,21,부산광역시,부산BIS
BSB177870103,동주경로당,35.09993939,129.0022826,2025-10-31,,21,부산광역시,부산BIS
BSB177890101,감천2동,35.09088816,129.00666,2025-10-31,,21,부산광역시,부산BIS
BSB177890102,수협,35.08891603,129.0053075,2025-10-31,10008,21,부산광역시,부산BIS
BSB177890201,감천문화마을.부산교육역사관,35.09728657,129.0106665,2025-10-31,,21,부산광역시,부산BIS
BSB177890202,구감,35.09567975,129.0105951,2025-10-31,,21,부산광역시,부산BIS
BSB177890203,한샘슈퍼,35.09781006,129.0114563,2025-10-31,,21,부산광역시,부산BIS
BSB177890301,감천2동삼거리,35.09286664,129.008809,2025-10-31,,21,부산광역시,부산BIS
BSB177890302,감천2동새마을금고,35.09240586,129.00846,2025-10-31,,21,부산광역시,부산BIS
BSB177890303,감천2치안센터,35.09449351,129.0100766,2025-10-31,,21,부산광역시,부산BIS
BSB177900101,하단SK뷰아파트정문,35.11667451,128.9606618,2025-10-31,,21,부산광역시,부산BIS
BSB177910101,을숙도초등학교,35.11456877,128.9616732,2025-10-31,10091,21,부산광역시,부산BIS
BSB177910201,가락타운115동,35.11259604,128.9596416,2025-10-31,10099,21,부산광역시,부산BIS
BSB177910202,가락타운104동,35.10932954,128.9586911,2025-10-31,10100,21,부산광역시,부산BIS
BSB177910401,하단SK뷰아파트정문,35.11656494,128.9605761,2025-10-31,,21,부산광역시,부산BIS
BSB177940101,다대새마을금고,35.0574957,128.973493,2025-10-31,10182,21,부산광역시,부산BIS
BSB177940102,다대새마을금고,35.05743062,128.9733167,2025-10-31,,21,부산광역시,부산BIS
BSB177950101,다대회센터,35.05506483,128.9716905,2025-10-31,10186,21,부산광역시,부산BIS
BSB177950102,다대포항역.다대수협,35.05604727,128.9716518,2025-10-31,10185,21,부산광역시,부산BIS
BSB177950103,다대수협,35.0561201,128.9716498,2025-10-31,,21,부산광역시,부산BIS
BSB177950104,다대회센터,35.05514119,128.9717194,2025-10-31,,21,부산광역시,부산BIS
BSB177960201,몰운대아파트102,35.05133346,128.9683656,2025-10-31,,21,부산광역시,부산BIS
BSB177970101,오리엔트조선,35.05131684,128.9986523,2025-10-31,,21,부산광역시,부산BIS
BSB177970301,부광조선,35.05589194,128.997158,2025-10-31,,21,부산광역시,부산BIS
BSB177970302,양평슈퍼,35.05421771,128.9978139,2025-10-31,,21,부산광역시,부산BIS
BSB177970303,한국선박,35.05788441,128.9955483,2025-10-31,,21,부산광역시,부산BIS
BSB177980101,부광조선,35.05585114,128.9968995,2025-10-31,,21,부산광역시,부산BIS
BSB177980102,양평슈퍼,35.05434877,128.997475,2025-10-31,,21,부산광역시,부산BIS
BSB177980103,한국선박,35.05758957,128.9954858,2025-10-31,,21,부산광역시,부산BIS
BSB177980301,한국선박,35.0630548,128.9922105,2025-10-31,,21,부산광역시,부산BIS
BSB177980401,두송대선터널앞,35.05396492,128.9948754,2025-10-31,10264,21,부산광역시,부산BIS
BSB185440302,아림비치맨션,35.16451046,129.1569185,2025-10-31,,21,부산광역시,부산BIS
BSB185490201,우성빌라트,35.16355317,129.1849124,2025-10-31,,21,부산광역시,부산BIS
BSB185490202,동백초등학교.힐스테이트위브아파트,35.16461629,129.1833021,2025-10-31,,21,부산광역시,부산BIS
BSB185490203,현우산화맨션,35.16409384,129.184541,2025-10-31,,21,부산광역시,부산BIS
BSB185490301,동백초등학교.힐스테이트위브아파트,35.16485964,129.1831707,2025-10-31,,21,부산광역시,부산BIS
BSB185510401,SK뷰아파트,35.16672524,129.1836988,2025-10-31,,21,부산광역시,부산BIS
BSB185510402,경남선경아파트,35.16560915,129.1850381,2025-10-31,,21,부산광역시,부산BIS
BSB185520101,해월정사,35.16300732,129.1865794,2025-10-31,,21,부산광역시,부산BIS
BSB185520102,새터,35.16153069,129.1875582,2025-10-31,,21,부산광역시,부산BIS
BSB185520103,슈퍼앞,35.16113502,129.1897047,2025-10-31,,21,부산광역시,부산BIS
BSB185530301,부대앞,35.17424874,129.1645251,2025-10-31,9066,21,부산광역시,부산BIS
BSB185540301,양운우체국,35.17406639,129.1660551,2025-10-31,,21,부산광역시,부산BIS
BSB185580201,해운대해수욕장,35.15918393,129.1590618,2025-10-31,9114,21,부산광역시,부산BIS
BSB185580301,동백섬입구,35.15826481,129.1527652,2025-10-31,9118,21,부산광역시,부산BIS
BSB185600101,벽산아파트,35.17066865,129.1789713,2025-10-31,9256,21,부산광역시,부산BIS
BSB185600102,벽산아파트,35.17080813,129.179263,2025-10-31,,21,부산광역시,부산BIS
BSB185600201,두산2차아파트,35.16827034,129.1797673,2025-10-31,,21,부산광역시,부산BIS
BSB185600202,벽산1차아파트,35.16932848,129.1789897,2025-10-31,,21,부산광역시,부산BIS
BSB185610201,장산역.화목아파트,35.17095335,129.1787675,2025-10-31,9342,21,부산광역시,부산BIS
BSB185620101,대우2차아파트,35.17229438,129.1824509,2025-10-31,9258,21,부산광역시,부산BIS
BSB185620201,한라아파트,35.17058136,129.1825393,2025-10-31,9037,21,부산광역시,부산BIS
BSB185620202,한라아파트,35.17044085,129.1825796,2025-10-31,,21,부산광역시,부산BIS
BSB185620401,부흥고.해운대백병원,35.17309065,129.1814365,2025-10-31,9038,21,부산광역시,부산BIS
BSB185620402,해운대백병원,35.17277436,129.1816654,2025-10-31,,21,부산광역시,부산BIS
BSB185620403,부흥고,35.17409614,129.1807656,2025-10-31,,21,부산광역시,부산BIS
BSB185620404,부흥고.해운대백병원,35.17321448,129.1813699,2025-10-31,,21,부산광역시,부산BIS
BSB185630401,동일아파트,35.1668413,129.1708724,2025-10-31,9042,21,부산광역시,부산BIS
BSB185660101,좌동재래시장입구,35.17230572,129.1752943,2025-10-31,9035,21,부산광역시,부산BIS
BSB185660401,좌동재래시장,35.17328765,129.1732969,2025-10-31,9057,21,부산광역시,부산BIS
BSB185690101,대우아파트,35.1674258,129.1804424,2025-10-31,9030,21,부산광역시,부산BIS
BSB185690102,대우.상록아파트,35.16728711,129.1810148,2025-10-31,,21,부산광역시,부산BIS
BSB185690301,두산2차아파트,35.1682907,129.1799242,2025-10-31,,21,부산광역시,부산BIS
BSB185690302,벽산1차아파트,35.1693633,129.1791693,2025-10-31,,21,부산광역시,부산BIS
BSB185730201,양운고등학교,35.17675658,129.1714331,2025-10-31,,21,부산광역시,부산BIS
BSB185760101,해운대해수욕장,35.15948708,129.1609336,2025-10-31,70005,21,부산광역시,부산BIS
BSB185760201,해운대해수욕장,35.15933068,129.1586047,2025-10-31,9116,21,부산광역시,부산BIS
BSB185770101,노보텔앰베서더호텔,35.16035343,129.1630085,2025-10-31,,21,부산광역시,부산BIS
BSB185770102,그랜드조선부산호텔,35.1602742,129.1629049,2025-10-31,9292,21,부산광역시,부산BIS
BSB185770201,해운대해수욕장입구,35.15975989,129.1609812,2025-10-31,9112,21,부산광역시,부산BIS
BSB185820101,중동역.순복음교회,35.16839628,129.1680183,2025-10-31,9081,21,부산광역시,부산BIS
BSB185820102,코오롱아파트,35.17045785,129.1696897,2025-10-31,9076,21,부산광역시,부산BIS
BSB185820103,코오롱아파트,35.16975944,129.1691061,2025-10-31,,21,부산광역시,부산BIS
BSB185820104,해운대순복음교회,35.16814101,129.1677756,2025-10-31,,21,부산광역시,부산BIS
BSB185830301,코오롱아파트,35.17022208,129.169126,2025-10-31,9077,21,부산광역시,부산BIS
BSB185830302,중동역.순복음교회,35.16844609,129.1676933,2025-10-31,9080,21,부산광역시,부산BIS
BSB185830303,순복음교회,35.16834754,129.1676154,2025-10-31,,21,부산광역시,부산BIS
BSB185830304,코오롱아파트,35.17035516,129.1692326,2025-10-31,,21,부산광역시,부산BIS
BSB185840101,한일아파트,35.17327394,129.1707821,2025-10-31,9062,21,부산광역시,부산BIS
BSB185840201,한일아파트,35.17213984,129.1700047,2025-10-31,9074,21,부산광역시,부산BIS
BSB185840202,한일아파트,35.17237269,129.1700434,2025-10-31,,21,부산광역시,부산BIS
BSB185840301,LH뜨란채아파트,35.17369561,129.1680205,2025-10-31,9070,21,부산광역시,부산BIS
BSB185840302,신성아파트,35.17361252,129.1683863,2025-10-31,,21,부산광역시,부산BIS
BSB185850301,한일아파트,35.17344091,129.1706569,2025-10-31,9063,21,부산광역시,부산BIS
BSB185870301,벽산아파트,35.17073487,129.182853,2025-10-31,9036,21,부산광역시,부산BIS
BSB185900301,중1동,35.16207319,129.1672457,2025-10-31,,21,부산광역시,부산BIS
BSB185910101,중1동,35.16203113,129.1673953,2025-10-31,9085,21,부산광역시,부산BIS
BSB185910301,중1동,35.16219734,129.1673583,2025-10-31,,21,부산광역시,부산BIS
BSB185930201,해운대시장,35.16208113,129.1633003,2025-10-31,,21,부산광역시,부산BIS
BSB185950301,해운대구청,35.16309075,129.164525,2025-10-31,9090,21,부산광역시,부산BIS
BSB185950302,해운대구청,35.16323778,129.164404,2025-10-31,,21,부산광역시,부산BIS
BSB185960201,해운대기점,35.16316219,129.161305,2025-10-31,,21,부산광역시,부산BIS
BSB185960202,해운대,35.16360408,129.1613798,2025-10-31,,21,부산광역시,부산BIS
BSB185960401,해운대전화국,35.16370606,129.1609475,2025-10-31,,21,부산광역시,부산BIS
BSB185970301,해운대,35.16372351,129.1614873,2025-10-31,,21,부산광역시,부산BIS
BSB185970302,해운대기점,35.16308799,129.1614407,2025-10-31,,21,부산광역시,부산BIS
BSB186000301,건널목삼거리,35.16694668,129.1626987,2025-10-31,9286,21,부산광역시,부산BIS
BSB186000302,건널목 삼거리,35.16679595,129.1627226,2025-10-31,,21,부산광역시,부산BIS
BSB186010201,건널목삼거리,35.16691949,129.16247,2025-10-31,9059,21,부산광역시,부산BIS
BSB186010202,건널목삼거리,35.16640781,129.1627229,2025-10-31,,21,부산광역시,부산BIS
BSB186010301,건널목삼거리,35.16732546,129.1625965,2025-10-31,9091,21,부산광역시,부산BIS
BSB186010302,해운대고교,35.17025237,129.1629679,2025-10-31,9078,21,부산광역시,부산BIS
BSB186020301,해운대고교,35.16989443,129.1624479,2025-10-31,9079,21,부산광역시,부산BIS
BSB186020302,해운대고,35.16976563,129.162444,2025-10-31,,21,부산광역시,부산BIS
BSB186030201,중1동,35.16220862,129.1675479,2025-10-31,9084,21,부산광역시,부산BIS
BSB186080301,미포.문탠로드입구,35.16173834,129.1727066,2025-10-31,9021,21,부산광역시,부산BIS
BSB186080302,미포.문탠로드입구,35.16172429,129.172626,2025-10-31,,21,부산광역시,부산BIS
BSB186090203,중동119안전센터,35.16134384,129.1765077,2025-10-31,9355,21,부산광역시,부산BIS
BSB186090204,동백초등학교,35.16403898,129.1814759,2025-10-31,9351,21,부산광역시,부산BIS
BSB186090205,중2동주민센터,35.16244193,129.180089,2025-10-31,9353,21,부산광역시,부산BIS
BSB186100301,동백중학교,35.16253413,129.176119,2025-10-31,9024,21,부산광역시,부산BIS
BSB186120301,장산역.웅신시네아트,35.16913932,129.1762407,2025-10-31,9296,21,부산광역시,부산BIS
BSB186130101,장산역,35.16967967,129.1768692,2025-10-31,,21,부산광역시,부산BIS
BSB186130102,장산역,35.16972303,129.1769637,2025-10-31,9338,21,부산광역시,부산BIS
BSB186130103,장산역,35.16963751,129.1767392,2025-10-31,,21,부산광역시,부산BIS
BSB186130201,장산역,35.16898436,129.175948,2025-10-31,9295,21,부산광역시,부산BIS
BSB186140101,동백중학교,35.16237826,129.1771659,2025-10-31,9023,21,부산광역시,부산BIS
BSB186160201,동일아파트,35.16657029,129.1707827,2025-10-31,9041,21,부산광역시,부산BIS
BSB186160202,동일아파트,35.16657177,129.1706629,2025-10-31,,21,부산광역시,부산BIS
BSB186160401,이마트.중동역,35.16682327,129.1690874,2025-10-31,9056,21,부산광역시,부산BIS
BSB186180101,동백섬입구,35.15821745,129.1539744,2025-10-31,9117,21,부산광역시,부산BIS
BSB186190401,대동아파트,35.17826158,129.1743715,2025-10-31,9051,21,부산광역시,부산BIS
BSB186190402,대림1차아파트,35.1776131,129.1721939,2025-10-31,9054,21,부산광역시,부산BIS
BSB186190403,대림1차아파트,35.17824436,129.1741453,2025-10-31,,21,부산광역시,부산BIS
BSB186190404,대동상가,35.17826269,129.1742608,2025-10-31,,21,부산광역시,부산BIS
BSB196430101,덕산마을,35.32265939,129.1833578,2025-10-31,16170,21,부산광역시,부산BIS
BSB196440101,가화테라스1차,35.32112194,129.1898931,2025-10-31,16115,21,부산광역시,부산BIS
BSB196450101,강변마을,35.32210667,129.1933156,2025-10-31,16099,21,부산광역시,부산BIS
BSB196450102,강변마을,35.32214089,129.1934065,2025-10-31,,21,부산광역시,부산BIS
BSB196450201,가화테라스1차,35.32138258,129.1896973,2025-10-31,16025,21,부산광역시,부산BIS
BSB196460101,독점마을,35.32337038,129.2008292,2025-10-31,,21,부산광역시,부산BIS
BSB196460201,강변마을,35.32262344,129.1939602,2025-10-31,16024,21,부산광역시,부산BIS
BSB196460202,강변마을,35.32259881,129.1938713,2025-10-31,,21,부산광역시,부산BIS
BSB196470101,서편마을,35.32425093,129.2028636,2025-10-31,16145,21,부산광역시,부산BIS
BSB196470102,예림마을,35.32504288,129.20574,2025-10-31,,21,부산광역시,부산BIS
BSB196470103,독점마을,35.32339526,129.2010551,2025-10-31,,21,부산광역시,부산BIS
BSB196470104,서편마을,35.32429361,129.2029376,2025-10-31,,21,부산광역시,부산BIS
BSB196470105,예림마을,35.32505209,129.205817,2025-10-31,,21,부산광역시,부산BIS
BSB196470201,독점마을,35.32352731,129.2008026,2025-10-31,16023,21,부산광역시,부산BIS
BSB196470202,독점마을,35.32351415,129.200712,2025-10-31,,21,부산광역시,부산BIS
BSB196480201,신동아파밀리에후문,35.3269422,129.1765314,2025-10-31,16118,21,부산광역시,부산BIS
BSB196480202,정관읍사무소.기장소방서,35.32509347,129.1805875,2025-10-31,16086,21,부산광역시,부산BIS
BSB196480203,평전마을,35.328835,129.1736094,2025-10-31,16180,21,부산광역시,부산BIS
BSB196480204,산막입구,35.33054322,129.1719469,2025-10-31,16040,21,부산광역시,부산BIS
BSB196480205,정관읍사무소.기장소방서,35.32512362,129.1805242,2025-10-31,,21,부산광역시,부산BIS
BSB196480301,정관읍행정복지센터.기장소방서,35.32457139,129.1804159,2025-10-31,16261,21,부산광역시,부산BIS
BSB196490101,덕산마을,35.32275824,129.183017,2025-10-31,,21,부산광역시,부산BIS
BSB196500201,정관신도시 롯데캐슬,35.33050238,129.170211,2025-10-31,16202,21,부산광역시,부산BIS
BSB196510101,정관신도시 롯데캐슬,35.33027789,129.1703766,2025-10-31,16201,21,부산광역시,부산BIS
BSB196510102,롯데캐슬,35.33024123,129.1703034,2025-10-31,,21,부산광역시,부산BIS
BSB196510201,한진해모로,35.32225994,129.173628,2025-10-31,16208,21,부산광역시,부산BIS
BSB196510202,계룡리슈빌,35.32357597,129.1718865,2025-10-31,16210,21,부산광역시,부산BIS
BSB196510203,휴먼시아1차,35.32763557,129.1689595,2025-10-31,16212,21,부산광역시,부산BIS
BSB196510301,정원초등학교,35.33199538,129.1668847,2025-10-31,16041,21,부산광역시,부산BIS
BSB196510302,모전마을,35.3370626,129.1636874,2025-10-31,16042,21,부산광역시,부산BIS
BSB196510303,신정초등학교,35.32993187,129.1679585,2025-10-31,16294,21,부산광역시,부산BIS
BSB196510304,신정초등학교,35.32985608,129.1680028,2025-10-31,,21,부산광역시,부산BIS
BSB196510305,정원초등학교,35.33206029,129.1668553,2025-10-31,,21,부산광역시,부산BIS
BSB196520101,모전마을,35.33670235,129.1637629,2025-10-31,16138,21,부산광역시,부산BIS
BSB196520102,정원초등학교,35.33109547,129.1669705,2025-10-31,16135,21,부산광역시,부산BIS
BSB196520103,솔마루공원,35.3345182,129.1652293,2025-10-31,16224,21,부산광역시,부산BIS
BSB196520201,태광주유소,35.3410555,129.1609963,2025-10-31,,21,부산광역시,부산BIS
BSB196520202,정관고개,35.34539625,129.1588411,2025-10-31,16044,21,부산광역시,부산BIS
BSB196530101,정관고개,35.34532698,129.1585432,2025-10-31,16171,21,부산광역시,부산BIS
BSB196530102,태광주유소,35.3414,129.1604967,2025-10-31,,21,부산광역시,부산BIS
BSB196530201,부산추모공원,35.34769043,129.1591742,2025-10-31,16102,21,부산광역시,부산BIS
BSB196540101,부산추모공원,35.34774626,129.1588707,2025-10-31,16103,21,부산광역시,부산BIS
BSB196550201,백운제1공원,35.35057115,129.1584836,2025-10-31,16045,21,부산광역시,부산BIS
BSB196550202,용천사,35.35249731,129.1546947,2025-10-31,16083,21,부산광역시,부산BIS
BSB196560102,백운제1공원,35.35050138,129.1581449,2025-10-31,16158,21,부산광역시,부산BIS
BSB196560201,두명마을,35.35554632,129.1483201,2025-10-31,16046,21,부산광역시,부산BIS
BSB196560202,월평교차로,35.35783981,129.1415762,2025-10-31,16195,21,부산광역시,부산BIS
BSB196630101,이천,35.26647932,129.238168,2025-10-31,16010,21,부산광역시,부산BIS
BSB196630102,이천,35.26650527,129.2382587,2025-10-31,,21,부산광역시,부산BIS
BSB196630201,동부산농협,35.26655333,129.2355926,2025-10-31,,21,부산광역시,부산BIS
BSB196630202,동부산농협,35.26656234,129.2356857,2025-10-31,,21,부산광역시,부산BIS
BSB196640201,이천,35.266642,129.2381134,2025-10-31,,21,부산광역시,부산BIS
BSB196640202,이천,35.26665499,129.2382024,2025-10-31,,21,부산광역시,부산BIS
BSB196650101,삼덕입구,35.27098609,129.2314294,2025-10-31,16267,21,부산광역시,부산BIS
BSB196650102,부전아파트,35.26882267,129.2341711,2025-10-31,,21,부산광역시,부산BIS
BSB196650103,삼덕입구,35.27104268,129.2313609,2025-10-31,,21,부산광역시,부산BIS
BSB196650201,동부산농협,35.2664107,129.2355535,2025-10-31,16063,21,부산광역시,부산BIS
BSB196650202,동부산농협,35.26641587,129.2356537,2025-10-31,,21,부산광역시,부산BIS
BSB196650301,동해선일광역,35.26571655,129.2333117,2025-10-31,16167,21,부산광역시,부산BIS
BSB196650302,일광해수욕장입구,35.26302996,129.232096,2025-10-31,16100,21,부산광역시,부산BIS
BSB196650303,구.일광역,35.26483199,129.2330591,2025-10-31,,21,부산광역시,부산BIS
BSB196650304,일광해수욕장입구,35.26328372,129.2323748,2025-10-31,,21,부산광역시,부산BIS
BSB196650305,동해선일광역,35.26562937,129.2332858,2025-10-31,,21,부산광역시,부산BIS
BSB196660101,이동수산,35.27215313,129.2506457,2025-10-31,16053,21,부산광역시,부산BIS
BSB196660201,이동수산,35.27223635,129.2511807,2025-10-31,16076,21,부산광역시,부산BIS
BSB196660202,이동방파제,35.27331574,129.2465867,2025-10-31,16165,21,부산광역시,부산BIS
BSB196660203,이동방파제,35.27330338,129.2466786,2025-10-31,,21,부산광역시,부산BIS
BSB196660204,이동수산,35.27224085,129.2510797,2025-10-31,,21,부산광역시,부산BIS
BSB196670101,부대앞,35.27610166,129.2549203,2025-10-31,16011,21,부산광역시,부산BIS
BSB196670102,온정,35.28376971,129.2566205,2025-10-31,16012,21,부산광역시,부산BIS
BSB196670103,부대앞,35.27618035,129.2548738,2025-10-31,,21,부산광역시,부산BIS
BSB196670104,온정,35.28367544,129.2565999,2025-10-31,,21,부산광역시,부산BIS
BSB196680101,이동방파제,35.27313047,129.2467006,2025-10-31,16164,21,부산광역시,부산BIS
BSB196680102,이동수산,35.27215494,129.2507618,2025-10-31,,21,부산광역시,부산BIS
BSB196680103,이동방파제,35.27311233,129.246781,2025-10-31,,21,부산광역시,부산BIS
BSB196680201,이동,35.27205958,129.2439419,2025-10-31,16088,21,부산광역시,부산BIS
BSB196680202,이동,35.27199608,129.2438969,2025-10-31,,21,부산광역시,부산BIS
BSB196690101,신평,35.29562558,129.2591787,2025-10-31,16186,21,부산광역시,부산BIS
BSB196690102,칠암,35.2985713,129.2585477,2025-10-31,16014,21,부산광역시,부산BIS
BSB196690103,신평,35.29557212,129.2591935,2025-10-31,,21,부산광역시,부산BIS
BSB196690104,칠암,35.29852128,129.2585611,2025-10-31,,21,부산광역시,부산BIS
BSB196690201,동백,35.28955899,129.256936,2025-10-31,16120,21,부산광역시,부산BIS
BSB196690202,동백선착장,35.28637041,129.2566237,2025-10-31,16123,21,부산광역시,부산BIS
BSB196690203,동백,35.28950925,129.2568937,2025-10-31,,21,부산광역시,부산BIS
BSB196690204,동백선착장,35.28644992,129.2566094,2025-10-31,,21,부산광역시,부산BIS
BSB196700101,칠암,35.29853099,129.2583958,2025-10-31,16075,21,부산광역시,부산BIS
BSB196700102,신평,35.2957113,129.2589741,2025-10-31,16187,21,부산광역시,부산BIS
BSB196700103,신평,35.29579935,129.2589583,2025-10-31,,21,부산광역시,부산BIS
BSB196700104,칠암,35.29860131,129.2583791,2025-10-31,,21,부산광역시,부산BIS
BSB196700201,문중,35.30192793,129.2575308,2025-10-31,16087,21,부산광역시,부산BIS
BSB196700202,문중,35.3018592,129.2575436,2025-10-31,,21,부산광역시,부산BIS
BSB196710101,온정,35.28363053,129.2563529,2025-10-31,16155,21,부산광역시,부산BIS
BSB196710102,부대앞,35.27626582,129.2546155,2025-10-31,,21,부산광역시,부산BIS
BSB196710103,부대앞,35.2761866,129.2546396,2025-10-31,,21,부산광역시,부산BIS
BSB196710104,온정,35.28374718,129.2563831,2025-10-31,,21,부산광역시,부산BIS
BSB196710201,동백선착장,35.2862888,129.2568269,2025-10-31,16122,21,부산광역시,부산BIS
BSB196710202,동백,35.28967336,129.2571685,2025-10-31,16013,21,부산광역시,부산BIS
BSB169040201,인창병원,35.1227471,129.0427968,2025-10-31,3086,21,부산광역시,부산BIS
BSB169040301,경남여중,35.12421247,129.0423661,2025-10-31,3085,21,부산광역시,부산BIS
BSB169050101,인창병원,35.12246662,129.0429253,2025-10-31,3087,21,부산광역시,부산BIS
BSB169060301,부산고교,35.12052857,129.0390687,2025-10-31,3070,21,부산광역시,부산BIS
BSB169070201,이편한세상부산항.(구)성분도병원,35.12249678,129.0401174,2025-10-31,3173,21,부산광역시,부산BIS
BSB169070301,걸스카우트회관,35.12291259,129.0393737,2025-10-31,3183,21,부산광역시,부산BIS
BSB169070302,부산고교,35.12061588,129.0387625,2025-10-31,3184,21,부산광역시,부산BIS
BSB169100203,부산역,35.11604668,129.0398873,2025-10-31,,21,부산광역시,부산BIS
BSB169100301,국민은행,35.11713225,129.0399662,2025-10-31,3065,21,부산광역시,부산BIS
BSB169110101,인창병원,35.12212237,129.0419297,2025-10-31,3152,21,부산광역시,부산BIS
BSB169120201,초량,35.11949667,129.0413567,2025-10-31,3080,21,부산광역시,부산BIS
BSB169130201,부산역.초량시장입구,35.11687316,129.0401425,2025-10-31,3074,21,부산광역시,부산BIS
BSB169140301,초량시장입구,35.11870938,129.0407938,2025-10-31,3073,21,부산광역시,부산BIS
BSB169150205,부산진역,35.12802937,129.0477987,2025-10-31,,21,부산광역시,부산BIS
BSB169170101,부산서중학교,35.12599072,129.035342,2025-10-31,3039,21,부산광역시,부산BIS
BSB169170201,아르미나아파트,35.12552096,129.0357889,2025-10-31,3171,21,부산광역시,부산BIS
BSB169170202,부산서중학교,35.12547035,129.0378607,2025-10-31,3176,21,부산광역시,부산BIS
BSB169170301,초량6동,35.12424674,129.0346384,2025-10-31,3041,21,부산광역시,부산BIS
BSB169170302,부산컴퓨터과학고교,35.12209114,129.0334725,2025-10-31,3043,21,부산광역시,부산BIS
BSB169170303,금수사,35.1196332,129.0300703,2025-10-31,3045,21,부산광역시,부산BIS
BSB169180201,부산서중학교,35.12593656,129.0357555,2025-10-31,3037,21,부산광역시,부산BIS
BSB169180301,부산서중학교,35.12615931,129.0348798,2025-10-31,3038,21,부산광역시,부산BIS
BSB169180302,부산서중학교,35.12588781,129.0347105,2025-10-31,3156,21,부산광역시,부산BIS
BSB169190101,수정초등학교,35.13067483,129.0468402,2025-10-31,3105,21,부산광역시,부산BIS
BSB169190102,수정초등학교,35.13062693,129.0469193,2025-10-31,,21,부산광역시,부산BIS
BSB169190301,수정5동,35.1339176,129.0451059,2025-10-31,3024,21,부산광역시,부산BIS
BSB169190302,수정5동,35.13395472,129.0450343,2025-10-31,,21,부산광역시,부산BIS
BSB169190303,수정성당,35.13298688,129.0462719,2025-10-31,,21,부산광역시,부산BIS
BSB169200101,수성초등학교,35.13384987,129.042792,2025-10-31,3028,21,부산광역시,부산BIS
BSB169200102,수정삼거리,35.13526256,129.045157,2025-10-31,3021,21,부산광역시,부산BIS
BSB169200301,동여중,35.13243737,129.0421996,2025-10-31,3030,21,부산광역시,부산BIS
BSB169200302,수정산가족체육공원입구,35.13175671,129.0404965,2025-10-31,3182,21,부산광역시,부산BIS
BSB169210101,서광교회,35.1400527,129.0511784,2025-10-31,3006,21,부산광역시,부산BIS
BSB169210102,아름빌아파트,35.14152152,129.0522487,2025-10-31,3004,21,부산광역시,부산BIS
BSB169210103,아름빌아파트,35.14163678,129.052363,2025-10-31,,21,부산광역시,부산BIS
BSB169210201,나웅하이빌,35.13882056,129.0536388,2025-10-31,3161,21,부산광역시,부산BIS
BSB169210202,범일초등학교입구,35.13986031,129.0514893,2025-10-31,3159,21,부산광역시,부산BIS
BSB169210301,범일초등학교,35.13989321,129.0497692,2025-10-31,,21,부산광역시,부산BIS
BSB169220101,문화아파트,35.13649168,129.0538113,2025-10-31,3163,21,부산광역시,부산BIS
BSB169220102,금성고등학교,35.13454005,129.0520825,2025-10-31,3165,21,부산광역시,부산BIS
BSB169220103,좌이경로당,35.13299917,129.0498494,2025-10-31,3167,21,부산광역시,부산BIS
BSB169220201,나웅하이빌,35.13902244,129.0535964,2025-10-31,3162,21,부산광역시,부산BIS
BSB169220202,범일초등학교입구,35.14003167,129.0514351,2025-10-31,3177,21,부산광역시,부산BIS
BSB169230101,하승빌라,35.13422494,129.0478473,2025-10-31,3170,21,부산광역시,부산BIS
BSB169230201,수정5동,35.13402505,129.0445682,2025-10-31,3023,21,부산광역시,부산BIS
BSB169230202,수정성당입구,35.13225835,129.0460234,2025-10-31,3025,21,부산광역시,부산BIS
BSB169230203,수정5동,35.13396754,129.0446491,2025-10-31,,21,부산광역시,부산BIS
BSB169230204,수정성당,35.13243143,129.0460026,2025-10-31,,21,부산광역시,부산BIS
BSB169230301,수정삼거리,35.13538041,129.0457377,2025-10-31,3019,21,부산광역시,부산BIS
BSB169230302,수정삼거리,35.13532662,129.0457895,2025-10-31,,21,부산광역시,부산BIS
BSB169240101,좌이경로당,35.13282805,129.0497953,2025-10-31,3168,21,부산광역시,부산BIS
BSB169240102,금성고등학교,35.13453542,129.0523556,2025-10-31,3166,21,부산광역시,부산BIS
BSB169240103,문화아파트,35.13641478,129.0539988,2025-10-31,3164,21,부산광역시,부산BIS
BSB169240201,하승빌라,35.13426989,129.0480962,2025-10-31,3169,21,부산광역시,부산BIS
BSB169250201,수정삼거리,35.13531703,129.0454691,2025-10-31,3020,21,부산광역시,부산BIS
BSB169250202,수정삼거리,35.13523896,129.0455329,2025-10-31,,21,부산광역시,부산BIS
BSB169250301,수정삼거리,35.13524665,129.0445173,2025-10-31,3022,21,부산광역시,부산BIS
BSB169250302,수성초등학교,35.13387452,129.0425191,2025-10-31,3029,21,부산광역시,부산BIS
BSB169270101,부산역후문,35.11553655,129.0445104,2025-10-31,3062,21,부산광역시,부산BIS
BSB169270102,부산역후문,35.11722833,129.045605,2025-10-31,3079,21,부산광역시,부산BIS
BSB169270201,2부두,35.10847059,129.0401062,2025-10-31,1037,21,부산광역시,부산BIS
BSB169270202,"중부경찰서,연안여객터미널",35.10596514,129.0389702,2025-10-31,1044,21,부산광역시,부산BIS
BSB169300101,부산범천교회,35.14184118,129.0548604,2025-10-31,3003,21,부산광역시,부산BIS
BSB169300102,범천교회,35.1418131,129.0545284,2025-10-31,,21,부산광역시,부산BIS
BSB169300301,아름빌아파트,35.14174416,129.0521617,2025-10-31,3005,21,부산광역시,부산BIS
BSB169300302,서광교회,35.14057938,129.051049,2025-10-31,3007,21,부산광역시,부산BIS
BSB169300303,아름빌아파트,35.14184374,129.0522588,2025-10-31,,21,부산광역시,부산BIS
BSB169300304,서광교회,35.13991363,129.0509454,2025-10-31,,21,부산광역시,부산BIS
BSB169310101,금수사,35.1197897,129.0308001,2025-10-31,3044,21,부산광역시,부산BIS
BSB169310102,부산컴퓨터과학고교,35.12219577,129.0339054,2025-10-31,3042,21,부산광역시,부산BIS
BSB169310103,초량6동,35.12430863,129.0348512,2025-10-31,3040,21,부산광역시,부산BIS
BSB169310201,초량어린이집,35.11952188,129.0319135,2025-10-31,3154,21,부산광역시,부산BIS
BSB169310202,초량6동주민센터,35.12013879,129.0343615,2025-10-31,3047,21,부산광역시,부산BIS
BSB169310203,(구)해룡약국,35.11961152,129.0359598,2025-10-31,3048,21,부산광역시,부산BIS
BSB169310204,부산고교,35.12028667,129.0383648,2025-10-31,3069,21,부산광역시,부산BIS
BSB169310301,화신아파트,35.11847943,129.0300503,2025-10-31,3049,21,부산광역시,부산BIS
BSB169310302,동일파크맨션,35.11687512,129.0336164,2025-10-31,3051,21,부산광역시,부산BIS
BSB169310303,영주삼거리,35.11528264,129.0330303,2025-10-31,1002,21,부산광역시,부산BIS
BSB169320101,4부두,35.11983419,129.0474474,2025-10-31,3094,21,부산광역시,부산BIS
BSB169330201,부산역후문,35.117405,129.0452133,2025-10-31,3078,21,부산광역시,부산BIS
BSB169330202,부산역후문,35.11417862,129.0428964,2025-10-31,3061,21,부산광역시,부산BIS
BSB169340201,4부두,35.11929193,129.0474625,2025-10-31,3093,21,부산광역시,부산BIS
BSB169350101,부두119안전센터,35.12567358,129.0513983,2025-10-31,3113,21,부산광역시,부산BIS
BSB169360301,부두119안전센터,35.12561266,129.0502116,2025-10-31,3114,21,부산광역시,부산BIS
BSB169390101,좌천동가구거리(좌천역),35.13514769,129.0555232,2025-10-31,3138,21,부산광역시,부산BIS
BSB169410102,서광교회,35.13960911,129.0507172,2025-10-31,,21,부산광역시,부산BIS
BSB169410201,범일초등학교,35.14023286,129.0488626,2025-10-31,3012,21,부산광역시,부산BIS
BSB169410203,성북고개,35.13833572,129.0477556,2025-10-31,3016,21,부산광역시,부산BIS
BSB169410301,범일초등학교,35.14077493,129.0490741,2025-10-31,3008,21,부산광역시,부산BIS
BSB169410302,삼화약국,35.14321307,129.0488852,2025-10-31,3009,21,부산광역시,부산BIS
BSB169410303,범곡새마을금고,35.14066236,129.0490874,2025-10-31,,21,부산광역시,부산BIS
BSB169410304,삼화약국,35.14304735,129.0489239,2025-10-31,,21,부산광역시,부산BIS
BSB169410305,덕산탕,35.14176633,129.0490378,2025-10-31,,21,부산광역시,부산BIS
BSB177980402,한국선박수리공업,35.05740554,128.994992,2025-10-31,10266,21,부산광역시,부산BIS
BSB177990101,낫개역,35.06430394,128.9796673,2025-10-31,10174,21,부산광역시,부산BIS
BSB177990102,다대삼환아파트,35.06439106,128.9796635,2025-10-31,,21,부산광역시,부산BIS
BSB178000201,다대자유아파트,35.05166167,128.9706535,2025-10-31,10189,21,부산광역시,부산BIS
BSB178000202,다대포해수욕장,35.0501812,128.9701258,2025-10-31,10194,21,부산광역시,부산BIS
BSB178000203,다대자유아파트,35.05173269,128.970678,2025-10-31,,21,부산광역시,부산BIS
BSB178000204,다대해수욕장입구,35.05026253,128.970169,2025-10-31,,21,부산광역시,부산BIS
BSB178000401,다대우신아파트,35.05472676,128.9707739,2025-10-31,10187,21,부산광역시,부산BIS
BSB178000402,다대포항역,35.05646906,128.9708196,2025-10-31,10184,21,부산광역시,부산BIS
BSB178010101,고려냉장,35.07079238,128.9769839,2025-10-31,10168,21,부산광역시,부산BIS
BSB178010103,고려냉장,35.07070917,128.9770048,2025-10-31,,21,부산광역시,부산BIS
BSB178020202,103번종점,35.06924108,128.9749824,2025-10-31,,21,부산광역시,부산BIS
BSB178020203,자연병원,35.06917467,128.9772311,2025-10-31,,21,부산광역시,부산BIS
BSB178020204,동원자동차정비공업사,35.06923164,128.9748836,2025-10-31,10249,21,부산광역시,부산BIS
BSB178020205,성보냉장,35.06917718,128.9771184,2025-10-31,10248,21,부산광역시,부산BIS
BSB178020301,고려냉장,35.07058114,128.9774161,2025-10-31,10169,21,부산광역시,부산BIS
BSB178020302,성보냉장,35.06897425,128.9771269,2025-10-31,10170,21,부산광역시,부산BIS
BSB178020303,고려냉장,35.0705132,128.9774359,2025-10-31,,21,부산광역시,부산BIS
BSB178020304,극동정림아파트,35.07194799,128.9768879,2025-10-31,,21,부산광역시,부산BIS
BSB178030101,다송초등학교,35.06847205,128.9798717,2025-10-31,,21,부산광역시,부산BIS
BSB178030102,삼환2차아파트,35.06749829,128.9819921,2025-10-31,,21,부산광역시,부산BIS
BSB178040101,다대포해수욕장,35.04906491,128.9700944,2025-10-31,10192,21,부산광역시,부산BIS
BSB178040301,다대포해수욕장역,35.04845334,128.965591,2025-10-31,10199,21,부산광역시,부산BIS
BSB178050301,다대포,35.04933536,128.9616028,2025-10-31,10281,21,부산광역시,부산BIS
BSB178050302,다대포해수욕장역,35.0482346,128.965308,2025-10-31,10200,21,부산광역시,부산BIS
BSB178050501,롯데캐슬입구,35.05189811,128.9588549,2025-10-31,,21,부산광역시,부산BIS
BSB178060301,다대포,35.04953435,128.9618924,2025-10-31,10282,21,부산광역시,부산BIS
BSB178060402,다대문화체육센터,35.04957067,128.9617883,2025-10-31,,21,부산광역시,부산BIS
BSB178060403,다대포해수욕장역,35.04885108,128.9642094,2025-10-31,,21,부산광역시,부산BIS
BSB178080201,부영아파트,35.1052736,129.0058013,2025-10-31,10038,21,부산광역시,부산BIS
BSB178090101,당리중학교후문,35.10135769,128.9811741,2025-10-31,,21,부산광역시,부산BIS
BSB178090201,괴정삼익아파트,35.09912264,128.9858084,2025-10-31,10061,21,부산광역시,부산BIS
BSB178090202,사하역,35.10009491,128.9810064,2025-10-31,10064,21,부산광역시,부산BIS
BSB178090203,KT사하지점,35.10026167,128.9810683,2025-10-31,90012,21,부산광역시,부산BIS
BSB178090204,괴정삼익맨션,35.099076,128.98604,2025-10-31,90013,21,부산광역시,부산BIS
BSB178090301,당리중학교,35.10214973,128.9777959,2025-10-31,10066,21,부산광역시,부산BIS
BSB178090302,당리국민은행앞사거리,35.102214,128.977508,2025-10-31,90007,21,부산광역시,부산BIS
BSB178100101,대티고개,35.10697971,129.0081704,2025-10-31,10039,21,부산광역시,부산BIS
BSB178100301,대티고개,35.10670329,129.0072751,2025-10-31,10040,21,부산광역시,부산BIS
BSB178130201,을숙도초등학교(종점),35.11441347,128.9622878,2025-10-31,10094,21,부산광역시,부산BIS
BSB178150201,협성르네상스타운아파트,35.07378249,128.9728173,2025-10-31,10242,21,부산광역시,부산BIS
BSB178150202,협성아파트,35.07370571,128.9728174,2025-10-31,,21,부산광역시,부산BIS
BSB178150301,장림2동주민센터,35.07767183,128.9729907,2025-10-31,,21,부산광역시,부산BIS
BSB178150302,장림우체국,35.07912189,128.9729319,2025-10-31,,21,부산광역시,부산BIS
BSB178150303,협성아파트,35.07448286,128.9730671,2025-10-31,,21,부산광역시,부산BIS
BSB178150304,효림초등교,35.07595332,128.9730407,2025-10-31,,21,부산광역시,부산BIS
BSB178150305,장림우체국,35.0789105,128.9729408,2025-10-31,10254,21,부산광역시,부산BIS
BSB178150306,효림초등학교,35.07603414,128.973036,2025-10-31,10252,21,부산광역시,부산BIS
BSB178160101,부일전자디자인고교,35.08873608,129.000829,2025-10-31,10010,21,부산광역시,부산BIS
BSB178160103,부일외국어고교,35.08883543,129.0006881,2025-10-31,,21,부산광역시,부산BIS
BSB178160301,부일전자디자인고교,35.08999241,128.9995111,2025-10-31,10011,21,부산광역시,부산BIS
BSB178160302,삼성여고,35.09093573,128.9976987,2025-10-31,10012,21,부산광역시,부산BIS
BSB178160303,삼성여고,35.09082289,128.9979412,2025-10-31,,21,부산광역시,부산BIS
BSB178180101,다대푸르지오아파트,35.06055447,128.974662,2025-10-31,10178,21,부산광역시,부산BIS
BSB178180102,다대푸르지오,35.06061238,128.9747139,2025-10-31,,21,부산광역시,부산BIS
BSB178180301,다대1동주민센터,35.05912729,128.972028,2025-10-31,10180,21,부산광역시,부산BIS
BSB178180302,다대1동주민센터,35.05922239,128.9721522,2025-10-31,,21,부산광역시,부산BIS
BSB178200101,괴정자유아파트,35.0990903,128.9895433,2025-10-31,10052,21,부산광역시,부산BIS
BSB178200102,자유아파트,35.09917,128.988914,2025-10-31,90014,21,부산광역시,부산BIS
BSB178200201,신평입구,35.09745188,128.986197,2025-10-31,10060,21,부산광역시,부산BIS
BSB178200301,괴정삼익아파트,35.09955944,128.9853104,2025-10-31,10062,21,부산광역시,부산BIS
BSB178200302,사하역,35.1005143,128.9807769,2025-10-31,10063,21,부산광역시,부산BIS
BSB178200303,사하우체국,35.10044827,128.9809998,2025-10-31,90006,21,부산광역시,부산BIS
BSB178200305,사하역,35.09962493,128.9848255,2025-10-31,,21,부산광역시,부산BIS
BSB178220201,안구평,35.07596272,128.9902949,2025-10-31,,21,부산광역시,부산BIS
BSB178220202,원영조선,35.0788294,128.9901693,2025-10-31,,21,부산광역시,부산BIS
BSB178220301,구평동주민센터,35.08240568,128.9876945,2025-10-31,,21,부산광역시,부산BIS
BSB178220302,금호아파트,35.08354136,128.9858492,2025-10-31,,21,부산광역시,부산BIS
BSB178230101,괴정초등학교.대티역,35.10291305,128.9998032,2025-10-31,10034,21,부산광역시,부산BIS
BSB178230301,괴정초등학교,35.10258652,128.9983599,2025-10-31,10046,21,부산광역시,부산BIS
BSB178230302,괴정시장,35.10153935,128.9962684,2025-10-31,10047,21,부산광역시,부산BIS
BSB178230303,괴정3치안센터,35.10147462,128.9960943,2025-10-31,90002,21,부산광역시,부산BIS
BSB178230305,괴정초교,35.10263012,128.9984513,2025-10-31,,21,부산광역시,부산BIS
BSB178240101,괴정초등학교,35.10228047,128.9985465,2025-10-31,10033,21,부산광역시,부산BIS
BSB178240102,괴정초교,35.10223688,128.998476,2025-10-31,90016,21,부산광역시,부산BIS
BSB178240201,괴정시장.괴정역,35.10051478,128.9938169,2025-10-31,10048,21,부산광역시,부산BIS
BSB178250101,가락타운2.3지구,35.10154943,128.9609557,2025-10-31,10106,21,부산광역시,부산BIS
BSB178250301,하남초등교,35.0981344,128.960173,2025-10-31,90019,21,부산광역시,부산BIS
BSB178250401,하남초등학교,35.09912438,128.958989,2025-10-31,10110,21,부산광역시,부산BIS
BSB178260101,가락타운2.3단지,35.10159845,128.9583278,2025-10-31,10108,21,부산광역시,부산BIS
BSB178260201,하남초등학교,35.09884496,128.9589634,2025-10-31,10111,21,부산광역시,부산BIS
BSB178280201,오리엔트조선,35.05121909,128.9990022,2025-10-31,,21,부산광역시,부산BIS
BSB178280301,구평방파제 종점,35.04814571,128.9999227,2025-10-31,,21,부산광역시,부산BIS
BSB178280302,대일조선,35.04942006,128.9994277,2025-10-31,,21,부산광역시,부산BIS
BSB178290101,도시가스,35.07801559,128.9540527,2025-10-31,,21,부산광역시,부산BIS
BSB178290102,일진종합상사,35.07854231,128.9569591,2025-10-31,,21,부산광역시,부산BIS
BSB178290201,미광사,35.07334124,128.9549936,2025-10-31,,21,부산광역시,부산BIS
BSB178290202,반도식당,35.07658112,128.9541518,2025-10-31,,21,부산광역시,부산BIS
BSB178300101,경부산업,35.06987231,128.9558783,2025-10-31,,21,부산광역시,부산BIS
BSB178300102,동아정밀,35.06401073,128.9574235,2025-10-31,,21,부산광역시,부산BIS
BSB178300103,유성식당,35.06789402,128.9564319,2025-10-31,,21,부산광역시,부산BIS
BSB178300201,미광사,35.07405707,128.9550326,2025-10-31,,21,부산광역시,부산BIS
BSB178300202,반도식당,35.07662272,128.9543648,2025-10-31,,21,부산광역시,부산BIS
BSB178310301,동매교사거리,35.10027524,128.9765451,2025-10-31,10237,21,부산광역시,부산BIS
BSB186190405,대림1차.양운고,35.17700597,129.1710472,2025-10-31,,21,부산광역시,부산BIS
BSB186200201,동부아파트,35.17726003,129.177039,2025-10-31,9048,21,부산광역시,부산BIS
BSB186200202,동신아파트,35.17634145,129.1787486,2025-10-31,9045,21,부산광역시,부산BIS
BSB186200203,동부아파트,35.17730826,129.1768422,2025-10-31,,21,부산광역시,부산BIS
BSB186200204,롯데아파트,35.1769338,129.1780647,2025-10-31,,21,부산광역시,부산BIS
BSB186200205,부흥중,35.17555168,129.1792598,2025-10-31,,21,부산광역시,부산BIS
BSB186200206,부흥초교,35.17641742,129.1786868,2025-10-31,,21,부산광역시,부산BIS
BSB186200301,해운대교육지원청,35.17696777,129.1761088,2025-10-31,9345,21,부산광역시,부산BIS
BSB186210101,대림1차아파트,35.176837,129.1716081,2025-10-31,9055,21,부산광역시,부산BIS
BSB186210102,대동아파트,35.17787164,129.1744569,2025-10-31,9052,21,부산광역시,부산BIS
BSB186210103,대림1차아파트,35.17793372,129.1741315,2025-10-31,,21,부산광역시,부산BIS
BSB186210104,대림1차.양운고,35.17707017,129.1719916,2025-10-31,,21,부산광역시,부산BIS
BSB186210105,대동상가,35.17788775,129.174313,2025-10-31,,21,부산광역시,부산BIS
BSB186210301,대림3차아파트,35.17584642,129.1688836,2025-10-31,9065,21,부산광역시,부산BIS
BSB186210302,양운초등학교,35.17407038,129.1672605,2025-10-31,9068,21,부산광역시,부산BIS
BSB186210303,대림아파트406동,35.17559529,129.1684876,2025-10-31,,21,부산광역시,부산BIS
BSB186210304,양운초교,35.17424946,129.1673351,2025-10-31,,21,부산광역시,부산BIS
BSB186210401,양운고등학교,35.17709407,129.1712062,2025-10-31,,21,부산광역시,부산BIS
BSB186220301,신도시시장.아세안문화원,35.17519079,129.1806982,2025-10-31,9040,21,부산광역시,부산BIS
BSB186250302,해운대역,35.16338939,129.1581344,2025-10-31,70006,21,부산광역시,부산BIS
BSB186260101,부산문화여고,35.16281218,129.144815,2025-10-31,9131,21,부산광역시,부산BIS
BSB186260201,요트경기장,35.16329761,129.1414489,2025-10-31,9129,21,부산광역시,부산BIS
BSB186280101,동백섬,35.15768313,129.1514109,2025-10-31,70004,21,부산광역시,부산BIS
BSB186300101,장산역13번출구,35.16903923,129.1756573,2025-10-31,9061,21,부산광역시,부산BIS
BSB186310101,한일아파트,35.17200618,129.1702548,2025-10-31,9075,21,부산광역시,부산BIS
BSB186310102,한일아파트,35.17249527,129.1703785,2025-10-31,,21,부산광역시,부산BIS
BSB186330201,현대아파트,35.16555324,129.1784482,2025-10-31,9026,21,부산광역시,부산BIS
BSB186330202,현대아파트,35.16534024,129.1787504,2025-10-31,,21,부산광역시,부산BIS
BSB186360301,좌동재래시장입구,35.17255505,129.1750948,2025-10-31,9033,21,부산광역시,부산BIS
BSB186370101,해운대교육지원청,35.17693592,129.1763768,2025-10-31,9346,21,부산광역시,부산BIS
BSB186410301,해운대구청어귀삼거리,35.16533688,129.1616356,2025-10-31,9254,21,부산광역시,부산BIS
BSB186410302,해운대구청어귀삼거리,35.1653927,129.1617399,2025-10-31,,21,부산광역시,부산BIS
BSB186420101,영남아파트,35.1680066,129.182952,2025-10-31,9034,21,부산광역시,부산BIS
BSB186420201,SK뷰아파트,35.16631581,129.1839555,2025-10-31,,21,부산광역시,부산BIS
BSB186420202,경남선경아파트,35.16523621,129.1850406,2025-10-31,,21,부산광역시,부산BIS
BSB186420301,상록아파트107동앞,35.16586281,129.1813296,2025-10-31,9028,21,부산광역시,부산BIS
BSB186420401,대우아파트,35.16741592,129.1813719,2025-10-31,9031,21,부산광역시,부산BIS
BSB186420402,대우.상록아파트,35.16744346,129.1812578,2025-10-31,,21,부산광역시,부산BIS
BSB186430101,SK뷰아파트,35.16503437,129.1810894,2025-10-31,9029,21,부산광역시,부산BIS
BSB186430301,해운대보건소,35.16374471,129.1794036,2025-10-31,9020,21,부산광역시,부산BIS
BSB186430401,상록아파트,35.1652637,129.1794923,2025-10-31,9027,21,부산광역시,부산BIS
BSB186430402,상록아파트,35.16531148,129.1794226,2025-10-31,,21,부산광역시,부산BIS
BSB186450101,신도시시장.아세안문화원,35.1748612,129.1808257,2025-10-31,9039,21,부산광역시,부산BIS
BSB186450102,신도시시장.아세안문화원,35.17478212,129.180638,2025-10-31,,21,부산광역시,부산BIS
BSB186450201,부흥고.해운대백병원,35.17409255,129.1803438,2025-10-31,9043,21,부산광역시,부산BIS
BSB186450202,해운대백병원,35.17296888,129.1811219,2025-10-31,,21,부산광역시,부산BIS
BSB186450203,부흥고.해운대백병원,35.17361572,129.1806943,2025-10-31,,21,부산광역시,부산BIS
BSB186450401,동신아파트,35.17639856,129.1792061,2025-10-31,9046,21,부산광역시,부산BIS
BSB186450402,동부아파트,35.1775904,129.1771017,2025-10-31,9047,21,부산광역시,부산BIS
BSB186450403,동부아파트,35.17751948,129.1773747,2025-10-31,,21,부산광역시,부산BIS
BSB186450404,동부아파트,35.17753097,129.177269,2025-10-31,,21,부산광역시,부산BIS
BSB186450405,동신아파트,35.17651338,129.1791269,2025-10-31,,21,부산광역시,부산BIS
BSB186460201,좌동재래시장,35.17314497,129.1729563,2025-10-31,9058,21,부산광역시,부산BIS
BSB186500102,해운대도시철도역,35.16316109,129.1583039,2025-10-31,,21,부산광역시,부산BIS
BSB186500401,신동아아파트,35.16329385,129.1564109,2025-10-31,9101,21,부산광역시,부산BIS
BSB186580401,공작맨션,35.1667001,129.1584289,2025-10-31,9094,21,부산광역시,부산BIS
BSB186590402,공작맨션,35.16683671,129.1583626,2025-10-31,,21,부산광역시,부산BIS
BSB186600101,우1치안센터,35.166127,129.1576505,2025-10-31,9098,21,부산광역시,부산BIS
BSB186600102,해운대관광고등학교,35.16789995,129.15722,2025-10-31,9095,21,부산광역시,부산BIS
BSB186610101,공작맨션,35.16663977,129.1582619,2025-10-31,,21,부산광역시,부산BIS
BSB186610201,해운대관광고등학교,35.16799181,129.1569194,2025-10-31,9096,21,부산광역시,부산BIS
BSB186610202,우1치안센터,35.16601797,129.1574105,2025-10-31,9097,21,부산광역시,부산BIS
BSB186610203,우1치안센터,35.1661956,129.1574239,2025-10-31,,21,부산광역시,부산BIS
BSB186610204,해운대관광고등학교,35.16785731,129.1569685,2025-10-31,,21,부산광역시,부산BIS
BSB186630401,파라다이스호텔,35.16073906,129.1643739,2025-10-31,,21,부산광역시,부산BIS
BSB186640201,요트경기장.경남마리나아파트,35.16062832,129.1419443,2025-10-31,9127,21,부산광역시,부산BIS
BSB186660401,대우마리나아파트,35.15910713,129.146979,2025-10-31,9123,21,부산광역시,부산BIS
BSB186670301,마린시티,35.15678683,129.1412238,2025-10-31,,21,부산광역시,부산BIS
BSB186680301,한화리조트,35.15412625,129.1452934,2025-10-31,,21,부산광역시,부산BIS
BSB186700301,요트경기장.경남마리나아파트,35.16082252,129.1422367,2025-10-31,9128,21,부산광역시,부산BIS
BSB186710201,대우마리나아파트,35.15889935,129.1466066,2025-10-31,9125,21,부산광역시,부산BIS
BSB186720101,우성빌라트,35.16353378,129.1850883,2025-10-31,,21,부산광역시,부산BIS
BSB186720102,현우산화맨션,35.16414731,129.1848094,2025-10-31,,21,부산광역시,부산BIS
BSB186720301,동해사,35.16277524,129.1843136,2025-10-31,,21,부산광역시,부산BIS
BSB186750101,송정1단지주공,35.18148317,129.1997145,2025-10-31,9011,21,부산광역시,부산BIS
BSB186750102,송정해수욕장입구,35.18272208,129.2005223,2025-10-31,9049,21,부산광역시,부산BIS
BSB186750103,송정1단지주공,35.18160853,129.1997978,2025-10-31,,21,부산광역시,부산BIS
BSB186750201,광어골입구,35.17975204,129.1981289,2025-10-31,9357,21,부산광역시,부산BIS
BSB186770101,광어골입구,35.17954771,129.1984636,2025-10-31,9358,21,부산광역시,부산BIS
BSB186770201,KT송정타워,35.1774189,129.1965953,2025-10-31,9359,21,부산광역시,부산BIS
BSB186780201,해운대문화회관,35.17040412,129.1749901,2025-10-31,9294,21,부산광역시,부산BIS
BSB186800101,동일아파트,35.16597441,129.1716474,2025-10-31,9083,21,부산광역시,부산BIS
BSB186900201,이마트.중동역,35.16655317,129.1690019,2025-10-31,9050,21,부산광역시,부산BIS
BSB186900202,이마트.중동역,35.16654517,129.168879,2025-10-31,,21,부산광역시,부산BIS
BSB186910301,삼정코아아파트,35.16954298,129.1784569,2025-10-31,9340,21,부산광역시,부산BIS
BSB186920201,삼정코아아파트,35.16942582,129.1782068,2025-10-31,9341,21,부산광역시,부산BIS
BSB186920302,장산역,35.1700149,129.1767684,2025-10-31,,21,부산광역시,부산BIS
BSB186920303,장산역,35.16993251,129.1765752,2025-10-31,,21,부산광역시,부산BIS
BSB186950301,장산역.해운대문화회관,35.1704656,129.1753503,2025-10-31,9285,21,부산광역시,부산BIS
BSB186980301,동일아파트,35.16612278,129.1712498,2025-10-31,9082,21,부산광역시,부산BIS
BSB187000101,KT송정타워,35.17689391,129.1967239,2025-10-31,9360,21,부산광역시,부산BIS
BSB187020101,양운초등학교,35.17411651,129.1676885,2025-10-31,9069,21,부산광역시,부산BIS
BSB187020102,대림3차아파트,35.17547676,129.168875,2025-10-31,9064,21,부산광역시,부산BIS
BSB197160402,롯데아울렛,35.19094185,129.2150003,2025-10-31,,21,부산광역시,부산BIS
BSB197170101,기차여행,35.20873074,129.222894,2025-10-31,16113,21,부산광역시,부산BIS
BSB197170102,해광사,35.2053903,129.224034,2025-10-31,16078,21,부산광역시,부산BIS
BSB197170201,연서교회,35.21487363,129.2222595,2025-10-31,16070,21,부산광역시,부산BIS
BSB197170202,서암,35.21555947,129.2234119,2025-10-31,16089,21,부산광역시,부산BIS
BSB197180101,신암,35.21778492,129.2253886,2025-10-31,16153,21,부산광역시,부산BIS
BSB197180102,연화리,35.21994344,129.2267224,2025-10-31,16082,21,부산광역시,부산BIS
BSB197180201,서암,35.21596918,129.2238492,2025-10-31,,21,부산광역시,부산BIS
BSB197180202,연서교회,35.21511032,129.222353,2025-10-31,16148,21,부산광역시,부산BIS
BSB197190101,신암,35.2182976,129.2254411,2025-10-31,16085,21,부산광역시,부산BIS
BSB197200201,연화리,35.22074275,129.2267509,2025-10-31,16152,21,부산광역시,부산BIS
BSB197200301,대변항입구,35.22414038,129.2266771,2025-10-31,16244,21,부산광역시,부산BIS
BSB197270201,석길,35.28724615,129.1641734,2025-10-31,16031,21,부산광역시,부산BIS
BSB197270202,석길마을,35.28717037,129.1639039,2025-10-31,,21,부산광역시,부산BIS
BSB197270203,백길마을,35.2836921,129.1562298,2025-10-31,,21,부산광역시,부산BIS
BSB197280101,석길,35.28704123,129.1638988,2025-10-31,16131,21,부산광역시,부산BIS
BSB197280201,백길,35.2833916,129.15586,2025-10-31,16133,21,부산광역시,부산BIS
BSB197290101,백길,35.2833097,129.1560253,2025-10-31,16132,21,부산광역시,부산BIS
BSB197290201,와여마을,35.27808795,129.1514687,2025-10-31,,21,부산광역시,부산BIS
BSB197290202,와여마을,35.27817667,129.15152,2025-10-31,,21,부산광역시,부산BIS
BSB197300101,와여마을,35.27792412,129.1516174,2025-10-31,,21,부산광역시,부산BIS
BSB197300202,철마면사무소,35.27497972,129.1498845,2025-10-31,,21,부산광역시,부산BIS
BSB197310101,연꽃공원앞,35.29577219,129.1703296,2025-10-31,16278,21,부산광역시,부산BIS
BSB197310201,연꽃공원입구,35.29401712,129.168242,2025-10-31,16306,21,부산광역시,부산BIS
BSB197320101,연꽃공원앞,35.29574412,129.1701365,2025-10-31,16277,21,부산광역시,부산BIS
BSB197320201,소산마을,35.29969063,129.1687763,2025-10-31,,21,부산광역시,부산BIS
BSB197330101,웅천,35.28937363,129.1679437,2025-10-31,16159,21,부산광역시,부산BIS
BSB197330201,연꽃공원입구,35.29399576,129.1684282,2025-10-31,16307,21,부산광역시,부산BIS
BSB197340101,한국폴리텍동부산캠퍼스,35.31669229,129.1786433,2025-10-31,16181,21,부산광역시,부산BIS
BSB197340301,매곡리,35.31664961,129.1760085,2025-10-31,16028,21,부산광역시,부산BIS
BSB197350101,구연동,35.31996942,129.1807012,2025-10-31,16110,21,부산광역시,부산BIS
BSB197350301,한국폴리텍동부산캠퍼스,35.31694147,129.1790553,2025-10-31,16182,21,부산광역시,부산BIS
BSB197360101,매곡리,35.31511008,129.1744778,2025-10-31,16129,21,부산광역시,부산BIS
BSB197380201,아세아자동차전문,35.31576994,129.1695704,2025-10-31,,21,부산광역시,부산BIS
BSB197410101,곰내재,35.30674454,129.1722356,2025-10-31,,21,부산광역시,부산BIS
BSB197410201,기장실버홈,35.31414124,129.1699471,2025-10-31,16166,21,부산광역시,부산BIS
BSB197420101,곰내재,35.30661025,129.1723915,2025-10-31,16066,21,부산광역시,부산BIS
BSB197430101,소산마을,35.29956365,129.1686317,2025-10-31,,21,부산광역시,부산BIS
BSB197470101,월내초등학교,35.32924026,129.2819229,2025-10-31,16017,21,부산광역시,부산BIS
BSB197470102,월내초등학교,35.3293623,129.2822312,2025-10-31,,21,부산광역시,부산BIS
BSB197480301,월내농협,35.32771694,129.2790785,2025-10-31,16341,21,부산광역시,부산BIS
BSB197480302,월내농협,35.32767081,129.2790054,2025-10-31,,21,부산광역시,부산BIS
BSB197500101,월내농협,35.32749948,129.2790804,2025-10-31,16340,21,부산광역시,부산BIS
BSB197500102,월내농협,35.32754642,129.2791435,2025-10-31,,21,부산광역시,부산BIS
BSB197560201,좌동삼거리,35.3174471,129.2418905,2025-10-31,,21,부산광역시,부산BIS
BSB197560401,부산장안고등학교,35.3206519,129.2373011,2025-10-31,16018,21,부산광역시,부산BIS
BSB197560402,부산장안고등학교,35.32037003,129.2377413,2025-10-31,,21,부산광역시,부산BIS
BSB197570201,메가마트기장점,35.25425246,129.222735,2025-10-31,16566,21,부산광역시,부산BIS
BSB197570301,기장체육관,35.25183183,129.2208388,2025-10-31,,21,부산광역시,부산BIS
BSB197570302,메가마트기장점,35.25409637,129.2226349,2025-10-31,,21,부산광역시,부산BIS
BSB197620301,이진아파트,35.2503554,129.2089455,2025-10-31,16522,21,부산광역시,부산BIS
BSB197620302,이진아파트,35.25029394,129.208986,2025-10-31,,21,부산광역시,부산BIS
BSB197640101,궁전아파트,35.24106108,129.2105113,2025-10-31,,21,부산광역시,부산BIS
BSB197640301,기장고등학교,35.23997189,129.2102016,2025-10-31,,21,부산광역시,부산BIS
BSB197650301,궁전아파트,35.24106571,129.2102588,2025-10-31,,21,부산광역시,부산BIS
BSB197660101,차고지,35.24099259,129.2120417,2025-10-31,,21,부산광역시,부산BIS
BSB197670301,차고지,35.24100542,129.2118333,2025-10-31,,21,부산광역시,부산BIS
BSB197680201,기장성당,35.24149111,129.2177597,2025-10-31,16515,21,부산광역시,부산BIS
BSB197680202,기장성당,35.24140893,129.2177802,2025-10-31,,21,부산광역시,부산BIS
BSB197700101,동해선기장역.기장중학교,35.24425393,129.2168119,2025-10-31,16510,21,부산광역시,부산BIS
BSB197700102,동해선기장역.기장중학교,35.244132,129.2168161,2025-10-31,,21,부산광역시,부산BIS
BSB197710201,기장성당,35.24099505,129.2179599,2025-10-31,16551,21,부산광역시,부산BIS
BSB197730101,기장전화국,35.24176532,129.2136374,2025-10-31,16513,21,부산광역시,부산BIS
BSB197730102,기장전화국,35.24186762,129.213636,2025-10-31,,21,부산광역시,부산BIS
BSB197730201,아름공원,35.24108959,129.2151336,2025-10-31,16550,21,부산광역시,부산BIS
BSB197740101,기장지구대,35.24615991,129.2169449,2025-10-31,16508,21,부산광역시,부산BIS
BSB197740102,한신아파트정문,35.2478263,129.2170038,2025-10-31,16506,21,부산광역시,부산BIS
BSB197740103,기장지구대,35.24628025,129.2169468,2025-10-31,,21,부산광역시,부산BIS
BSB197740104,한신아파트,35.24773922,129.2170081,2025-10-31,,21,부산광역시,부산BIS
BSB197740301,동해선기장역.기장중학교,35.24384863,129.2165536,2025-10-31,16511,21,부산광역시,부산BIS
BSB197740303,동해선기장역.기장중학교,35.24367278,129.216533,2025-10-31,,21,부산광역시,부산BIS
BSB197740401,기장시장,35.24523267,129.2160923,2025-10-31,16552,21,부산광역시,부산BIS
BSB197810101,기장종합사회복지관,35.23618402,129.2133333,2025-10-31,16573,21,부산광역시,부산BIS
BSB197850301,기장종합사회복지관,35.23615722,129.2130745,2025-10-31,16574,21,부산광역시,부산BIS
BSB197860201,청강사거리,35.23680781,129.2181847,2025-10-31,16518,21,부산광역시,부산BIS
BSB197880201,청강사거리,35.23623253,129.2173671,2025-10-31,16530,21,부산광역시,부산BIS
BSB198000101,기장도서관,35.2501375,129.2171675,2025-10-31,16570,21,부산광역시,부산BIS
BSB198000102,기장도서관,35.2502094,129.2171777,2025-10-31,,21,부산광역시,부산BIS
BSB198000401,기장도서관,35.2500661,129.2168218,2025-10-31,16503,21,부산광역시,부산BIS
BSB198000402,기장도서관,35.2500381,129.2169162,2025-10-31,,21,부산광역시,부산BIS
BSB198010201,기장도서관,35.24982343,129.2168846,2025-10-31,16504,21,부산광역시,부산BIS
BSB198010202,기장도서관,35.24988519,129.2168686,2025-10-31,,21,부산광역시,부산BIS
BSB198010301,한신아파트후문,35.25018473,129.2148345,2025-10-31,,21,부산광역시,부산BIS
BSB198010401,교리,35.25268326,129.2158808,2025-10-31,16557,21,부산광역시,부산BIS
BSB198030301,한신아파트정문,35.24778421,129.2167228,2025-10-31,16505,21,부산광역시,부산BIS
BSB198030302,기장지구대,35.24629421,129.2166459,2025-10-31,16507,21,부산광역시,부산BIS
BSB198030303,기장지구대,35.24617027,129.2166432,2025-10-31,,21,부산광역시,부산BIS
BSB198030304,한신아파트,35.24787827,129.2167225,2025-10-31,,21,부산광역시,부산BIS
BSB198070101,죽성사거리,35.23968833,129.2204635,2025-10-31,16517,21,부산광역시,부산BIS
BSB198080101,대변,35.22477335,129.2282593,2025-10-31,16116,21,부산광역시,부산BIS
BSB198090201,대변항입구,35.2239199,129.2263317,2025-10-31,16243,21,부산광역시,부산BIS
BSB198160301,기장읍사무소,35.23792642,129.2149417,2025-10-31,16561,21,부산광역시,부산BIS
BSB198170101,기장읍사무소,35.23766196,129.2149453,2025-10-31,16529,21,부산광역시,부산BIS
BSB198180101,월평교차로,35.35751014,129.1414335,2025-10-31,16196,21,부산광역시,부산BIS
BSB198180102,두명마을,35.35527397,129.148043,2025-10-31,16125,21,부산광역시,부산BIS
BSB198190101,월평교차로,35.3584213,129.1414864,2025-10-31,16197,21,부산광역시,부산BIS
BSB169420101,안창마을입구,35.14439282,129.0482457,2025-10-31,5210,21,부산광역시,부산BIS
BSB169420102,호천마을입구,35.14414295,129.0502718,2025-10-31,5208,21,부산광역시,부산BIS
BSB169420103,서호정사,35.14547959,129.0512802,2025-10-31,5205,21,부산광역시,부산BIS
BSB169420201,삼화약국,35.14349157,129.0485018,2025-10-31,3010,21,부산광역시,부산BIS
BSB169420202,범일초등학교,35.14060254,129.0488846,2025-10-31,3011,21,부산광역시,부산BIS
BSB169420203,삼화약국,35.14354232,129.048427,2025-10-31,,21,부산광역시,부산BIS
BSB169420204,범곡새마을금고,35.14077398,129.0488643,2025-10-31,,21,부산광역시,부산BIS
BSB169420301,안창마을입구,35.14551498,129.0465857,2025-10-31,,21,부산광역시,부산BIS
BSB169420302,안창마을종점,35.14600474,129.042347,2025-10-31,,21,부산광역시,부산BIS
BSB169420303,안창삼거리,35.14450784,129.0479931,2025-10-31,,21,부산광역시,부산BIS
BSB169420304,보각사,35.14556627,129.0464568,2025-10-31,,21,부산광역시,부산BIS
BSB169420305,동구종합사회복지관,35.14596502,129.0424963,2025-10-31,,21,부산광역시,부산BIS
BSB169440101,동부경찰서,35.12946785,129.0486843,2025-10-31,,21,부산광역시,부산BIS
BSB169440201,수정시장,35.12859824,129.0461721,2025-10-31,3103,21,부산광역시,부산BIS
BSB169440301,수정초등학교,35.13125641,129.0470349,2025-10-31,3027,21,부산광역시,부산BIS
BSB169440302,수정초등학교,35.1310634,129.046968,2025-10-31,,21,부산광역시,부산BIS
BSB169450101,(구)성분도병원,35.12254824,129.0403584,2025-10-31,3083,21,부산광역시,부산BIS
BSB169450401,초량지구대,35.11792622,129.0377286,2025-10-31,3066,21,부산광역시,부산BIS
BSB169450501,(구)해룡약국,35.11991401,129.0356547,2025-10-31,3155,21,부산광역시,부산BIS
BSB169450502,초량6동주민센터,35.12020421,129.0336995,2025-10-31,3046,21,부산광역시,부산BIS
BSB169450503,부산고교,35.12061036,129.0384774,2025-10-31,3068,21,부산광역시,부산BIS
BSB169450504,초량어린이집,35.11968113,129.0318436,2025-10-31,3153,21,부산광역시,부산BIS
BSB169460101,부산고교,35.1195063,129.0388219,2025-10-31,3072,21,부산광역시,부산BIS
BSB169460102,초량지구대,35.11796453,129.037998,2025-10-31,3067,21,부산광역시,부산BIS
BSB169470101,수정1동공영주차장,35.12484024,129.0390241,2025-10-31,3172,21,부산광역시,부산BIS
BSB169470102,한림유치원,35.12393281,129.0399311,2025-10-31,3178,21,부산광역시,부산BIS
BSB169490101,동구청,35.12674209,129.045081,2025-10-31,3101,21,부산광역시,부산BIS
BSB169500101,수정아파트,35.12724245,129.0408077,2025-10-31,3034,21,부산광역시,부산BIS
BSB169500102,동구노인종합복지관.묘심사,35.12657113,129.0395126,2025-10-31,3036,21,부산광역시,부산BIS
BSB169500301,수정2동,35.13028734,129.040702,2025-10-31,3032,21,부산광역시,부산BIS
BSB169520401,수정아파트5동,35.12742535,129.0370895,2025-10-31,,21,부산광역시,부산BIS
BSB169520402,수정아파트중간계단,35.12764692,129.0378464,2025-10-31,,21,부산광역시,부산BIS
BSB169520403,백련정사입구,35.12804639,129.0391097,2025-10-31,,21,부산광역시,부산BIS
BSB169530101,수정4동(종점),35.1273822,129.0387264,2025-10-31,3157,21,부산광역시,부산BIS
BSB169600101,동구종합사회복지관,35.14582207,129.0419428,2025-10-31,,21,부산광역시,부산BIS
BSB169600102,안창마을,35.14477694,129.0403457,2025-10-31,,21,부산광역시,부산BIS
BSB169610202,고관입구,35.12647814,129.0453751,2025-10-31,3099,21,부산광역시,부산BIS
BSB169610301,동구청.우체국,35.1276755,129.04555,2025-10-31,,21,부산광역시,부산BIS
BSB169610302,부산진역1번출구,35.12710845,129.0464455,2025-10-31,,21,부산광역시,부산BIS
BSB169620101,수정시장,35.12903716,129.0468778,2025-10-31,3104,21,부산광역시,부산BIS
BSB169620102,수정시장,35.12894177,129.0467753,2025-10-31,,21,부산광역시,부산BIS
BSB169620301,동구청,35.12681228,129.0448283,2025-10-31,3102,21,부산광역시,부산BIS
BSB169630201,수정2동,35.12951534,129.0411366,2025-10-31,3033,21,부산광역시,부산BIS
BSB169630301,동여중,35.13178573,129.0419847,2025-10-31,3031,21,부산광역시,부산BIS
BSB169670401,남해지방해양경찰청,35.12765226,129.0548772,2025-10-31,3115,21,부산광역시,부산BIS
BSB169710101,범내골역3번출구.춘해병원,35.14670783,129.0588964,2025-10-31,5318,21,부산광역시,부산BIS
BSB169710301,부산범천교회,35.14200911,129.0551364,2025-10-31,5324,21,부산광역시,부산BIS
BSB169710302,범천교회,35.14200868,129.0553939,2025-10-31,,21,부산광역시,부산BIS
BSB169710401,경남아파트,35.14355267,129.0561925,2025-10-31,5214,21,부산광역시,부산BIS
BSB169710402,경남아파트,35.14432558,129.0560871,2025-10-31,,21,부산광역시,부산BIS
BSB169740401,축복예식장,35.13960572,129.0617944,2025-10-31,,21,부산광역시,부산BIS
BSB169770201,시민회관.동부산우체국,35.13825857,129.0624629,2025-10-31,3144,21,부산광역시,부산BIS
BSB169770301,시민회관.동부산우체국,35.1388906,129.0624732,2025-10-31,3145,21,부산광역시,부산BIS
BSB169780301,자유.평화시장,35.14091479,129.0605433,2025-10-31,3150,21,부산광역시,부산BIS
BSB169780302,"자유,평화시장",35.14099813,129.0604636,2025-10-31,,21,부산광역시,부산BIS
BSB169820301,부산진성공원,35.13737074,129.0624202,2025-10-31,3143,21,부산광역시,부산BIS
BSB169830301,부산시민회관,35.13756719,129.0650413,2025-10-31,,21,부산광역시,부산BIS
BSB169840401,한양아파트,35.13973396,129.0637919,2025-10-31,,21,부산광역시,부산BIS
BSB169860101,범5호교,35.14057007,129.0631308,2025-10-31,3158,21,부산광역시,부산BIS
BSB169860103,조방면옥,35.14105106,129.0639072,2025-10-31,,21,부산광역시,부산BIS
BSB169870301,국밥골목,35.1415152,129.061859,2025-10-31,,21,부산광역시,부산BIS
BSB169870302,평화시장,35.14149121,129.060251,2025-10-31,,21,부산광역시,부산BIS
BSB169900401,하모니웨딩타운,35.14154446,129.0635739,2025-10-31,,21,부산광역시,부산BIS
BSB169910301,오션브릿지,35.13297698,129.0594497,2025-10-31,,21,부산광역시,부산BIS
BSB169920101,부산진성공원,35.13587937,129.062904,2025-10-31,3130,21,부산광역시,부산BIS
BSB169920201,부산진성공원,35.13463724,129.0608085,2025-10-31,3129,21,부산광역시,부산BIS
BSB169940101,보급창,35.13204207,129.0595382,2025-10-31,3128,21,부산광역시,부산BIS
BSB169950101,한성기린아파트,35.13913388,129.0566812,2025-10-31,3175,21,부산광역시,부산BIS
BSB169950102,한성기린아파트,35.13936817,129.0566929,2025-10-31,,21,부산광역시,부산BIS
BSB169950302,좌천동가구거리(좌천역),35.13534754,129.0551343,2025-10-31,3136,21,부산광역시,부산BIS
BSB169970201,국제호텔,35.138095,129.0612783,2025-10-31,3141,21,부산광역시,부산BIS
BSB169970301,부산진시장입구,35.13754558,129.0592028,2025-10-31,,21,부산광역시,부산BIS
BSB169990101,범일동국민은행,35.13892595,129.0608784,2025-10-31,3146,21,부산광역시,부산BIS
BSB169990102,(구)영남예식장,35.13891657,129.0604551,2025-10-31,,21,부산광역시,부산BIS
BSB170000201,대양산업·하버시티,35.13137842,129.0572241,2025-10-31,3126,21,부산광역시,부산BIS
BSB170000202,범일5동주민센터,35.13121429,129.0551245,2025-10-31,3181,21,부산광역시,부산BIS
BSB170030101,범일5동주민센터,35.13094116,129.0547222,2025-10-31,3125,21,부산광역시,부산BIS
BSB170030102,대양산업·하버시티,35.13125542,129.0588871,2025-10-31,3127,21,부산광역시,부산BIS
BSB170030103,두산위브,35.13102114,129.0557531,2025-10-31,,21,부산광역시,부산BIS
BSB170030104,대양산업·하버시티,35.13125893,129.0587318,2025-10-31,,21,부산광역시,부산BIS
BSB170030201,범일5동주민센터,35.13031861,129.0542349,2025-10-31,3124,21,부산광역시,부산BIS
BSB170030202,남해지방해양경찰청,35.1274789,129.0544724,2025-10-31,3116,21,부산광역시,부산BIS
BSB170030203,범일5동주민센터,35.13042096,129.0542133,2025-10-31,,21,부산광역시,부산BIS
BSB170030204,동부경찰서방범순찰대,35.12951832,129.0543003,2025-10-31,,21,부산광역시,부산BIS
BSB170030205,남해해양경비안전본부,35.12767719,129.0544624,2025-10-31,,21,부산광역시,부산BIS
BSB170050101,범곡교차로,35.14198207,129.0567416,2025-10-31,3015,21,부산광역시,부산BIS
BSB170050201,범곡교차로,35.14071798,129.056323,2025-10-31,3002,21,부산광역시,부산BIS
BSB170050202,범곡교차로,35.14008672,129.0562938,2025-10-31,3001,21,부산광역시,부산BIS
BSB170100101,부산보건고,35.08297634,129.0414306,2025-10-31,4031,21,부산광역시,부산BIS
BSB170110101,봉래동,35.09311361,129.0515467,2025-10-31,,21,부산광역시,부산BIS
BSB170110102,봉래2동마을건강센터,35.09372689,129.0529215,2025-10-31,4052,21,부산광역시,부산BIS
BSB170110103,영월사,35.09397172,129.0543299,2025-10-31,4053,21,부산광역시,부산BIS
BSB170110104,청학고개,35.09426827,129.0567377,2025-10-31,4204,21,부산광역시,부산BIS
BSB170120101,센트럴에일린의뜰,35.09263942,129.0501032,2025-10-31,4049,21,부산광역시,부산BIS
BSB170120201,센트럴에일린의뜰,35.09230916,129.0494699,2025-10-31,4048,21,부산광역시,부산BIS
BSB178340202,사하구청.당리역,35.10289012,128.9751842,2025-10-31,10068,21,부산광역시,부산BIS
BSB178340203,사하구청,35.10299333,128.9752283,2025-10-31,90010,21,부산광역시,부산BIS
BSB178350101,낙동초등학교,35.1044662,128.9704326,2025-10-31,10073,21,부산광역시,부산BIS
BSB178350102,하단시장입구,35.104924,128.9695,2025-10-31,90009,21,부산광역시,부산BIS
BSB178360201,반도보라아파트,35.1083515,128.977549,2025-10-31,,21,부산광역시,부산BIS
BSB178360301,동원아파트상가,35.10952295,128.9811415,2025-10-31,,21,부산광역시,부산BIS
BSB178360302,혜성아파트,35.10950947,128.9802273,2025-10-31,,21,부산광역시,부산BIS
BSB178370201,당리시장,35.1059364,128.9746702,2025-10-31,,21,부산광역시,부산BIS
BSB178380101,당리시장,35.10546573,128.9746562,2025-10-31,,21,부산광역시,부산BIS
BSB178380201,당리시장,35.10520482,128.9746053,2025-10-31,,21,부산광역시,부산BIS
BSB178380202,푸르지오아파트,35.104288,128.9761033,2025-10-31,,21,부산광역시,부산BIS
BSB178380401,당리역,35.10436182,128.9721059,2025-10-31,,21,부산광역시,부산BIS
BSB178400301,장림시장번영1길,35.08236928,128.969864,2025-10-31,,21,부산광역시,부산BIS
BSB178400302,장림시장번영2길,35.08242011,128.9681221,2025-10-31,,21,부산광역시,부산BIS
BSB178400401,장림시장,35.08078609,128.968021,2025-10-31,10155,21,부산광역시,부산BIS
BSB178400402,장림중소기업은행,35.08059637,128.9702691,2025-10-31,10156,21,부산광역시,부산BIS
BSB178400403,장림우체국,35.08056777,128.972273,2025-10-31,10158,21,부산광역시,부산BIS
BSB178400404,장림시장,35.08103808,128.9676257,2025-10-31,10154,21,부산광역시,부산BIS
BSB178400405,장림시장,35.0808532,128.9679207,2025-10-31,,21,부산광역시,부산BIS
BSB178400406,중소기업은행,35.08059123,128.9701851,2025-10-31,,21,부산광역시,부산BIS
BSB178400407,중앙병원,35.08056655,128.9723459,2025-10-31,,21,부산광역시,부산BIS
BSB178400601,장림1동행정복지센터,35.08275245,128.9656782,2025-10-31,10226,21,부산광역시,부산BIS
BSB178400602,장림1동주민센터,35.08274931,128.9659686,2025-10-31,,21,부산광역시,부산BIS
BSB178410101,삼창아파트,35.10435842,128.9725913,2025-10-31,,21,부산광역시,부산BIS
BSB178410301,영락교회,35.10370129,128.970838,2025-10-31,10203,21,부산광역시,부산BIS
BSB178410401,낙동초등학교,35.10452106,128.97135,2025-10-31,10071,21,부산광역시,부산BIS
BSB178410402,낙동초등학교,35.10487441,128.9703232,2025-10-31,10072,21,부산광역시,부산BIS
BSB178410403,하단오거리,35.10505623,128.9699073,2025-10-31,,21,부산광역시,부산BIS
BSB178430201,장림시장번영2길,35.08265417,128.9686923,2025-10-31,,21,부산광역시,부산BIS
BSB178440101,한성기린아파트,35.09283838,128.9780541,2025-10-31,10240,21,부산광역시,부산BIS
BSB178450201,(구)괴정2치안센터,35.10551825,129.0037144,2025-10-31,10042,21,부산광역시,부산BIS
BSB178450202,대티역,35.10394404,129.001138,2025-10-31,10044,21,부산광역시,부산BIS
BSB178470101,대티역,35.10385594,129.0013389,2025-10-31,10043,21,부산광역시,부산BIS
BSB178470102,(구)괴정2치안센터,35.10551473,129.0040271,2025-10-31,10041,21,부산광역시,부산BIS
BSB178470401,괴정초등학교.대티역,35.10315095,128.9995321,2025-10-31,10045,21,부산광역시,부산BIS
BSB178510101,하남초등교,35.0980835,128.9604214,2025-10-31,90018,21,부산광역시,부산BIS
BSB178510201,신평역,35.09527265,128.9600725,2025-10-31,90020,21,부산광역시,부산BIS
BSB178520301,신평역,35.09524168,128.960357,2025-10-31,90017,21,부산광역시,부산BIS
BSB178530201,서부정비,35.09000129,128.9615942,2025-10-31,,21,부산광역시,부산BIS
BSB178540101,강변아파트,35.10465863,128.9585542,2025-10-31,10103,21,부산광역시,부산BIS
BSB178540201,햇님공원,35.10357408,128.9604253,2025-10-31,10245,21,부산광역시,부산BIS
BSB178540301,가락타운2.3단지,35.10138169,128.9580533,2025-10-31,10109,21,부산광역시,부산BIS
BSB178580301,사하구민 장례식장,35.08046014,128.9627305,2025-10-31,,21,부산광역시,부산BIS
BSB178610101,하단1동주민센터,35.10388794,128.9637595,2025-10-31,10105,21,부산광역시,부산BIS
BSB178660201,동아대학교정문,35.11363255,128.9660513,2025-10-31,,21,부산광역시,부산BIS
BSB178670301,다대초등학교,35.05883818,128.9746821,2025-10-31,,21,부산광역시,부산BIS
BSB178680201,다대큰샘,35.0587888,128.9747241,2025-10-31,10179,21,부산광역시,부산BIS
BSB178690101,다대코오롱아파트,35.06552808,128.9812375,2025-10-31,,21,부산광역시,부산BIS
BSB178690201,다대롯데캐슬블루,35.06637814,128.9796633,2025-10-31,10172,21,부산광역시,부산BIS
BSB178690202,다대롯데캐슬블루,35.06645604,128.9796581,2025-10-31,,21,부산광역시,부산BIS
BSB178690301,다대롯데캐슬블루,35.06769889,128.9793331,2025-10-31,10171,21,부산광역시,부산BIS
BSB178690302,다대롯데캐슬블루,35.06775299,128.9792649,2025-10-31,,21,부산광역시,부산BIS
BSB178700301,낫개역,35.06426621,128.9793505,2025-10-31,10173,21,부산광역시,부산BIS
BSB178700302,다대현대아파트,35.06226891,128.9771674,2025-10-31,10175,21,부산광역시,부산BIS
BSB178700303,낫개역,35.0643447,128.9793443,2025-10-31,,21,부산광역시,부산BIS
BSB178700304,다대현대아파트,35.06221493,128.9771005,2025-10-31,,21,부산광역시,부산BIS
BSB178710101,다송중학교,35.06328062,128.9827947,2025-10-31,,21,부산광역시,부산BIS
BSB178710102,다송중학교,35.06335378,128.9827432,2025-10-31,10257,21,부산광역시,부산BIS
BSB178740201,두송복지관,35.06162378,128.9848854,2025-10-31,,21,부산광역시,부산BIS
BSB178740202,주공4지구117,35.06133424,128.9856357,2025-10-31,,21,부산광역시,부산BIS
BSB178740203,주공4지구120,35.06295823,128.986181,2025-10-31,,21,부산광역시,부산BIS
BSB178740301,국제그린아파트,35.06536262,128.9846986,2025-10-31,,21,부산광역시,부산BIS
BSB178740302,국제그린아파트2,35.06741752,128.9832525,2025-10-31,,21,부산광역시,부산BIS
BSB178740303,다송아파트,35.06412965,128.9860264,2025-10-31,,21,부산광역시,부산BIS
BSB178750101,국제그린아파트,35.06526241,128.9844124,2025-10-31,,21,부산광역시,부산BIS
BSB178750102,국제그린아파트2,35.06727696,128.9830344,2025-10-31,,21,부산광역시,부산BIS
BSB178750103,다송아파트,35.06392567,128.9859979,2025-10-31,,21,부산광역시,부산BIS
BSB178750201,다송초등학교,35.06860262,128.9800381,2025-10-31,,21,부산광역시,부산BIS
BSB178750202,삼환2차아파트,35.06773949,128.9817836,2025-10-31,,21,부산광역시,부산BIS
BSB178810101,다대5지구복지회,35.05124248,128.9627571,2025-10-31,,21,부산광역시,부산BIS
BSB178810102,롯데캐슬입구,35.05304551,128.9618797,2025-10-31,,21,부산광역시,부산BIS
BSB178810103,몰운대성당,35.05155991,128.9608222,2025-10-31,,21,부산광역시,부산BIS
BSB178810104,몰운대아파트,35.05235316,128.960948,2025-10-31,,21,부산광역시,부산BIS
BSB178810201,롯데캐슬입구,35.05366426,128.9623493,2025-10-31,,21,부산광역시,부산BIS
BSB178820401,강림인슈,35.05681696,128.9567257,2025-10-31,,21,부산광역시,부산BIS
BSB178830101,을숙도초등학교,35.11409622,128.9626186,2025-10-31,10095,21,부산광역시,부산BIS
BSB178830301,을숙도초등학교,35.11465428,128.9626243,2025-10-31,10093,21,부산광역시,부산BIS
BSB178890101,신평,35.0861217,128.9793801,2025-10-31,10134,21,부산광역시,부산BIS
BSB178900101,공과대학,35.11569972,128.9677682,2025-10-31,,21,부산광역시,부산BIS
BSB178900102,공대2호관,35.11607014,128.9672293,2025-10-31,,21,부산광역시,부산BIS
BSB178900103,대학본부,35.11478506,128.9658828,2025-10-31,,21,부산광역시,부산BIS
BSB178910201,동아대학교정문,35.11370015,128.9653043,2025-10-31,,21,부산광역시,부산BIS
BSB178920201,부산여고,35.11247383,128.9659944,2025-10-31,,21,부산광역시,부산BIS
BSB178930201,몰운대아파트10,35.05183822,128.9671489,2025-10-31,,21,부산광역시,부산BIS
BSB178940201,금화맨션,35.10397202,129.006862,2025-10-31,,21,부산광역시,부산BIS
BSB178940202,동보하이츠아파트(사하구치매안심센터),35.10376178,129.0060129,2025-10-31,,21,부산광역시,부산BIS
BSB178940203,아미까치공영주차장,35.10455206,129.009382,2025-10-31,,21,부산광역시,부산BIS
BSB178950101,대암아파트,35.10503713,128.9833216,2025-10-31,,21,부산광역시,부산BIS
BSB178950201,사동초등학교,35.10391559,128.9819461,2025-10-31,,21,부산광역시,부산BIS
BSB178960101,삼성타워,35.10543635,128.9840673,2025-10-31,,21,부산광역시,부산BIS
BSB178960201,대암아파트,35.10513171,128.983221,2025-10-31,,21,부산광역시,부산BIS
BSB178970201,삼성타워,35.10555418,128.9841347,2025-10-31,,21,부산광역시,부산BIS
BSB179000201,사하중학교,35.10323305,128.9831782,2025-10-31,,21,부산광역시,부산BIS
BSB179010201,괴정자유아파트,35.09937318,128.9886722,2025-10-31,10051,21,부산광역시,부산BIS
BSB179010203,서화의원,35.09939395,128.9890842,2025-10-31,,21,부산광역시,부산BIS
BSB187020103,대림아파트406동,35.17552265,129.1689649,2025-10-31,,21,부산광역시,부산BIS
BSB187020104,주공아파트,35.1762766,129.1703979,2025-10-31,,21,부산광역시,부산BIS
BSB187020201,신성아파트,35.17344422,129.1680232,2025-10-31,9071,21,부산광역시,부산BIS
BSB187020202,신성아파트,35.1734146,129.1682219,2025-10-31,,21,부산광역시,부산BIS
BSB187060101,한마음스포츠센터,35.18017873,129.1773249,2025-10-31,9368,21,부산광역시,부산BIS
BSB187090101,우일시장,35.1654314,129.1603441,2025-10-31,9092,21,부산광역시,부산BIS
BSB187110301,한화리조트,35.1540544,129.1455329,2025-10-31,,21,부산광역시,부산BIS
BSB187150101,부대앞,35.17399198,129.1642092,2025-10-31,9067,21,부산광역시,부산BIS
BSB187170301,영남아파트,35.16869001,129.182715,2025-10-31,9032,21,부산광역시,부산BIS
BSB187180101,해운대구청어귀삼거리,35.16530269,129.1621547,2025-10-31,9253,21,부산광역시,부산BIS
BSB187180102,스펀지,35.16540224,129.1623313,2025-10-31,,21,부산광역시,부산BIS
BSB187200201,미포.문탠로드입구,35.16143415,129.1726881,2025-10-31,9019,21,부산광역시,부산BIS
BSB187200202,미포.문탠로드입구,35.16145423,129.1727749,2025-10-31,,21,부산광역시,부산BIS
BSB187220101,해운대온천사거리,35.16163202,129.1646121,2025-10-31,9086,21,부산광역시,부산BIS
BSB187220102,해운대온천사거리,35.16167657,129.1646835,2025-10-31,,21,부산광역시,부산BIS
BSB187220201,해운대온천사거리,35.16106175,129.1634543,2025-10-31,9111,21,부산광역시,부산BIS
BSB187340201,우일시장,35.16541262,129.15994,2025-10-31,9093,21,부산광역시,부산BIS
BSB187380101,새터,35.16168449,129.1875672,2025-10-31,,21,부산광역시,부산BIS
BSB187380102,슈퍼앞,35.16127114,129.1897811,2025-10-31,,21,부산광역시,부산BIS
BSB187380103,청사포,35.16068228,129.19269,2025-10-31,,21,부산광역시,부산BIS
BSB187380104,해월정사,35.16298847,129.1867687,2025-10-31,,21,부산광역시,부산BIS
BSB187410201,중동119안전센터,35.16087313,129.1756698,2025-10-31,,21,부산광역시,부산BIS
BSB187410301,중동우체국,35.16131869,129.1760768,2025-10-31,,21,부산광역시,부산BIS
BSB187420101,주공입구,35.16081587,129.1758221,2025-10-31,,21,부산광역시,부산BIS
BSB187430101,일신하일라빌라.경동메르빌골드,35.15911218,129.1765013,2025-10-31,,21,부산광역시,부산BIS
BSB187440201,일신하일라빌라.경동메르빌골드,35.15919917,129.1766472,2025-10-31,,21,부산광역시,부산BIS
BSB187470101,해월정입구.힐사이드슈퍼,35.15772725,129.1802841,2025-10-31,,21,부산광역시,부산BIS
BSB187480101,달맞이요양병원,35.15846494,129.1809047,2025-10-31,,21,부산광역시,부산BIS
BSB187480201,해월정입구.힐사이드슈퍼,35.15782721,129.1801579,2025-10-31,,21,부산광역시,부산BIS
BSB187490201,달맞이요양병원,35.15852633,129.1807294,2025-10-31,,21,부산광역시,부산BIS
BSB187500101,송림마트,35.15994694,129.182149,2025-10-31,,21,부산광역시,부산BIS
BSB187510201,송림마트,35.15968412,129.1817276,2025-10-31,,21,부산광역시,부산BIS
BSB187520101,달맞이성당,35.16042774,129.1825712,2025-10-31,,21,부산광역시,부산BIS
BSB187530201,달맞이성당,35.16047519,129.1823646,2025-10-31,,21,부산광역시,부산BIS
BSB187540101,추리문학관,35.16158268,129.1835315,2025-10-31,,21,부산광역시,부산BIS
BSB187550201,추리문학관,35.16165283,129.1833782,2025-10-31,,21,부산광역시,부산BIS
BSB187560101,동해사,35.1627103,129.1844798,2025-10-31,,21,부산광역시,부산BIS
BSB187570101,반여동탑마트,35.20413577,129.1200719,2025-10-31,,21,부산광역시,부산BIS
BSB187590101,삼어교입구.선수촌아파트,35.20394362,129.1201939,2025-10-31,9202,21,부산광역시,부산BIS
BSB187590201,장산초등학교,35.20077354,129.1191137,2025-10-31,9201,21,부산광역시,부산BIS
BSB187590202,한화꿈에그린아파트,35.19870005,129.1183417,2025-10-31,9198,21,부산광역시,부산BIS
BSB187590203,반여1동주민센터,35.20083543,129.1191143,2025-10-31,,21,부산광역시,부산BIS
BSB187600301,브라보주유소,35.19476676,129.20516,2025-10-31,9003,21,부산광역시,부산BIS
BSB187600302,송정2휴먼시아,35.19081247,129.2041362,2025-10-31,9004,21,부산광역시,부산BIS
BSB187600303,동해선송정역,35.18722883,129.202474,2025-10-31,9006,21,부산광역시,부산BIS
BSB187600304,송정해수욕장입구,35.18441461,129.2011819,2025-10-31,9008,21,부산광역시,부산BIS
BSB187600404,송정역,35.18738901,129.2025387,2025-10-31,,21,부산광역시,부산BIS
BSB187610101,차고지,35.19497333,129.20634,2025-10-31,,21,부산광역시,부산BIS
BSB187630101,동해선센텀역,35.17986898,129.1233542,2025-10-31,9372,21,부산광역시,부산BIS
BSB187630102,포스코앞교차로,35.17757425,129.1252262,2025-10-31,9373,21,부산광역시,부산BIS
BSB187640301,왕자맨션,35.1944933,129.1190188,2025-10-31,9274,21,부산광역시,부산BIS
BSB187730201,혜성골든아파트,35.19240608,129.1328797,2025-10-31,,21,부산광역시,부산BIS
BSB187750201,재송글로리아파트,35.19119771,129.1330819,2025-10-31,,21,부산광역시,부산BIS
BSB187780201,세명그린아파트,35.19086264,129.1346414,2025-10-31,,21,부산광역시,부산BIS
BSB187800101,장산.동국아파트,35.19266758,129.1337877,2025-10-31,,21,부산광역시,부산BIS
BSB187810201,KT재송지사,35.1898868,129.1273859,2025-10-31,,21,부산광역시,부산BIS
BSB187940301,반석초등학교,35.2105488,129.1253431,2025-10-31,9209,21,부산광역시,부산BIS
BSB187960101,왕자맨션,35.19502378,129.1184694,2025-10-31,9195,21,부산광역시,부산BIS
BSB187960102,영원프라자,35.19493206,129.1184439,2025-10-31,,21,부산광역시,부산BIS
BSB187970101,왕자맨션,35.19433295,129.1191808,2025-10-31,9275,21,부산광역시,부산BIS
BSB187990301,삼경아파트후문,35.07684954,128.983651,2025-10-31,,21,부산광역시,부산BIS
BSB188010201,부경보건고등학교,35.07853141,128.9823514,2025-10-31,,21,부산광역시,부산BIS
BSB188010202,장림여중,35.07875876,128.9810419,2025-10-31,,21,부산광역시,부산BIS
BSB188020101,부경보건고등학교,35.07854985,128.9820948,2025-10-31,,21,부산광역시,부산BIS
BSB188020102,삼경아파트후문,35.07699271,128.9829876,2025-10-31,,21,부산광역시,부산BIS
BSB188020103,장림여중,35.07859028,128.9810145,2025-10-31,,21,부산광역시,부산BIS
BSB188020201,협진태양맨션,35.07873834,128.9799115,2025-10-31,,21,부산광역시,부산BIS
BSB188030201,협진태양맨션,35.07870015,128.9793004,2025-10-31,,21,부산광역시,부산BIS
BSB188030301,장림2치안센터,35.08045878,128.9777358,2025-10-31,,21,부산광역시,부산BIS
BSB188040101,강남아파트,35.07212884,128.9712493,2025-10-31,,21,부산광역시,부산BIS
BSB188040102,국제마마아파트,35.07092397,128.9709576,2025-10-31,,21,부산광역시,부산BIS
BSB188040201,벽산마마아파트,35.06947551,128.9717864,2025-10-31,,21,부산광역시,부산BIS
BSB188050301,강남아파트,35.07215891,128.9711051,2025-10-31,,21,부산광역시,부산BIS
BSB188050302,국제마마아파트,35.07091418,128.9708519,2025-10-31,,21,부산광역시,부산BIS
BSB188050303,협성르네상스,35.0733468,128.9720774,2025-10-31,,21,부산광역시,부산BIS
BSB188050401,벽산아파트,35.07016032,128.9727794,2025-10-31,10243,21,부산광역시,부산BIS
BSB188060101,동원자동차정비공업사,35.0690661,128.9749875,2025-10-31,10244,21,부산광역시,부산BIS
BSB188060102,103번종점,35.06906279,128.9748928,2025-10-31,,21,부산광역시,부산BIS
BSB188060103,자연병원,35.06897778,128.9772706,2025-10-31,,21,부산광역시,부산BIS
BSB188060201,벽산마마아파트,35.06963935,128.9718977,2025-10-31,,21,부산광역시,부산BIS
BSB188060301,벽산아파트,35.07043421,128.9729779,2025-10-31,10250,21,부산광역시,부산BIS
BSB188060302,협성르네상스타운아파트,35.073375,128.9730761,2025-10-31,10251,21,부산광역시,부산BIS
BSB188070301,부산현대미술관,35.10876133,128.9421777,2025-10-31,10247,21,부산광역시,부산BIS
BSB188090101,동매교사거리,35.10034363,128.9769114,2025-10-31,10238,21,부산광역시,부산BIS
BSB188090201,사남초등학교,35.09658684,128.9811425,2025-10-31,10055,21,부산광역시,부산BIS
BSB188090202,사남신익아파트,35.09650085,128.9835899,2025-10-31,10054,21,부산광역시,부산BIS
BSB188090203,신평배고개,35.09615475,128.9786079,2025-10-31,10056,21,부산광역시,부산BIS
BSB188090204,사남초교,35.09658461,128.9810443,2025-10-31,,21,부산광역시,부산BIS
BSB188090205,신익빌라,35.09650734,128.9834991,2025-10-31,,21,부산광역시,부산BIS
BSB188090206,신평배고개,35.09627037,128.9790801,2025-10-31,,21,부산광역시,부산BIS
BSB188090401,신평,35.09356476,128.9737806,2025-10-31,10125,21,부산광역시,부산BIS
BSB188090402,신평배고개,35.09576888,128.9774778,2025-10-31,10057,21,부산광역시,부산BIS
BSB188090403,신평배고개,35.09570835,128.9774311,2025-10-31,,21,부산광역시,부산BIS
BSB188100201,한성기린APT,35.09306107,128.9777486,2025-10-31,10223,21,부산광역시,부산BIS
BSB188110101,원영조선,35.07902687,128.990492,2025-10-31,,21,부산광역시,부산BIS
BSB195530101,양지마을,35.15627418,129.0044248,2025-10-31,,21,부산광역시,부산BIS
BSB195560101,창신주택,35.15541806,129.0049157,2025-10-31,,21,부산광역시,부산BIS
BSB195590301,양지공원,35.15423197,129.005147,2025-10-31,,21,부산광역시,부산BIS
BSB195610101,한일유앤아이아파트,35.15378902,129.0109941,2025-10-31,,21,부산광역시,부산BIS
BSB195620201,주례럭키아파트,35.14938818,129.0040571,2025-10-31,,21,부산광역시,부산BIS
BSB195630101,동주초등학교,35.14758855,129.0062684,2025-10-31,,21,부산광역시,부산BIS
BSB195640101,글로벌빌리지 스포츠센터,35.14650578,129.0077827,2025-10-31,,21,부산광역시,부산BIS
BSB195640301,동주초등학교,35.14760218,129.0064234,2025-10-31,,21,부산광역시,부산BIS
BSB195650201,글로벌빌리지 스포츠센터,35.14664264,129.0076818,2025-10-31,,21,부산광역시,부산BIS
BSB195660101,동서대KIT생활관,35.14660098,129.0091071,2025-10-31,,21,부산광역시,부산BIS
BSB195660102,동서대글로벌빌리지,35.14654078,129.0081357,2025-10-31,,21,부산광역시,부산BIS
BSB195660103,동서대후문,35.14668007,129.010324,2025-10-31,,21,부산광역시,부산BIS
BSB195680201,세일마트,35.14763634,129.0105259,2025-10-31,,21,부산광역시,부산BIS
BSB195700101,세일마트,35.14810596,129.0103073,2025-10-31,,21,부산광역시,부산BIS
BSB195700201,주례2동주민센터,35.14897685,129.0103867,2025-10-31,,21,부산광역시,부산BIS
BSB195730101,냉정역5번출구,35.15090312,129.0107956,2025-10-31,,21,부산광역시,부산BIS
BSB195740102,냉정역,35.15101834,129.0121579,2025-10-31,,21,부산광역시,부산BIS
BSB195750301,주례2동행정복지센터,35.15023955,129.0102673,2025-10-31,,21,부산광역시,부산BIS
BSB195750401,트윈빌딩,35.15070403,129.0115231,2025-10-31,,21,부산광역시,부산BIS
BSB195800102,냉정역1번출구,35.15108542,129.0131125,2025-10-31,,21,부산광역시,부산BIS
BSB195800103,태화주유소,35.15131689,129.0158819,2025-10-31,,21,부산광역시,부산BIS
BSB195800104,성일주유소,35.15115362,129.0140182,2025-10-31,,21,부산광역시,부산BIS
BSB195810201,냉정시장,35.14942513,129.0126985,2025-10-31,,21,부산광역시,부산BIS
BSB195810401,냉정역,35.15009927,129.0128029,2025-10-31,,21,부산광역시,부산BIS
BSB195820201,냉정시장,35.149138,129.0128944,2025-10-31,,21,부산광역시,부산BIS
BSB195830201,경남정보대학교,35.14823368,129.0128119,2025-10-31,,21,부산광역시,부산BIS
BSB195850101,광우맨션,35.1465271,129.0129471,2025-10-31,,21,부산광역시,부산BIS
BSB195850201,주례중학교,35.14791735,129.0130205,2025-10-31,,21,부산광역시,부산BIS
BSB195860101,주례여자고등학교,35.14563399,129.0140145,2025-10-31,,21,부산광역시,부산BIS
BSB195880201,주례청구아파트110동,35.15550563,129.0011513,2025-10-31,,21,부산광역시,부산BIS
BSB195880202,주례청구아파트정문,35.15501801,128.9992749,2025-10-31,,21,부산광역시,부산BIS
BSB195900101,일신주택,35.14512613,129.0031925,2025-10-31,,21,부산광역시,부산BIS
BSB195900102,일신주택입구,35.14537092,129.002273,2025-10-31,,21,부산광역시,부산BIS
BSB195900103,주례벽산아파트,35.14540297,129.0013653,2025-10-31,,21,부산광역시,부산BIS
BSB195910101,일신주택입구,35.14549839,129.002274,2025-10-31,,21,부산광역시,부산BIS
BSB195910102,주례벽산아파트,35.14551678,129.0015793,2025-10-31,,21,부산광역시,부산BIS
BSB195930101,동서대입구,35.14436082,129.0145788,2025-10-31,,21,부산광역시,부산BIS
BSB195930102,동서대학교,35.14445762,129.0118206,2025-10-31,,21,부산광역시,부산BIS
BSB195940101,부산솔빛학교,35.18180038,128.9793107,2025-10-31,,21,부산광역시,부산BIS
BSB195950101,조광페인트,35.18027938,128.9789373,2025-10-31,,21,부산광역시,부산BIS
BSB195960201,사상중앙병원,35.17876165,128.9783867,2025-10-31,,21,부산광역시,부산BIS
BSB195980101,사상중앙병원,35.17778592,128.9783163,2025-10-31,,21,부산광역시,부산BIS
BSB196010101,구학초등학교,35.13726849,128.9936795,2025-10-31,,21,부산광역시,부산BIS
BSB196040101,모라주공아파트,35.184566,129.0011826,2025-10-31,15024,21,부산광역시,부산BIS
BSB196060201,럭키슈퍼,35.15529065,128.9790647,2025-10-31,15232,21,부산광역시,부산BIS
BSB196060202,감전동주민센터,35.15508376,128.9802819,2025-10-31,15233,21,부산광역시,부산BIS
BSB196070201,모라주공아파트,35.18474352,129.0011876,2025-10-31,15025,21,부산광역시,부산BIS
BSB196070202,시내버스종점,35.18471734,129.0014091,2025-10-31,95010,21,부산광역시,부산BIS
BSB196080101,파라곤호텔,35.16230942,128.9818876,2025-10-31,15226,21,부산광역시,부산BIS
BSB196140201,원자력의학원,35.32103524,129.2423366,2025-10-31,16237,21,부산광역시,부산BIS
BSB196140202,원자력의학원,35.32086308,129.242112,2025-10-31,16252,21,부산광역시,부산BIS
BSB196170301,좌천삼거리,35.3128699,129.2438699,2025-10-31,16175,21,부산광역시,부산BIS
BSB196170302,장안제일고등학교,35.31455905,129.2433698,2025-10-31,16271,21,부산광역시,부산BIS
BSB196170303,장안제일고등학교,35.31448166,129.2434138,2025-10-31,,21,부산광역시,부산BIS
BSB196170304,좌천삼거리,35.31297159,129.2438494,2025-10-31,,21,부산광역시,부산BIS
BSB196180102,안평.고촌,35.23780904,129.1731354,2025-10-31,,21,부산광역시,부산BIS
BSB196180202,고촌주택단지,35.23955527,129.169802,2025-10-31,16236,21,부산광역시,부산BIS
BSB196190101,철마삼거리,35.24622995,129.1799719,2025-10-31,16178,21,부산광역시,부산BIS
BSB196190102,안평차량기지,35.24262479,129.1767542,2025-10-31,16247,21,부산광역시,부산BIS
BSB196190103,철마삼거리,35.2459472,129.1795809,2025-10-31,,21,부산광역시,부산BIS
BSB196190104,안평차량기지,35.24270212,129.1767905,2025-10-31,,21,부산광역시,부산BIS
BSB196190201,안평.고촌,35.23807792,129.1730302,2025-10-31,16077,21,부산광역시,부산BIS
BSB196190202,안평.고촌,35.23804122,129.1729398,2025-10-31,,21,부산광역시,부산BIS
BSB196200101,대진여객.고촌역,35.2357414,129.1597889,2025-10-31,9241,21,부산광역시,부산BIS
BSB196200102,안평.고촌,35.23776218,129.1730493,2025-10-31,16006,21,부산광역시,부산BIS
BSB196200103,고촌주택단지,35.23933215,129.1698116,2025-10-31,16235,21,부산광역시,부산BIS
BSB196200201,고촌역.대진여객,35.23534139,129.1591831,2025-10-31,9242,21,부산광역시,부산BIS
BSB196200301,대진여객.고촌역,35.23573608,129.1580897,2025-10-31,9303,21,부산광역시,부산BIS
BSB196200303,고촌역,35.23570208,129.1580025,2025-10-31,,21,부산광역시,부산BIS
BSB196210101,안평삼거리,35.25051187,129.1838572,2025-10-31,,21,부산광역시,부산BIS
BSB196210301,철마삼거리,35.24611728,129.1793425,2025-10-31,16177,21,부산광역시,부산BIS
BSB196210302,철마삼거리,35.24596901,129.1791811,2025-10-31,,21,부산광역시,부산BIS
BSB196220301,만화리입구,35.25311031,129.205012,2025-10-31,,21,부산광역시,부산BIS
BSB196220302,만화리,35.25657809,129.1995571,2025-10-31,,21,부산광역시,부산BIS
BSB196230301,만화리입구,35.25313674,129.2049237,2025-10-31,16523,21,부산광역시,부산BIS
BSB196240201,만화리입구,35.25300751,129.2042708,2025-10-31,16544,21,부산광역시,부산BIS
BSB196250101,농업기술센터,35.25297724,129.1926736,2025-10-31,16007,21,부산광역시,부산BIS
BSB196250102,농업기술센터,35.25299804,129.1927486,2025-10-31,,21,부산광역시,부산BIS
BSB196250301,농업기술센터,35.25298844,129.191806,2025-10-31,16056,21,부산광역시,부산BIS
BSB196250302,만화리영락동산,35.25040469,129.1891556,2025-10-31,16128,21,부산광역시,부산BIS
BSB196250303,농업기술센터,35.25295442,129.1917303,2025-10-31,,21,부산광역시,부산BIS
BSB196250304,만화리영락동산,35.25034579,129.1890898,2025-10-31,,21,부산광역시,부산BIS
BSB196260101,만화리영락동산,35.25028827,129.1894075,2025-10-31,16084,21,부산광역시,부산BIS
BSB196260102,만화리영락동산,35.25035356,129.1894582,2025-10-31,,21,부산광역시,부산BIS
BSB196280501,부산대청중학교,35.23392455,129.2129589,2025-10-31,16572,21,부산광역시,부산BIS
BSB196300201,연화교차로,35.21743445,129.210872,2025-10-31,16067,21,부산광역시,부산BIS
BSB196300401,연화교차로,35.21696298,129.2124736,2025-10-31,16334,21,부산광역시,부산BIS
BSB196310201,기장군청,35.24329163,129.2229994,2025-10-31,,21,부산광역시,부산BIS
BSB196310202,신천,35.2419458,129.2265505,2025-10-31,,21,부산광역시,부산BIS
BSB196320101,기장실버타운,35.24449992,129.2414369,2025-10-31,,21,부산광역시,부산BIS
BSB196320102,신앙촌,35.2445525,129.2381518,2025-10-31,,21,부산광역시,부산BIS
BSB196320103,원죽1구,35.2436939,129.2433697,2025-10-31,,21,부산광역시,부산BIS
BSB196330101,기장군청,35.24312261,129.2228472,2025-10-31,,21,부산광역시,부산BIS
BSB196330102,신천,35.24174531,129.2267992,2025-10-31,,21,부산광역시,부산BIS
BSB196330201,죽성사거리,35.24195313,129.220712,2025-10-31,,21,부산광역시,부산BIS
BSB196420301,중앙중학교,35.32227833,129.1855667,2025-10-31,16126,21,부산광역시,부산BIS
BSB170140301,교통순찰대.센트럴에일린의뜰,35.0940957,129.0465983,2025-10-31,4058,21,부산광역시,부산BIS
BSB170160101,영도봉래시장,35.09330626,129.0431487,2025-10-31,4002,21,부산광역시,부산BIS
BSB170160102,봉래시장,35.09343993,129.0427941,2025-10-31,,21,부산광역시,부산BIS
BSB170170101,미광아파트,35.09449453,129.0442357,2025-10-31,,21,부산광역시,부산BIS
BSB170170301,미광마린타워,35.0936158,129.0432,2025-10-31,4001,21,부산광역시,부산BIS
BSB170170302,부산대교입구,35.09394712,129.0423846,2025-10-31,,21,부산광역시,부산BIS
BSB170180201,영도우체국,35.09154296,129.0410323,2025-10-31,4009,21,부산광역시,부산BIS
BSB170180301,대교사거리,35.09168765,129.0392207,2025-10-31,4050,21,부산광역시,부산BIS
BSB170180302,대교사거리,35.09160976,129.0391745,2025-10-31,,21,부산광역시,부산BIS
BSB170180401,대교동,35.09271672,129.0387085,2025-10-31,4010,21,부산광역시,부산BIS
BSB170190201,구민장례식장,35.09299082,129.0399407,2025-10-31,,21,부산광역시,부산BIS
BSB170190202,영광골든타워,35.09400141,129.0405077,2025-10-31,,21,부산광역시,부산BIS
BSB170210201,영도초등학교,35.08945564,129.0446442,2025-10-31,,21,부산광역시,부산BIS
BSB170220401,영선위교차로,35.08477532,129.042137,2025-10-31,4029,21,부산광역시,부산BIS
BSB170220402,영선동윗로터리,35.08460764,129.042038,2025-10-31,,21,부산광역시,부산BIS
BSB170220501,영선위교차로,35.08532114,129.0428705,2025-10-31,4030,21,부산광역시,부산BIS
BSB170220502,영선위교차로,35.08554256,129.0423867,2025-10-31,4028,21,부산광역시,부산BIS
BSB170230401,영선아랫교차로,35.08629169,129.0403412,2025-10-31,4026,21,부산광역시,부산BIS
BSB170240101,영선아랫교차로,35.08611954,129.0400258,2025-10-31,4025,21,부산광역시,부산BIS
BSB170240201,남항동,35.08917852,129.0386084,2025-10-31,4019,21,부산광역시,부산BIS
BSB170250301,영도배수지,35.09090761,129.0481582,2025-10-31,4047,21,부산광역시,부산BIS
BSB170260101,시영아파트,35.09196131,129.0525553,2025-10-31,4156,21,부산광역시,부산BIS
BSB170260102,영광아파트,35.09106768,129.0569392,2025-10-31,,21,부산광역시,부산BIS
BSB170260501,삼거리슈퍼,35.09190424,129.0506397,2025-10-31,,21,부산광역시,부산BIS
BSB170270101,깡깡이예술마을,35.09102893,129.0375102,2025-10-31,4015,21,부산광역시,부산BIS
BSB170270201,(구)전차종점,35.08961379,129.0378958,2025-10-31,,21,부산광역시,부산BIS
BSB170270401,대동대교맨션,35.09098082,129.0352456,2025-10-31,,21,부산광역시,부산BIS
BSB170270402,토토볼링장,35.09028569,129.0366812,2025-10-31,,21,부산광역시,부산BIS
BSB170280201,대평동,35.09247625,129.0329257,2025-10-31,,21,부산광역시,부산BIS
BSB170280202,진주슈퍼,35.09184487,129.033752,2025-10-31,,21,부산광역시,부산BIS
BSB170290101,남항시장,35.08830886,129.0427153,2025-10-31,4022,21,부산광역시,부산BIS
BSB170290102,영선119안전센터,35.08958066,129.0433757,2025-10-31,4006,21,부산광역시,부산BIS
BSB170290103,남항시장,35.0886198,129.042859,2025-10-31,,21,부산광역시,부산BIS
BSB170290301,영선2동행정복지센터,35.08733332,129.0417051,2025-10-31,4188,21,부산광역시,부산BIS
BSB170290401,GS25,35.08874935,129.0408822,2025-10-31,,21,부산광역시,부산BIS
BSB170290402,남항동농협,35.08847538,129.0416294,2025-10-31,,21,부산광역시,부산BIS
BSB170290403,세븐일레븐,35.08913117,129.039871,2025-10-31,,21,부산광역시,부산BIS
BSB170300101,해동병원,35.09121396,129.044299,2025-10-31,4004,21,부산광역시,부산BIS
BSB170300102,해동병원,35.09173366,129.0445848,2025-10-31,,21,부산광역시,부산BIS
BSB170300201,영선1동주민센터,35.09026638,129.044133,2025-10-31,,21,부산광역시,부산BIS
BSB170300301,영선119안전센터,35.0901588,129.0431914,2025-10-31,4005,21,부산광역시,부산BIS
BSB170300401,영도우체국,35.09162759,129.041614,2025-10-31,4008,21,부산광역시,부산BIS
BSB170300402,영도우체국,35.09148066,129.0420142,2025-10-31,4007,21,부산광역시,부산BIS
BSB170300403,영도병원,35.09199914,129.0405819,2025-10-31,,21,부산광역시,부산BIS
BSB170300404,영도소방서,35.09120054,129.0427815,2025-10-31,,21,부산광역시,부산BIS
BSB170310101,봉학초등학교,35.09559818,129.0536148,2025-10-31,4063,21,부산광역시,부산BIS
BSB170310102,신도브래뉴아파트,35.09724964,129.0555272,2025-10-31,4065,21,부산광역시,부산BIS
BSB170310201,한성맨션,35.09504787,129.0507605,2025-10-31,4059,21,부산광역시,부산BIS
BSB170320101,한성맨션,35.09447588,129.050117,2025-10-31,4060,21,부산광역시,부산BIS
BSB170320301,홈플러스,35.09573948,129.0446493,2025-10-31,4141,21,부산광역시,부산BIS
BSB170330101,외나무약국,35.08867127,129.0472512,2025-10-31,4045,21,부산광역시,부산BIS
BSB170330102,남해숯불갈비,35.08751799,129.0467092,2025-10-31,,21,부산광역시,부산BIS
BSB170330103,외나무약국,35.08856298,129.0472094,2025-10-31,,21,부산광역시,부산BIS
BSB170340301,외나무약국,35.08830315,129.0468633,2025-10-31,4044,21,부산광역시,부산BIS
BSB170340302,남해숯불갈비,35.08782143,129.046628,2025-10-31,,21,부산광역시,부산BIS
BSB170340303,외나무약국,35.0883745,129.0469087,2025-10-31,,21,부산광역시,부산BIS
BSB170350201,교통순찰대.센트럴에일린의뜰,35.09358727,129.0465121,2025-10-31,4056,21,부산광역시,부산BIS
BSB170350401,해동병원,35.09200165,129.0442436,2025-10-31,4003,21,부산광역시,부산BIS
BSB170350501,봉래동교차로,35.09340988,129.0436959,2025-10-31,,21,부산광역시,부산BIS
BSB170370101,영남교회,35.08111638,129.042841,2025-10-31,,21,부산광역시,부산BIS
BSB170380101,흰여울문화마을,35.08023511,129.0443772,2025-10-31,4035,21,부산광역시,부산BIS
BSB170380102,흰여울문화마을,35.08010123,129.0443365,2025-10-31,,21,부산광역시,부산BIS
BSB170380201,흰여울문화마을,35.08015482,129.0441314,2025-10-31,4033,21,부산광역시,부산BIS
BSB170390201,GS25,35.08854835,129.0407903,2025-10-31,,21,부산광역시,부산BIS
BSB170390202,남항동농협,35.08821874,129.0417065,2025-10-31,,21,부산광역시,부산BIS
BSB170390203,세븐일레븐,35.0889106,129.0398115,2025-10-31,,21,부산광역시,부산BIS
BSB170390301,남항동,35.0891148,129.0382883,2025-10-31,4018,21,부산광역시,부산BIS
BSB170390401,(구)전차종점,35.08979118,129.038031,2025-10-31,,21,부산광역시,부산BIS
BSB170400301,영도경찰서,35.09302932,129.0378327,2025-10-31,4011,21,부산광역시,부산BIS
BSB170400302,영도경찰서,35.0929331,129.0381016,2025-10-31,,21,부산광역시,부산BIS
BSB170410101,강남병원,35.08791011,129.0440577,2025-10-31,,21,부산광역시,부산BIS
BSB170410201,강남병원,35.08749003,129.0440388,2025-10-31,,21,부산광역시,부산BIS
BSB170410301,강남병원,35.08750215,129.0435982,2025-10-31,,21,부산광역시,부산BIS
BSB170410302,탑마트,35.08662774,129.0431206,2025-10-31,,21,부산광역시,부산BIS
BSB170410401,강남병원,35.08779426,129.0434708,2025-10-31,,21,부산광역시,부산BIS
BSB170430101,신선동주민센터,35.08339079,129.045451,2025-10-31,4039,21,부산광역시,부산BIS
BSB170430301,명신교회,35.0818515,129.0450643,2025-10-31,,21,부산광역시,부산BIS
BSB170440101,남도여중,35.08598487,129.04619,2025-10-31,4041,21,부산광역시,부산BIS
BSB170440201,신선동주민센터,35.08386563,129.0453478,2025-10-31,4040,21,부산광역시,부산BIS
BSB170460501,중복도로입구,35.08209514,129.0457828,2025-10-31,,21,부산광역시,부산BIS
BSB170510501,신선초등학교입구,35.08355626,129.0465916,2025-10-31,,21,부산광역시,부산BIS
BSB170540101,신선영광아파트,35.08433028,129.0469211,2025-10-31,,21,부산광역시,부산BIS
BSB170540301,신선초등학교입구,35.08358597,129.0464188,2025-10-31,,21,부산광역시,부산BIS
BSB170550101,샛별아파트,35.08502341,129.0471809,2025-10-31,,21,부산광역시,부산BIS
BSB170550201,신선영광아파트,35.08430301,129.0467578,2025-10-31,,21,부산광역시,부산BIS
BSB170560101,금잔디길삼거리,35.08570573,129.0473869,2025-10-31,,21,부산광역시,부산BIS
BSB170560201,샛별아파트,35.08511889,129.0470253,2025-10-31,,21,부산광역시,부산BIS
BSB170570101,신선아파트,35.08640382,129.047573,2025-10-31,,21,부산광역시,부산BIS
BSB170570201,금잔디길삼거리,35.08571467,129.0472037,2025-10-31,,21,부산광역시,부산BIS
BSB170580101,매일유업,35.08716534,129.0477931,2025-10-31,,21,부산광역시,부산BIS
BSB170580201,신선아파트,35.08641721,129.0474192,2025-10-31,,21,부산광역시,부산BIS
BSB170590101,산제당입구,35.08773835,129.0479559,2025-10-31,,21,부산광역시,부산BIS
BSB170590201,매일유업,35.08719657,129.047607,2025-10-31,,21,부산광역시,부산BIS
BSB170600101,형제슈퍼,35.08860259,129.048226,2025-10-31,,21,부산광역시,부산BIS
BSB170600201,산제당입구,35.08788214,129.0478389,2025-10-31,,21,부산광역시,부산BIS
BSB170610201,형제슈퍼,35.08862677,129.0480465,2025-10-31,,21,부산광역시,부산BIS
BSB179090101,동원베네스트1차아파트,35.11011915,128.9832923,2025-10-31,,21,부산광역시,부산BIS
BSB179090102,동원아파트상가,35.10963792,128.9817719,2025-10-31,,21,부산광역시,부산BIS
BSB179090201,동원베네스트2차아파트,35.11052955,128.9838546,2025-10-31,,21,부산광역시,부산BIS
BSB179100201,이화한증막,35.10558361,128.9896775,2025-10-31,,21,부산광역시,부산BIS
BSB179100202,자유2차후문,35.10420097,128.9896977,2025-10-31,,21,부산광역시,부산BIS
BSB179100203,자유3차아파트,35.10323653,128.9899812,2025-10-31,,21,부산광역시,부산BIS
BSB179100204,효산신대우빌라,35.10466702,128.9894592,2025-10-31,,21,부산광역시,부산BIS
BSB179110201,양지마을,35.10440987,128.9910337,2025-10-31,,21,부산광역시,부산BIS
BSB179110202,해인정사입구,35.10536812,128.9903522,2025-10-31,,21,부산광역시,부산BIS
BSB179130201,OK슈퍼,35.20055923,129.0685695,2025-10-31,,21,부산광역시,부산BIS
BSB179160201,백제약국,35.20102849,129.0706515,2025-10-31,,21,부산광역시,부산BIS
BSB179170101,농심가,35.20111715,129.0716328,2025-10-31,,21,부산광역시,부산BIS
BSB179180101,동남.동원아파트,35.20147922,129.0726165,2025-10-31,,21,부산광역시,부산BIS
BSB179190101,금정시장,35.20191199,129.0737341,2025-10-31,,21,부산광역시,부산BIS
BSB179190201,농심가,35.2014109,129.0719946,2025-10-31,,21,부산광역시,부산BIS
BSB179190202,동남.동원아파트,35.20166694,129.0726931,2025-10-31,,21,부산광역시,부산BIS
BSB179200101,광제약국,35.20243794,129.0750347,2025-10-31,,21,부산광역시,부산BIS
BSB179200201,금정시장,35.20208011,129.0737833,2025-10-31,,21,부산광역시,부산BIS
BSB179210301,동영아파트,35.20267192,129.0751678,2025-10-31,,21,부산광역시,부산BIS
BSB179230101,대우아파트,35.20363413,129.0755259,2025-10-31,,21,부산광역시,부산BIS
BSB179240201,대우아파트,35.2035502,129.075347,2025-10-31,,21,부산광역시,부산BIS
BSB179270301,동래럭키아파트,35.20581264,129.0751158,2025-10-31,6085,21,부산광역시,부산BIS
BSB179280301,동래교육청후문,35.20565805,129.0901798,2025-10-31,,21,부산광역시,부산BIS
BSB179280302,동호탕,35.2062896,129.0911012,2025-10-31,,21,부산광역시,부산BIS
BSB179290101,코끼리유치원,35.20676497,129.0933952,2025-10-31,,21,부산광역시,부산BIS
BSB179290201,한국상사,35.20675065,129.0918244,2025-10-31,,21,부산광역시,부산BIS
BSB179300201,충렬사역.서원시장,35.2013346,129.0983382,2025-10-31,6195,21,부산광역시,부산BIS
BSB179330201,충렬아파트,35.20041659,129.1079961,2025-10-31,,21,부산광역시,부산BIS
BSB179360201,충렬중학교,35.20213017,129.1084703,2025-10-31,,21,부산광역시,부산BIS
BSB179370301,혜화여고.충렬고,35.20209667,129.1109158,2025-10-31,6215,21,부산광역시,부산BIS
BSB179370302,충렬고등학교후문,35.2033008,129.1096815,2025-10-31,,21,부산광역시,부산BIS
BSB179380101,혜화여고.충렬고,35.20199428,129.110726,2025-10-31,6214,21,부산광역시,부산BIS
BSB179380102,충렬고등학교후문,35.20342481,129.1093165,2025-10-31,,21,부산광역시,부산BIS
BSB179380103,혜화여고.충렬고,35.20209377,129.1106382,2025-10-31,,21,부산광역시,부산BIS
BSB179390301,명장1동행정복지센터,35.20493016,129.1051462,2025-10-31,6206,21,부산광역시,부산BIS
BSB179390302,명장1동새마을금고,35.20485551,129.1058749,2025-10-31,,21,부산광역시,부산BIS
BSB179390303,명장시장,35.20469529,129.1076929,2025-10-31,,21,부산광역시,부산BIS
BSB179410201,충렬초등학교,35.1991657,129.1123438,2025-10-31,6217,21,부산광역시,부산BIS
BSB179410301,충렬초등학교,35.20051005,129.1124563,2025-10-31,,21,부산광역시,부산BIS
BSB179430401,내성상회,35.20584586,129.091968,2025-10-31,,21,부산광역시,부산BIS
BSB179450101,전자공고,35.21512004,129.0774941,2025-10-31,6027,21,부산광역시,부산BIS
BSB179450102,부산전자공업고등학교,35.21498797,129.0774164,2025-10-31,,21,부산광역시,부산BIS
BSB179490201,명륜역,35.21252349,129.0787143,2025-10-31,6035,21,부산광역시,부산BIS
BSB179510101,신화아파트,35.21461142,129.0791781,2025-10-31,,21,부산광역시,부산BIS
BSB179510301,동래더샵아파트,35.21578883,129.0798078,2025-10-31,6025,21,부산광역시,부산BIS
BSB179530101,기점,35.18334229,129.1154712,2025-10-31,,21,부산광역시,부산BIS
BSB179560201,해군예비군훈련장,35.10816797,129.1163782,2025-10-31,,21,부산광역시,부산BIS
BSB179560202,SK뷰아파트104동입구,35.10475419,129.1182566,2025-10-31,,21,부산광역시,부산BIS
BSB179600301,이기대입구,35.12399877,129.1123634,2025-10-31,7131,21,부산광역시,부산BIS
BSB179600302,이기대입구.용호복지회관,35.12434846,129.1124032,2025-10-31,,21,부산광역시,부산BIS
BSB179600303,용호3동주민센터,35.12139501,129.1121277,2025-10-31,,21,부산광역시,부산BIS
BSB179600401,용문중학교,35.1262697,129.1103642,2025-10-31,7130,21,부산광역시,부산BIS
BSB179600402,용문중학교,35.1262069,129.1104925,2025-10-31,,21,부산광역시,부산BIS
BSB179610401,무지개다리,35.14253706,129.0642584,2025-10-31,,21,부산광역시,부산BIS
BSB179610402,성동아파트,35.14180733,129.0647806,2025-10-31,,21,부산광역시,부산BIS
BSB179620101,문현동,35.14269527,129.0656035,2025-10-31,7147,21,부산광역시,부산BIS
BSB179640101,이마트문현점,35.14482211,129.0642662,2025-10-31,,21,부산광역시,부산BIS
BSB179640201,범2호교,35.14311711,129.0636459,2025-10-31,,21,부산광역시,부산BIS
BSB179650101,국제금융센터.부산은행역,35.14548053,129.0670469,2025-10-31,7067,21,부산광역시,부산BIS
BSB179650102,문전교차로,35.14751486,129.0669441,2025-10-31,7043,21,부산광역시,부산BIS
BSB179650103,국제금융센터.부산은행역,35.14538276,129.0670473,2025-10-31,,21,부산광역시,부산BIS
BSB179650104,문전교차로,35.14711825,129.0670034,2025-10-31,,21,부산광역시,부산BIS
BSB179650201,성동초등학교입구,35.14310955,129.0665166,2025-10-31,7035,21,부산광역시,부산BIS
BSB179650202,국제금융센터.부산은행역,35.14471797,129.0664802,2025-10-31,,21,부산광역시,부산BIS
BSB179650203,성동초등학교입구,35.14320216,129.0665067,2025-10-31,,21,부산광역시,부산BIS
BSB179660301,문현교차로,35.13478895,129.0668413,2025-10-31,7044,21,부산광역시,부산BIS
BSB179670301,삼성아파트.문현역,35.13959047,129.0674754,2025-10-31,7041,21,부산광역시,부산BIS
BSB179670302,문현역,35.13847579,129.0678722,2025-10-31,,21,부산광역시,부산BIS
BSB179680201,성동초등학교입구,35.14263325,129.0670767,2025-10-31,7036,21,부산광역시,부산BIS
BSB179680202,성동초등학교입구,35.14252546,129.0670887,2025-10-31,,21,부산광역시,부산BIS
BSB179680301,문현역,35.13806027,129.0674612,2025-10-31,7042,21,부산광역시,부산BIS
BSB179680302,문현역,35.13834569,129.0673685,2025-10-31,,21,부산광역시,부산BIS
BSB179700201,7부두,35.12630053,129.0677385,2025-10-31,7080,21,부산광역시,부산BIS
BSB179740101,문현교차로,35.13479364,129.0675017,2025-10-31,7045,21,부산광역시,부산BIS
BSB179740102,문현지하도,35.13663336,129.0688418,2025-10-31,,21,부산광역시,부산BIS
BSB179750201,구우암2동사,35.12940808,129.0710941,2025-10-31,,21,부산광역시,부산BIS
BSB179760301,장고개,35.13066998,129.0707199,2025-10-31,,21,부산광역시,부산BIS
BSB179760302,배정고등학교삼거리,35.13273288,129.0698984,2025-10-31,,21,부산광역시,부산BIS
BSB179770101,아신아파트,35.12778664,129.0717781,2025-10-31,,21,부산광역시,부산BIS
BSB179770102,동항성당,35.12671956,129.0710152,2025-10-31,,21,부산광역시,부산BIS
BSB179770103,남부중앙새마을금고,35.12549297,129.070927,2025-10-31,,21,부산광역시,부산BIS
BSB179770301,구우암2동사,35.1294778,129.071233,2025-10-31,,21,부산광역시,부산BIS
BSB179780101,목화그린빌라,35.12884824,129.0748478,2025-10-31,,21,부산광역시,부산BIS
BSB179780102,포부대,35.1297004,129.0758776,2025-10-31,,21,부산광역시,부산BIS
BSB179780201,남구종합사회복지관,35.12800977,129.0748704,2025-10-31,,21,부산광역시,부산BIS
BSB179780202,목화빌라삼거리,35.12792651,129.0757474,2025-10-31,,21,부산광역시,부산BIS
BSB179780203,한샘어린이집,35.12847334,129.0743743,2025-10-31,,21,부산광역시,부산BIS
BSB179790201,문현3동행정복지센터,35.13898826,129.0709752,2025-10-31,7040,21,부산광역시,부산BIS
BSB179790301,한양아파트,35.14336039,129.0713107,2025-10-31,7184,21,부산광역시,부산BIS
BSB179810201,문현교차로,35.13653845,129.0719419,2025-10-31,7051,21,부산광역시,부산BIS
BSB179810202,지게골역,35.13477802,129.0756453,2025-10-31,7052,21,부산광역시,부산BIS
BSB179810203,문현교차로,35.13636263,129.0724715,2025-10-31,,21,부산광역시,부산BIS
BSB179810204,지게골역,35.13486714,129.0754833,2025-10-31,,21,부산광역시,부산BIS
BSB179810301,문현교차로,35.13708849,129.0714578,2025-10-31,7048,21,부산광역시,부산BIS
BSB179810302,문현교차로,35.13706922,129.0716228,2025-10-31,,21,부산광역시,부산BIS
BSB179820101,장고개,35.13061824,129.0705344,2025-10-31,,21,부산광역시,부산BIS
BSB179820201,문현교차로,35.13468386,129.0674321,2025-10-31,,21,부산광역시,부산BIS
BSB179830301,문현곱창골목,35.13558355,129.0691918,2025-10-31,,21,부산광역시,부산BIS
BSB188110201,정현냉동,35.07119941,128.9902644,2025-10-31,,21,부산광역시,부산BIS
BSB188110202,정현냉동,35.07158199,128.9902838,2025-10-31,10272,21,부산광역시,부산BIS
BSB188110402,구평삼거리,35.07940648,128.9904245,2025-10-31,10275,21,부산광역시,부산BIS
BSB188120201,부산천연가스발전소,35.08826105,129.0027885,2025-10-31,10009,21,부산광역시,부산BIS
BSB188120202,감천1동주민센터,35.08787501,129.0042867,2025-10-31,,21,부산광역시,부산BIS
BSB188120203,부일외국어고교,35.08963898,129.0000974,2025-10-31,,21,부산광역시,부산BIS
BSB188130101,수협,35.08930958,129.0056767,2025-10-31,10007,21,부산광역시,부산BIS
BSB188130102,감천우체국,35.0877835,129.0052637,2025-10-31,10006,21,부산광역시,부산BIS
BSB188130103,감천2동,35.09080693,129.006887,2025-10-31,,21,부산광역시,부산BIS
BSB188130201,감천사거리,35.08666098,129.0059139,2025-10-31,10005,21,부산광역시,부산BIS
BSB188130202,남성한빛가든,35.08424708,129.0086711,2025-10-31,10003,21,부산광역시,부산BIS
BSB188130203,감천초등학교,35.08269943,129.0092678,2025-10-31,10002,21,부산광역시,부산BIS
BSB188130301,감천119안전센터,35.08632124,129.0050261,2025-10-31,10234,21,부산광역시,부산BIS
BSB188130302,감천119안전센터,35.08637987,129.0049626,2025-10-31,,21,부산광역시,부산BIS
BSB188130303,감천초등학교,35.08345114,129.0063571,2025-10-31,,21,부산광역시,부산BIS
BSB188130304,대한수산,35.08230973,129.0058247,2025-10-31,,21,부산광역시,부산BIS
BSB188130305,원스탑마트,35.08430919,129.0058202,2025-10-31,,21,부산광역시,부산BIS
BSB188130504,감천2동,35.09085493,129.0069304,2025-10-31,,21,부산광역시,부산BIS
BSB188130505,감천사거리,35.08783758,129.0052228,2025-10-31,,21,부산광역시,부산BIS
BSB188130506,수협,35.08880507,129.0055063,2025-10-31,,21,부산광역시,부산BIS
BSB188170101,대티터널입구,35.1037143,129.0036412,2025-10-31,10035,21,부산광역시,부산BIS
BSB188220301,두송중학교,35.06090547,128.9844924,2025-10-31,10260,21,부산광역시,부산BIS
BSB188220401,대선조선,35.05329559,128.9922837,2025-10-31,10261,21,부산광역시,부산BIS
BSB188230401,두송중학교,35.06076122,128.9842204,2025-10-31,10259,21,부산광역시,부산BIS
BSB188240201,한진해운,35.06297805,128.9918366,2025-10-31,,21,부산광역시,부산BIS
BSB188240202,인터지스보세창고,35.06312019,128.9916347,2025-10-31,10268,21,부산광역시,부산BIS
BSB188240301,(주)모든석유(세방),35.06595015,128.990591,2025-10-31,,21,부산광역시,부산BIS
BSB188240302,세방,35.06656187,128.9905893,2025-10-31,10269,21,부산광역시,부산BIS
BSB188240303,인터지스보세창고,35.06364249,128.9916583,2025-10-31,10267,21,부산광역시,부산BIS
BSB188260201,(주)모든석유(세방),35.06637974,128.9902624,2025-10-31,,21,부산광역시,부산BIS
BSB188260202,세방,35.06667536,128.9902633,2025-10-31,10270,21,부산광역시,부산BIS
BSB188260301,안구평,35.07568259,128.990634,2025-10-31,,21,부산광역시,부산BIS
BSB188260302,정현냉동,35.07084556,128.9906191,2025-10-31,,21,부산광역시,부산BIS
BSB188260303,구평동,35.07560905,128.9906337,2025-10-31,10273,21,부산광역시,부산BIS
BSB188260304,정현냉동,35.07147741,128.9906156,2025-10-31,10271,21,부산광역시,부산BIS
BSB188310101,두송복지관,35.06150009,128.984716,2025-10-31,,21,부산광역시,부산BIS
BSB188310102,주공4지구117,35.06119979,128.9857624,2025-10-31,,21,부산광역시,부산BIS
BSB188310103,주공4지구120,35.06269149,128.986163,2025-10-31,,21,부산광역시,부산BIS
BSB188320201,다송중학교,35.06329511,128.9831409,2025-10-31,,21,부산광역시,부산BIS
BSB188320202,다송중학교,35.06337074,128.9830833,2025-10-31,10258,21,부산광역시,부산BIS
BSB188330101,을숙도문화회관,35.10777321,128.9468976,2025-10-31,10224,21,부산광역시,부산BIS
BSB188340101,을숙도,35.10791956,128.9462061,2025-10-31,90021,21,부산광역시,부산BIS
BSB188340201,을숙도문화회관,35.10801339,128.9472931,2025-10-31,10096,21,부산광역시,부산BIS
BSB188340202,을숙도,35.10803042,128.9470866,2025-10-31,90026,21,부산광역시,부산BIS
BSB188410201,신평2동교차로,35.08932087,128.9649986,2025-10-31,10149,21,부산광역시,부산BIS
BSB188410202,한국주철관,35.08643513,128.9648921,2025-10-31,10150,21,부산광역시,부산BIS
BSB188410203,신평2동교차로,35.08957301,128.9650022,2025-10-31,,21,부산광역시,부산BIS
BSB188410204,한국주철관,35.0865368,128.9648963,2025-10-31,,21,부산광역시,부산BIS
BSB188410301,경도산업,35.09022116,128.9642063,2025-10-31,,21,부산광역시,부산BIS
BSB188410302,한창섬유,35.09023679,128.9612909,2025-10-31,,21,부산광역시,부산BIS
BSB188420101,코오롱·무지개아파트,35.09103129,128.9690777,2025-10-31,10120,21,부산광역시,부산BIS
BSB188420102,동성화학,35.09122612,128.9649651,2025-10-31,10119,21,부산광역시,부산BIS
BSB188420103,삼진냉장,35.09083635,128.9724991,2025-10-31,10123,21,부산광역시,부산BIS
BSB188420301,동성화학,35.09172828,128.9643201,2025-10-31,10118,21,부산광역시,부산BIS
BSB188420302,신평역,35.09526784,128.9622741,2025-10-31,10116,21,부산광역시,부산BIS
BSB188430101,한국주철관,35.08632956,128.9652445,2025-10-31,10147,21,부산광역시,부산BIS
BSB188430102,신평2동교차로,35.08901423,128.9653248,2025-10-31,10148,21,부산광역시,부산BIS
BSB188430103,신평2동교차로,35.08924577,128.9653153,2025-10-31,,21,부산광역시,부산BIS
BSB188430104,한국주철관,35.08588711,128.965226,2025-10-31,,21,부산광역시,부산BIS
BSB188430201,제일전기,35.08427133,128.9675309,2025-10-31,10146,21,부산광역시,부산BIS
BSB188430301,장림포구입구,35.08456569,128.9647784,2025-10-31,10151,21,부산광역시,부산BIS
BSB188430302,장림포구(서부산자동차),35.08477221,128.9647882,2025-10-31,,21,부산광역시,부산BIS
BSB188450201,신남초등학교,35.09765985,128.9609787,2025-10-31,10112,21,부산광역시,부산BIS
BSB188450202,신남초등교,35.09755898,128.9610145,2025-10-31,,21,부산광역시,부산BIS
BSB188450301,신남초등학교,35.09813195,128.9611647,2025-10-31,10113,21,부산광역시,부산BIS
BSB188470301,가락타운2.3지구,35.10182157,128.9606252,2025-10-31,10107,21,부산광역시,부산BIS
BSB188490301,강변아파트,35.10399358,128.9582012,2025-10-31,10102,21,부산광역시,부산BIS
BSB188500101,가락타운104동,35.10889505,128.9590199,2025-10-31,10101,21,부산광역시,부산BIS
BSB188500102,가락타운115동,35.11244343,128.9599563,2025-10-31,10098,21,부산광역시,부산BIS
BSB188510201,장림1동행정복지센터,35.08248972,128.9659117,2025-10-31,10227,21,부산광역시,부산BIS
BSB188510202,장림1동주민센터,35.0824908,128.9658227,2025-10-31,,21,부산광역시,부산BIS
BSB188510301,동원로얄아파트입구,35.08099565,128.9645441,2025-10-31,,21,부산광역시,부산BIS
BSB188520101,장림포구입구,35.08424648,128.9651599,2025-10-31,10152,21,부산광역시,부산BIS
BSB188520102,장림포구(서부산자동차),35.08395984,128.9651469,2025-10-31,,21,부산광역시,부산BIS
BSB188530201,도시가스,35.07846715,128.9548309,2025-10-31,,21,부산광역시,부산BIS
BSB188530202,일진종합상사,35.07881765,128.9568251,2025-10-31,,21,부산광역시,부산BIS
BSB188550201,장림초등학교,35.08053772,128.9761533,2025-10-31,10161,21,부산광역시,부산BIS
BSB188550202,장림초등학교,35.08053622,128.9760176,2025-10-31,,21,부산광역시,부산BIS
BSB188550401,장림중소기업은행,35.08076614,128.9709486,2025-10-31,10157,21,부산광역시,부산BIS
BSB188550402,장림시장,35.08101829,128.9680977,2025-10-31,10153,21,부산광역시,부산BIS
BSB188550403,장림시장,35.08109128,128.9679757,2025-10-31,,21,부산광역시,부산BIS
BSB188550404,중소기업은행,35.08075892,128.9710327,2025-10-31,,21,부산광역시,부산BIS
BSB188570201,대광고등학교,35.10175561,128.9727266,2025-10-31,10204,21,부산광역시,부산BIS
BSB188570202,당리새마을금고,35.10196078,128.9756265,2025-10-31,10205,21,부산광역시,부산BIS
BSB188590201,당리중학교,35.10150365,128.9781194,2025-10-31,10065,21,부산광역시,부산BIS
BSB188590202,한사랑병원,35.101616,128.977984,2025-10-31,90011,21,부산광역시,부산BIS
BSB188590401,사하구청.당리역,35.10300777,128.9759167,2025-10-31,10067,21,부산광역시,부산BIS
BSB188590402,사하구청.당리역,35.10358746,128.9741856,2025-10-31,10070,21,부산광역시,부산BIS
BSB188590403,사하구청,35.103712,128.973404,2025-10-31,90008,21,부산광역시,부산BIS
BSB188600101,사동초등학교,35.10360751,128.9815472,2025-10-31,,21,부산광역시,부산BIS
BSB188600301,푸르지오아파트,35.10418866,128.9765368,2025-10-31,,21,부산광역시,부산BIS
BSB188610101,신평시장,35.08954998,128.9767289,2025-10-31,10131,21,부산광역시,부산BIS
BSB188610102,신평시장,35.0895448,128.9768045,2025-10-31,,21,부산광역시,부산BIS
BSB188610201,동매역,35.08986526,128.9741339,2025-10-31,10256,21,부산광역시,부산BIS
BSB170610301,영도배수지,35.09006763,129.0487,2025-10-31,,21,부산광역시,부산BIS
BSB170660301,영도배수지입구,35.09035186,129.0482581,2025-10-31,,21,부산광역시,부산BIS
BSB170660401,삼거리슈퍼,35.09184322,129.0507894,2025-10-31,,21,부산광역시,부산BIS
BSB170660501,영도배수지,35.08988036,129.0484303,2025-10-31,,21,부산광역시,부산BIS
BSB170790301,월광슈퍼,35.0820588,129.0464242,2025-10-31,,21,부산광역시,부산BIS
BSB170820101,복지회관,35.08137457,129.0476129,2025-10-31,,21,부산광역시,부산BIS
BSB170820102,북천사,35.08210648,129.0474817,2025-10-31,,21,부산광역시,부산BIS
BSB170860101,신선초등학교,35.08288024,129.0467451,2025-10-31,,21,부산광역시,부산BIS
BSB170880401,대원아파트,35.08216704,129.0426943,2025-10-31,,21,부산광역시,부산BIS
BSB170910101,조양아파트,35.07129839,129.0699516,2025-10-31,4120,21,부산광역시,부산BIS
BSB170920301,해동중학교,35.07164405,129.0691712,2025-10-31,4118,21,부산광역시,부산BIS
BSB170920302,체육고등학교,35.07133118,129.0668745,2025-10-31,4117,21,부산광역시,부산BIS
BSB170930101,청학성당,35.09568023,129.0629423,2025-10-31,4069,21,부산광역시,부산BIS
BSB170930102,부산은행,35.09613456,129.0618694,2025-10-31,,21,부산광역시,부산BIS
BSB170930103,청학성당,35.09562894,129.0630538,2025-10-31,,21,부산광역시,부산BIS
BSB170940101,청학시장,35.09403515,129.0592606,2025-10-31,4160,21,부산광역시,부산BIS
BSB170940102,청학고개,35.09402492,129.0570681,2025-10-31,4112,21,부산광역시,부산BIS
BSB170940301,청학고개,35.09402289,129.056476,2025-10-31,4055,21,부산광역시,부산BIS
BSB170940302,영월사,35.09404186,129.0546675,2025-10-31,4054,21,부산광역시,부산BIS
BSB170940303,봉래2동마을건강센터,35.09386086,129.0527659,2025-10-31,4051,21,부산광역시,부산BIS
BSB170940304,봉래동,35.09336711,129.0518141,2025-10-31,,21,부산광역시,부산BIS
BSB170950201,영광아파트,35.09095667,129.0571359,2025-10-31,,21,부산광역시,부산BIS
BSB170950202,황토탕,35.09018931,129.0576723,2025-10-31,,21,부산광역시,부산BIS
BSB170950301,영광아파트,35.09116805,129.057007,2025-10-31,4150,21,부산광역시,부산BIS
BSB170950302,시영아파트,35.09212928,129.0526246,2025-10-31,4151,21,부산광역시,부산BIS
BSB170950304,시영아파트후문,35.0923958,129.0543717,2025-10-31,,21,부산광역시,부산BIS
BSB170950305,청학동공영주차장,35.09151435,129.0557538,2025-10-31,,21,부산광역시,부산BIS
BSB170960301,동삼삼거리,35.0845467,129.0738071,2025-10-31,4193,21,부산광역시,부산BIS
BSB170970201,송강중공업,35.08867969,129.0721718,2025-10-31,4176,21,부산광역시,부산BIS
BSB170970301,국제크루즈터미널입구,35.08132248,129.0767442,2025-10-31,4173,21,부산광역시,부산BIS
BSB170980301,청학동부산은행,35.0963731,129.0619541,2025-10-31,4068,21,부산광역시,부산BIS
BSB170980302,청학동부산은행,35.09657386,129.0614612,2025-10-31,4067,21,부산광역시,부산BIS
BSB170990101,영도구청,35.08937444,129.0682062,2025-10-31,4072,21,부산광역시,부산BIS
BSB170990102,동삼주공아파트입구,35.08688981,129.0715404,2025-10-31,4075,21,부산광역시,부산BIS
BSB170990103,동삼주공아파트입구,35.08683096,129.0716134,2025-10-31,,21,부산광역시,부산BIS
BSB170990104,영도구청,35.08931649,129.068283,2025-10-31,,21,부산광역시,부산BIS
BSB170990201,영도구청,35.0899447,129.0678965,2025-10-31,4073,21,부산광역시,부산BIS
BSB171000201,미주아파트,35.08788442,129.0645823,2025-10-31,,21,부산광역시,부산BIS
BSB171000202,성일하우징,35.08918354,129.0645505,2025-10-31,,21,부산광역시,부산BIS
BSB171000302,청학주유소,35.09406,129.0648738,2025-10-31,4070,21,부산광역시,부산BIS
BSB171010101,청학초등학교사거리,35.09399223,129.0600947,2025-10-31,,21,부산광역시,부산BIS
BSB171010102,청학동시장,35.09522918,129.0604718,2025-10-31,,21,부산광역시,부산BIS
BSB171010301,청학초등학교,35.09247789,129.0596711,2025-10-31,,21,부산광역시,부산BIS
BSB171010302,청학2동,35.09206096,129.0606663,2025-10-31,,21,부산광역시,부산BIS
BSB171010401,청학시장,35.09417868,129.0594428,2025-10-31,4113,21,부산광역시,부산BIS
BSB171020101,국민은행,35.07627774,129.071708,2025-10-31,,21,부산광역시,부산BIS
BSB171040101,태종대,35.06214826,129.0814248,2025-10-31,71004,21,부산광역시,부산BIS
BSB171050101,태종대초등학교,35.06487991,129.0811904,2025-10-31,4020,21,부산광역시,부산BIS
BSB171050102,하리,35.06877174,129.0805029,2025-10-31,4095,21,부산광역시,부산BIS
BSB171050201,태종대초등학교,35.06531888,129.0810322,2025-10-31,4097,21,부산광역시,부산BIS
BSB171050202,태종대.태종대온천,35.06351104,129.0809444,2025-10-31,4192,21,부산광역시,부산BIS
BSB171060101,해양대승선생활관,35.07357019,129.0844635,2025-10-31,,21,부산광역시,부산BIS
BSB171060201,하리,35.06792875,129.0808333,2025-10-31,4096,21,부산광역시,부산BIS
BSB171060301,해양대삼거리.동삼동패총전시관,35.07137399,129.0786981,2025-10-31,4094,21,부산광역시,부산BIS
BSB171060302,에일린의뜰2단지아파트,35.07257077,129.0753782,2025-10-31,4091,21,부산광역시,부산BIS
BSB171060401,한국해양대.부산해사고,35.07244974,129.0774197,2025-10-31,4198,21,부산광역시,부산BIS
BSB171070201,영도여고,35.07256444,129.0651554,2025-10-31,4116,21,부산광역시,부산BIS
BSB171070202,체육고등학교,35.07158588,129.0663295,2025-10-31,4104,21,부산광역시,부산BIS
BSB171070301,절영복지회관,35.07180614,129.0623307,2025-10-31,4127,21,부산광역시,부산BIS
BSB171070302,영도여고,35.07273955,129.0647185,2025-10-31,4115,21,부산광역시,부산BIS
BSB171070303,반도보라비치타운아파트,35.07120658,129.0608922,2025-10-31,4128,21,부산광역시,부산BIS
BSB171080101,반도보라비치타운아파트,35.0710111,129.0609301,2025-10-31,4129,21,부산광역시,부산BIS
BSB171080102,절영복지회관,35.07157993,129.0622808,2025-10-31,4126,21,부산광역시,부산BIS
BSB171080201,함지그린아파트,35.07011826,129.0613993,2025-10-31,4124,21,부산광역시,부산BIS
BSB171080302,75광장,35.07098935,129.0585071,2025-10-31,4131,21,부산광역시,부산BIS
BSB171100101,영도여자고등학교,35.0738806,129.066101,2025-10-31,,21,부산광역시,부산BIS
BSB171100102,푸른어린이공원,35.07410153,129.0679427,2025-10-31,,21,부산광역시,부산BIS
BSB171100301,봉삼초등학교,35.07489251,129.0646775,2025-10-31,,21,부산광역시,부산BIS
BSB171100302,와치종합사회복지관,35.07612183,129.0652089,2025-10-31,,21,부산광역시,부산BIS
BSB171110401,영도여자고등학교,35.07401796,129.0659729,2025-10-31,,21,부산광역시,부산BIS
BSB171110402,푸른어린이공원,35.07431331,129.0679425,2025-10-31,,21,부산광역시,부산BIS
BSB171120201,영도교회,35.07686376,129.0733005,2025-10-31,4169,21,부산광역시,부산BIS
BSB171130101,동삼혁신지구입구.동삼교회,35.07380395,129.074382,2025-10-31,4196,21,부산광역시,부산BIS
BSB171130201,동삼국민은행앞교차로,35.07625361,129.0720149,2025-10-31,4088,21,부산광역시,부산BIS
BSB171130202,동삼혁신지구입구,35.07532098,129.073675,2025-10-31,4197,21,부산광역시,부산BIS
BSB171130301,영도교회,35.07690816,129.0735132,2025-10-31,4168,21,부산광역시,부산BIS
BSB171140101,동삼1동행정복지센터,35.07539649,129.0678131,2025-10-31,4107,21,부산광역시,부산BIS
BSB171140201,절영아파트,35.07637172,129.0658435,2025-10-31,4108,21,부산광역시,부산BIS
BSB171150201,봉삼초등학교,35.07493218,129.0644649,2025-10-31,,21,부산광역시,부산BIS
BSB171150202,와치종합사회복지관,35.07649145,129.0652842,2025-10-31,,21,부산광역시,부산BIS
BSB171150301,고신대학,35.0780911,129.0645661,2025-10-31,4110,21,부산광역시,부산BIS
BSB171150302,고신대학교정문,35.0779802,129.0645666,2025-10-31,,21,부산광역시,부산BIS
BSB171170401,국제크루즈터미널입구,35.0802089,129.0773159,2025-10-31,4172,21,부산광역시,부산BIS
BSB171170402,아르떼뮤지엄·미창석유,35.08586223,129.0758507,2025-10-31,4174,21,부산광역시,부산BIS
BSB171180101,동삼초등학교,35.079372,129.0740819,2025-10-31,4170,21,부산광역시,부산BIS
BSB171190201,동삼국민은행앞교차로,35.07575705,129.0724517,2025-10-31,4089,21,부산광역시,부산BIS
BSB171190301,삼창파크맨션,35.07538487,129.0724629,2025-10-31,4090,21,부산광역시,부산BIS
BSB171190302,KT동삼빌딩,35.07315616,129.0726163,2025-10-31,4099,21,부산광역시,부산BIS
BSB171190303,부산전신전화국,35.07322722,129.0727352,2025-10-31,,21,부산광역시,부산BIS
BSB171190304,삼창파크맨션,35.07514912,129.0727492,2025-10-31,,21,부산광역시,부산BIS
BSB171190305,탑마트,35.07418195,129.07333,2025-10-31,,21,부산광역시,부산BIS
BSB171190401,국민은행,35.07641741,129.0718432,2025-10-31,,21,부산광역시,부산BIS
BSB171200101,동삼삼거리,35.0846578,129.0722925,2025-10-31,4082,21,부산광역시,부산BIS
BSB179830302,문현4동주민복합센터,35.13243191,129.0698185,2025-10-31,,21,부산광역시,부산BIS
BSB179830303,동화장식,35.13446599,129.0693738,2025-10-31,,21,부산광역시,부산BIS
BSB179830304,금정슈퍼,35.13354849,129.0695398,2025-10-31,,21,부산광역시,부산BIS
BSB179840101,문현동부산은행,35.13666691,129.0707137,2025-10-31,,21,부산광역시,부산BIS
BSB179840102,대림시티프라자,35.13667714,129.0699728,2025-10-31,,21,부산광역시,부산BIS
BSB179840401,문현곱창골목입구,35.13656087,129.0696572,2025-10-31,,21,부산광역시,부산BIS
BSB179850101,대연고개,35.13397738,129.0803075,2025-10-31,7231,21,부산광역시,부산BIS
BSB179850201,청호탕,35.13400948,129.0768197,2025-10-31,,21,부산광역시,부산BIS
BSB179850301,지게골역,35.13507528,129.0756529,2025-10-31,7053,21,부산광역시,부산BIS
BSB179850302,지게골역,35.13458936,129.0765879,2025-10-31,,21,부산광역시,부산BIS
BSB179860101,문현3동행정복지센터,35.13885306,129.0712406,2025-10-31,7039,21,부산광역시,부산BIS
BSB179860201,문현교차로,35.13662216,129.071521,2025-10-31,7050,21,부산광역시,부산BIS
BSB179860401,문현교차로,35.13713288,129.0703986,2025-10-31,7047,21,부산광역시,부산BIS
BSB179860402,문현교차로,35.13713748,129.0701294,2025-10-31,7046,21,부산광역시,부산BIS
BSB179880301,문현현대아파트,35.1443174,129.0767633,2025-10-31,7032,21,부산광역시,부산BIS
BSB179890101,현대주유소,35.14331191,129.0760116,2025-10-31,7030,21,부산광역시,부산BIS
BSB179890102,문현삼거리,35.14167366,129.0730512,2025-10-31,7038,21,부산광역시,부산BIS
BSB179900101,대연SK뷰아파트,35.1413729,129.0787279,2025-10-31,7028,21,부산광역시,부산BIS
BSB179900102,대연SK뷰아파트,35.14131388,129.0787654,2025-10-31,,21,부산광역시,부산BIS
BSB179900201,문현삼거리,35.14160407,129.0727498,2025-10-31,7218,21,부산광역시,부산BIS
BSB179900202,현대주유소,35.14351713,129.0760183,2025-10-31,7217,21,부산광역시,부산BIS
BSB179910101,문현초등학교,35.1454576,129.0724182,2025-10-31,7185,21,부산광역시,부산BIS
BSB179910301,한양아파트,35.14343523,129.0710324,2025-10-31,7037,21,부산광역시,부산BIS
BSB179920101,문현현대아파트,35.14418541,129.076575,2025-10-31,7186,21,부산광역시,부산BIS
BSB179920102,문현현대1차아파트,35.14412157,129.0766433,2025-10-31,,21,부산광역시,부산BIS
BSB179920201,문현초등학교,35.14570496,129.0723773,2025-10-31,7033,21,부산광역시,부산BIS
BSB179920301,문현현대2차아파트,35.14736624,129.0747184,2025-10-31,,21,부산광역시,부산BIS
BSB179920302,전포고개,35.15053552,129.073433,2025-10-31,,21,부산광역시,부산BIS
BSB179920303,남부산교회,35.15200679,129.0730823,2025-10-31,,21,부산광역시,부산BIS
BSB179950201,장백아파트,35.14942163,129.090881,2025-10-31,,21,부산광역시,부산BIS
BSB179960101,남부중앙새마을금고,35.12557159,129.0710989,2025-10-31,,21,부산광역시,부산BIS
BSB179960102,동항성당,35.12680554,129.0712283,2025-10-31,,21,부산광역시,부산BIS
BSB179960103,아신아파트,35.12777572,129.0719521,2025-10-31,,21,부산광역시,부산BIS
BSB179960201,남부중앙새마을금고,35.12501809,129.0717318,2025-10-31,7081,21,부산광역시,부산BIS
BSB179960202,우암초등학교,35.12443177,129.0762724,2025-10-31,7076,21,부산광역시,부산BIS
BSB179960203,우암초등학교,35.12441217,129.0768872,2025-10-31,,21,부산광역시,부산BIS
BSB179960301,남부중앙새마을금고,35.12534609,129.0703375,2025-10-31,7077,21,부산광역시,부산BIS
BSB179960302,7부두,35.12690265,129.0678442,2025-10-31,7079,21,부산광역시,부산BIS
BSB180010101,우암뉴서울아파트,35.12511854,129.079463,2025-10-31,7210,21,부산광역시,부산BIS
BSB180010102,뉴서울아파트,35.12503221,129.0794118,2025-10-31,,21,부산광역시,부산BIS
BSB180010103,일신보라아파트,35.12560701,129.0796686,2025-10-31,,21,부산광역시,부산BIS
BSB180010301,우암파출소,35.12459478,129.078258,2025-10-31,,21,부산광역시,부산BIS
BSB180020201,우암초등학교,35.12471135,129.0764453,2025-10-31,7075,21,부산광역시,부산BIS
BSB180020202,우암초등학교,35.12470173,129.0765593,2025-10-31,,21,부산광역시,부산BIS
BSB180020203,우암새시장입구,35.12511883,129.0736638,2025-10-31,,21,부산광역시,부산BIS
BSB180030101,감만창의문화촌,35.11941543,129.0808915,2025-10-31,7085,21,부산광역시,부산BIS
BSB180030201,감만창의문화촌,35.11848791,129.0802775,2025-10-31,7086,21,부산광역시,부산BIS
BSB180030202,감만시장,35.11673026,129.0809051,2025-10-31,7087,21,부산광역시,부산BIS
BSB180050101,남구청.못골역,35.13458211,129.0839929,2025-10-31,7164,21,부산광역시,부산BIS
BSB180050102,못골역,35.13458026,129.0840366,2025-10-31,,21,부산광역시,부산BIS
BSB180060201,대연SK뷰아파트,35.14146286,129.0789559,2025-10-31,7029,21,부산광역시,부산BIS
BSB180060202,대연SK뷰아파트,35.14153722,129.0789059,2025-10-31,,21,부산광역시,부산BIS
BSB180060203,문현현대1차아파트,35.14285307,129.0780977,2025-10-31,,21,부산광역시,부산BIS
BSB180070101,탑마트,35.13329375,129.0781034,2025-10-31,,21,부산광역시,부산BIS
BSB180140401,현대아파트,35.11126944,129.082882,2025-10-31,7206,21,부산광역시,부산BIS
BSB180140501,감만현대2차아파트,35.11075747,129.0821972,2025-10-31,,21,부산광역시,부산BIS
BSB180150101,용당동,35.11571362,129.0952205,2025-10-31,7194,21,부산광역시,부산BIS
BSB180150102,부경대용당캠퍼스,35.11827928,129.0964663,2025-10-31,7115,21,부산광역시,부산BIS
BSB180150301,현대오일뱅크,35.11053391,129.0879189,2025-10-31,7204,21,부산광역시,부산BIS
BSB180160101,동천초등학교,35.12240261,129.0838307,2025-10-31,7096,21,부산광역시,부산BIS
BSB180160102,동천초등학교,35.12231438,129.0835361,2025-10-31,7095,21,부산광역시,부산BIS
BSB180160103,동천초등학교,35.12219433,129.083152,2025-10-31,,21,부산광역시,부산BIS
BSB180160104,국제아파트,35.12280525,129.0851487,2025-10-31,,21,부산광역시,부산BIS
BSB180160105,홈플러스,35.12182307,129.0818848,2025-10-31,,21,부산광역시,부산BIS
BSB180160301,우암자유아파트,35.12368072,129.0801511,2025-10-31,7084,21,부산광역시,부산BIS
BSB180170101,남광시장,35.12337091,129.0868729,2025-10-31,7098,21,부산광역시,부산BIS
BSB180170102,석포초등학교,35.12678838,129.0902675,2025-10-31,7101,21,부산광역시,부산BIS
BSB180170103,대우아파트,35.12443528,129.0884975,2025-10-31,,21,부산광역시,부산BIS
BSB180170104,석포초등학교,35.12672967,129.0902315,2025-10-31,,21,부산광역시,부산BIS
BSB180170105,남광시장,35.12354149,129.0872744,2025-10-31,,21,부산광역시,부산BIS
BSB180170201,국제아파트,35.12208821,129.0858713,2025-10-31,,21,부산광역시,부산BIS
BSB180170301,동천초등학교,35.12263161,129.0836524,2025-10-31,7097,21,부산광역시,부산BIS
BSB180170302,동천초등학교,35.12273692,129.0840237,2025-10-31,,21,부산광역시,부산BIS
BSB180180101,시립박물관,35.12880774,129.091714,2025-10-31,7103,21,부산광역시,부산BIS
BSB180180102,문화회관입구,35.12834288,129.091408,2025-10-31,,21,부산광역시,부산BIS
BSB180180301,석포초등학교,35.12703929,129.0900864,2025-10-31,7102,21,부산광역시,부산BIS
BSB180180302,남광시장,35.12390084,129.0873441,2025-10-31,7099,21,부산광역시,부산BIS
BSB180180303,남광시장,35.12394185,129.0874275,2025-10-31,,21,부산광역시,부산BIS
BSB180180304,대우아파트,35.12501784,129.0886126,2025-10-31,,21,부산광역시,부산BIS
BSB180180305,석포초등학교,35.12685336,129.0899659,2025-10-31,,21,부산광역시,부산BIS
BSB180190301,남구청후문,35.13579486,129.0839071,2025-10-31,7189,21,부산광역시,부산BIS
BSB180200301,남구청.남부교육지원청,35.13577335,129.0853608,2025-10-31,7195,21,부산광역시,부산BIS
BSB180200302,남구청.남구보건소,35.13579553,129.0856878,2025-10-31,,21,부산광역시,부산BIS
BSB180210101,연포초등학교,35.13815681,129.0831078,2025-10-31,7026,21,부산광역시,부산BIS
BSB180210102,세연고등학교,35.13799895,129.0866989,2025-10-31,7024,21,부산광역시,부산BIS
BSB180210103,세연고등학교,35.13799433,129.0866274,2025-10-31,,21,부산광역시,부산BIS
BSB180210201,남구청후문,35.13590226,129.0836118,2025-10-31,7188,21,부산광역시,부산BIS
BSB180210302,연포초등학교,35.13851758,129.081578,2025-10-31,,21,부산광역시,부산BIS
BSB180220101,못골시장,35.1347768,129.0875829,2025-10-31,7060,21,부산광역시,부산BIS
BSB180220102,못골시장,35.13475613,129.087292,2025-10-31,,21,부산광역시,부산BIS
BSB180220201,동성하이타운,35.13312503,129.0878042,2025-10-31,,21,부산광역시,부산BIS
BSB180220202,롯데슈퍼,35.13391898,129.0868532,2025-10-31,,21,부산광역시,부산BIS
BSB180220301,남구청.못골역,35.13483642,129.0841109,2025-10-31,7165,21,부산광역시,부산BIS
BSB180220401,못골사거리,35.13548497,129.0869463,2025-10-31,,21,부산광역시,부산BIS
BSB180230301,부산공고,35.12998795,129.0884607,2025-10-31,7068,21,부산광역시,부산BIS
BSB180230302,대연푸르지오클라센트·동림리라,35.12871029,129.0854611,2025-10-31,7070,21,부산광역시,부산BIS
BSB188620301,신평시장,35.08977192,128.9765975,2025-10-31,10130,21,부산광역시,부산BIS
BSB188620302,신평시장,35.08977508,128.9765085,2025-10-31,,21,부산광역시,부산BIS
BSB188620401,신평시장,35.0904832,128.9779671,2025-10-31,10239,21,부산광역시,부산BIS
BSB188640101,동매역,35.09034744,128.9731903,2025-10-31,10127,21,부산광역시,부산BIS
BSB188640102,사하소방서,35.09024332,128.9731829,2025-10-31,,21,부산광역시,부산BIS
BSB188640201,동매역,35.08965551,128.973735,2025-10-31,10129,21,부산광역시,부산BIS
BSB188640202,사하소방서,35.08965204,128.9738235,2025-10-31,,21,부산광역시,부산BIS
BSB188640301,사하소방서 사하우체국,35.08905758,128.9728207,2025-10-31,,21,부산광역시,부산BIS
BSB188650101,신평,35.09342061,128.9739933,2025-10-31,10126,21,부산광역시,부산BIS
BSB188650102,배고개,35.09466818,128.9765562,2025-10-31,10225,21,부산광역시,부산BIS
BSB188650103,배고개,35.09469535,128.9766407,2025-10-31,,21,부산광역시,부산BIS
BSB188650104,신평,35.09295793,128.9734941,2025-10-31,,21,부산광역시,부산BIS
BSB188650401,삼진냉장,35.09105489,128.9719717,2025-10-31,10122,21,부산광역시,부산BIS
BSB188650402,코오롱·무지개아파트,35.09115159,128.9697218,2025-10-31,10121,21,부산광역시,부산BIS
BSB188670101,롯데마트,35.0856929,128.9729313,2025-10-31,10074,21,부산광역시,부산BIS
BSB188670301,제일전기,35.08554627,128.9682308,2025-10-31,10145,21,부산광역시,부산BIS
BSB188680301,롯데마트,35.08466806,128.9725889,2025-10-31,,21,부산광역시,부산BIS
BSB188710301,열린교회,35.08151695,128.8788716,2025-10-31,,21,부산광역시,부산BIS
BSB188730301,신호초등학교,35.08243117,128.8769706,2025-10-31,,21,부산광역시,부산BIS
BSB188760301,강서체육공원,35.20770644,128.9740759,2025-10-31,12054,21,부산광역시,부산BIS
BSB188760302,신덕삼거리,35.20440599,128.9741128,2025-10-31,12023,21,부산광역시,부산BIS
BSB188760305,강서체육공원복지회관,35.20737414,128.9741084,2025-10-31,92080,21,부산광역시,부산BIS
BSB188770101,대저119안전센터,35.2144492,128.9769716,2025-10-31,12019,21,부산광역시,부산BIS
BSB188770102,대저119안전센터,35.21449708,128.976397,2025-10-31,92221,21,부산광역시,부산BIS
BSB188770301,수로다리,35.21500353,128.9700177,2025-10-31,12061,21,부산광역시,부산BIS
BSB188780101,강서구청역,35.21095778,128.9796594,2025-10-31,12299,21,부산광역시,부산BIS
BSB188790201,대저농협,35.1802063,128.9551787,2025-10-31,,21,부산광역시,부산BIS
BSB188790301,경전철덕두역,35.18122989,128.9532416,2025-10-31,12027,21,부산광역시,부산BIS
BSB188790302,국제화물청사,35.17828178,128.9505203,2025-10-31,,21,부산광역시,부산BIS
BSB188790303,공항파출소.덕두역,35.1810967,128.9531647,2025-10-31,92128,21,부산광역시,부산BIS
BSB188800101,경전철덕두역,35.18131954,128.9541054,2025-10-31,12028,21,부산광역시,부산BIS
BSB188800102,덕두역,35.18133442,128.9541826,2025-10-31,,21,부산광역시,부산BIS
BSB188810101,신덕복지회관,35.20004598,128.9271669,2025-10-31,92176,21,부산광역시,부산BIS
BSB188810102,딴치,35.20340347,128.92923,2025-10-31,92177,21,부산광역시,부산BIS
BSB188810103,핏대섬새동네,35.20753505,128.9317386,2025-10-31,92178,21,부산광역시,부산BIS
BSB188810104,농협공판장,35.21065249,128.9336398,2025-10-31,92179,21,부산광역시,부산BIS
BSB188810105,강동동행정복지센터,35.21390888,128.9356201,2025-10-31,92180,21,부산광역시,부산BIS
BSB188810106,강동치안센터,35.21601902,128.9369087,2025-10-31,,21,부산광역시,부산BIS
BSB188810301,강서해수랜드,35.19779143,128.9256892,2025-10-31,,21,부산광역시,부산BIS
BSB188830101,국제선청사,35.17356904,128.9475622,2025-10-31,12526,21,부산광역시,부산BIS
BSB188880101,명지시장,35.11235191,128.9322142,2025-10-31,12734,21,부산광역시,부산BIS
BSB188900101,성산,35.12418046,128.8967826,2025-10-31,12515,21,부산광역시,부산BIS
BSB188900102,가리새마을,35.13462541,128.8971684,2025-10-31,,21,부산광역시,부산BIS
BSB188900103,장락새동네,35.13649556,128.8907201,2025-10-31,92363,21,부산광역시,부산BIS
BSB188900104,장락포,35.1345916,128.8972845,2025-10-31,92199,21,부산광역시,부산BIS
BSB188900105,보감사,35.12634754,128.8990827,2025-10-31,92198,21,부산광역시,부산BIS
BSB188900106,생곡삼거리,35.13750712,128.8854626,2025-10-31,92115,21,부산광역시,부산BIS
BSB188900107,성산삼거리,35.12241948,128.8948579,2025-10-31,92360,21,부산광역시,부산BIS
BSB188900108,성산,35.12409347,128.8966403,2025-10-31,92361,21,부산광역시,부산BIS
BSB188900109,장락,35.13539479,128.8942563,2025-10-31,92362,21,부산광역시,부산BIS
BSB188900301,성산2구,35.11931049,128.8912861,2025-10-31,12088,21,부산광역시,부산BIS
BSB188900302,녹산중학교,35.11775269,128.8896856,2025-10-31,12635,21,부산광역시,부산BIS
BSB188900303,성산다리,35.12185301,128.8938755,2025-10-31,12180,21,부산광역시,부산BIS
BSB188900304,녹명초등학교,35.11413953,128.8857792,2025-10-31,12114,21,부산광역시,부산BIS
BSB188900305,본녹산녹명초등학교,35.11407482,128.8857094,2025-10-31,92427,21,부산광역시,부산BIS
BSB188900307,녹산중학교,35.11770462,128.8896298,2025-10-31,92426,21,부산광역시,부산BIS
BSB188900308,성산,35.12179494,128.8938179,2025-10-31,92424,21,부산광역시,부산BIS
BSB188900309,성산2구,35.11937059,128.8913315,2025-10-31,,21,부산광역시,부산BIS
BSB188940301,명지시장,35.11156791,128.9318826,2025-10-31,12147,21,부산광역시,부산BIS
BSB188940302,명지시장,35.11149654,128.9318367,2025-10-31,92019,21,부산광역시,부산BIS
BSB188940303,명지시장,35.1116755,128.9319624,2025-10-31,,21,부산광역시,부산BIS
BSB188970201,명지새동네,35.10797157,128.9299541,2025-10-31,12038,21,부산광역시,부산BIS
BSB188970202,명지새동네,35.10817681,128.9300536,2025-10-31,92020,21,부산광역시,부산BIS
BSB188990201,차량등록사업소,35.08748522,128.9033804,2025-10-31,12638,21,부산광역시,부산BIS
BSB188990202,롯데캐슬,35.08565747,128.903377,2025-10-31,,21,부산광역시,부산BIS
BSB188990203,차량등록사업소,35.08728667,128.9035133,2025-10-31,92251,21,부산광역시,부산BIS
BSB188990301,명지신도시,35.0891944,128.9006793,2025-10-31,12062,21,부산광역시,부산BIS
BSB188990302,신호대교,35.08920418,128.900492,2025-10-31,,21,부산광역시,부산BIS
BSB189050101,삼성전기기숙사,35.09302214,128.8528126,2025-10-31,12269,21,부산광역시,부산BIS
BSB189060203,희망공원,35.093345,128.853228,2025-10-31,,21,부산광역시,부산BIS
BSB189060301,삼성전기기숙사,35.09301006,128.8524002,2025-10-31,12268,21,부산광역시,부산BIS
BSB189070201,삼성전기후문,35.09784647,128.8561318,2025-10-31,12568,21,부산광역시,부산BIS
BSB189070202,삼성전기후문,35.0978549,128.8558825,2025-10-31,92448,21,부산광역시,부산BIS
BSB189070401,삼창기전,35.09806833,128.84988,2025-10-31,,21,부산광역시,부산BIS
BSB189070402,동아밸브,35.09810386,128.8495944,2025-10-31,92456,21,부산광역시,부산BIS
BSB189070403,삼창기전,35.09811488,128.851998,2025-10-31,92455,21,부산광역시,부산BIS
BSB189090201,신호소방서입구,35.08528619,128.8815707,2025-10-31,,21,부산광역시,부산BIS
BSB189120101,일천아파트,35.0884422,128.8819094,2025-10-31,,21,부산광역시,부산BIS
BSB189140101,윌아파트,35.08799618,128.8772945,2025-10-31,,21,부산광역시,부산BIS
BSB189140301,신호프라자,35.08632078,128.8769496,2025-10-31,,21,부산광역시,부산BIS
BSB189220101,신호소방서입구,35.08528003,128.8819158,2025-10-31,,21,부산광역시,부산BIS
BSB189230101,르노자동차남문,35.0888219,128.8813917,2025-10-31,12165,21,부산광역시,부산BIS
BSB189230102,르노자동차남문,35.08882345,128.8812596,2025-10-31,,21,부산광역시,부산BIS
BSB189230201,윌아파트,35.08800983,128.8769744,2025-10-31,,21,부산광역시,부산BIS
BSB189230301,르노자동차정문,35.08916642,128.8766907,2025-10-31,12041,21,부산광역시,부산BIS
BSB189230302,르노자동차정문,35.08916573,128.8767864,2025-10-31,92411,21,부산광역시,부산BIS
BSB189230303,신호하수처리장,35.08915827,128.8725597,2025-10-31,92412,21,부산광역시,부산BIS
BSB189230401,신호윌아파트105동,35.08825769,128.8772868,2025-10-31,92437,21,부산광역시,부산BIS
BSB189230402,윌아파트,35.08833958,128.8773014,2025-10-31,12421,21,부산광역시,부산BIS
BSB189250101,삼성자동차남문,35.08826843,128.8821521,2025-10-31,92489,21,부산광역시,부산BIS
BSB189250201,일천아파트,35.08845241,128.8816469,2025-10-31,,21,부산광역시,부산BIS
BSB189250301,르노자동차남문,35.08917669,128.881395,2025-10-31,12164,21,부산광역시,부산BIS
BSB189250302,르노자동차남문,35.08918397,128.8812569,2025-10-31,,21,부산광역시,부산BIS
BSB189260301,삼성자동차남문,35.08811738,128.881794,2025-10-31,92466,21,부산광역시,부산BIS
BSB171200201,상리종합사회복지회관,35.08548047,129.0709452,2025-10-31,4076,21,부산광역시,부산BIS
BSB171200202,상리종합사회복지관,35.08555505,129.0710346,2025-10-31,,21,부산광역시,부산BIS
BSB171210101,관리사무소,35.08504407,129.0675633,2025-10-31,,21,부산광역시,부산BIS
BSB171210102,나상가,35.08633512,129.0673567,2025-10-31,,21,부산광역시,부산BIS
BSB171210103,동삼그린힐아파트,35.08548043,129.0675081,2025-10-31,,21,부산광역시,부산BIS
BSB171210201,동삼3동주민센터,35.08435898,129.0687061,2025-10-31,4078,21,부산광역시,부산BIS
BSB171210202,동삼3동주민센터,35.08436146,129.0691046,2025-10-31,,21,부산광역시,부산BIS
BSB171220101,상리종합사회복지회관,35.08495726,129.0705897,2025-10-31,4077,21,부산광역시,부산BIS
BSB171220102,상리복지사회복지관,35.08526457,129.0711276,2025-10-31,,21,부산광역시,부산BIS
BSB171220201,동삼3동주민센터,35.08460596,129.0687562,2025-10-31,4079,21,부산광역시,부산BIS
BSB171220202,동삼3동주민센터,35.08465592,129.0693678,2025-10-31,,21,부산광역시,부산BIS
BSB171230101,고신대학,35.07748342,129.0644597,2025-10-31,4111,21,부산광역시,부산BIS
BSB171230102,절영아파트,35.07656803,129.065285,2025-10-31,4109,21,부산광역시,부산BIS
BSB171230103,고신대학교정문,35.07775333,129.0643392,2025-10-31,,21,부산광역시,부산BIS
BSB171230201,고신대3강의동,35.08039729,129.0639356,2025-10-31,4144,21,부산광역시,부산BIS
BSB171230202,광명고교,35.08249778,129.0628897,2025-10-31,,21,부산광역시,부산BIS
BSB171230203,고신대학교후문,35.0803,129.0639448,2025-10-31,,21,부산광역시,부산BIS
BSB171230204,밤나무집,35.08173588,129.0633295,2025-10-31,,21,부산광역시,부산BIS
BSB171240201,청학2동,35.09227562,129.0606131,2025-10-31,,21,부산광역시,부산BIS
BSB171240202,청학초등학교,35.0925921,129.0598234,2025-10-31,4114,21,부산광역시,부산BIS
BSB171240203,82번종점,35.09218677,129.0609352,2025-10-31,,21,부산광역시,부산BIS
BSB171240204,청학초등학교,35.092884,129.0597294,2025-10-31,,21,부산광역시,부산BIS
BSB171260201,해양대승선생활관,35.07370682,129.0843793,2025-10-31,,21,부산광역시,부산BIS
BSB171280101,롯데캐슬블루오션,35.07306991,129.0728686,2025-10-31,4098,21,부산광역시,부산BIS
BSB171280102,부산전신전화국,35.07326562,129.0731749,2025-10-31,,21,부산광역시,부산BIS
BSB171280301,조양아파트,35.07230327,129.0712548,2025-10-31,4119,21,부산광역시,부산BIS
BSB171280401,중리초등학교,35.07345069,129.0720783,2025-10-31,4100,21,부산광역시,부산BIS
BSB171280402,중리초등학교,35.0741808,129.0716305,2025-10-31,,21,부산광역시,부산BIS
BSB171290101,에덴금호아파트,35.07150439,129.0763431,2025-10-31,4092,21,부산광역시,부산BIS
BSB171290102,해양대삼거리.동삼동패총전시관,35.07123221,129.0781609,2025-10-31,4093,21,부산광역시,부산BIS
BSB171300101,벽산비치타운,35.07527549,129.0705305,2025-10-31,4103,21,부산광역시,부산BIS
BSB171300102,동삼중학교,35.07499084,129.0707839,2025-10-31,,21,부산광역시,부산BIS
BSB171300103,절영로사거리,35.07540218,129.068825,2025-10-31,,21,부산광역시,부산BIS
BSB171310101,중리초등학교,35.07334584,129.0718142,2025-10-31,4101,21,부산광역시,부산BIS
BSB171310102,중리초등학교,35.07375313,129.071572,2025-10-31,,21,부산광역시,부산BIS
BSB171310301,동삼1동행정복지센터,35.07560463,129.0686025,2025-10-31,4106,21,부산광역시,부산BIS
BSB171310302,벽산비치타운,35.07513499,129.0710073,2025-10-31,4102,21,부산광역시,부산BIS
BSB171310303,절영로사거리,35.07562453,129.0688077,2025-10-31,,21,부산광역시,부산BIS
BSB171310304,동삼중학교,35.07561098,129.070541,2025-10-31,,21,부산광역시,부산BIS
BSB171320201,남고교,35.06961587,129.066492,2025-10-31,4123,21,부산광역시,부산BIS
BSB171330201,영도중리,35.06953029,129.0669591,2025-10-31,4122,21,부산광역시,부산BIS
BSB171330202,남고교,35.0697257,129.0672765,2025-10-31,4121,21,부산광역시,부산BIS
BSB171330301,함지그린아파트,35.07039077,129.0620263,2025-10-31,4125,21,부산광역시,부산BIS
BSB171350101,75광장,35.07076697,129.0582103,2025-10-31,4130,21,부산광역시,부산BIS
BSB171350201,함지골수련원,35.07300225,129.0539466,2025-10-31,4133,21,부산광역시,부산BIS
BSB171350202,백련사,35.07613226,129.0483138,2025-10-31,4136,21,부산광역시,부산BIS
BSB171360101,광명고등학교,35.08269788,129.0629627,2025-10-31,,21,부산광역시,부산BIS
BSB171360201,광명고교,35.08194104,129.062541,2025-10-31,4145,21,부산광역시,부산BIS
BSB171360202,고신대3강의동,35.0804126,129.0637305,2025-10-31,4139,21,부산광역시,부산BIS
BSB171360203,고신대학교후문,35.08032843,129.0637314,2025-10-31,,21,부산광역시,부산BIS
BSB171360204,밤나무집,35.08167562,129.0631636,2025-10-31,,21,부산광역시,부산BIS
BSB171370201,광명고등학교,35.08276485,129.0627752,2025-10-31,,21,부산광역시,부산BIS
BSB171370301,남부여객(종점),35.08422373,129.0625223,2025-10-31,,21,부산광역시,부산BIS
BSB171370302,(구)쌍용자동차학원,35.08637475,129.0594827,2025-10-31,4105,21,부산광역시,부산BIS
BSB171370303,쌍용자동차학원,35.08621494,129.0597223,2025-10-31,,21,부산광역시,부산BIS
BSB171370304,원우아파트,35.08517634,129.0613354,2025-10-31,,21,부산광역시,부산BIS
BSB171380201,(구)쌍용자동차학원,35.08628932,129.0593356,2025-10-31,4157,21,부산광역시,부산BIS
BSB171380202,남부여객(종점),35.08422599,129.0622461,2025-10-31,,21,부산광역시,부산BIS
BSB171380203,쌍용자동차학원,35.08612949,129.0597234,2025-10-31,,21,부산광역시,부산BIS
BSB171380204,원우아파트,35.08503602,129.0611384,2025-10-31,,21,부산광역시,부산BIS
BSB171390101,롯데낙천대,35.08836789,129.0607859,2025-10-31,4148,21,부산광역시,부산BIS
BSB171390201,롯데낙천대아파트입구,35.08771315,129.0607624,2025-10-31,,21,부산광역시,부산BIS
BSB171400201,롯데낙천대아파트입구,35.08787012,129.0608895,2025-10-31,,21,부산광역시,부산BIS
BSB171400301,롯데낙천대아파트후문,35.08841727,129.061885,2025-10-31,,21,부산광역시,부산BIS
BSB171410201,일신마리나아파트,35.08666427,129.0630713,2025-10-31,4147,21,부산광역시,부산BIS
BSB171410202,롯데낙천대아파트삼거리,35.08779652,129.0611525,2025-10-31,,21,부산광역시,부산BIS
BSB171420201,롯데낙천대,35.0881177,129.0606294,2025-10-31,4155,21,부산광역시,부산BIS
BSB171430101,(구)해사고,35.08886619,129.0597485,2025-10-31,,21,부산광역시,부산BIS
BSB171430301,해양경찰청교육센터,35.08899241,129.0595925,2025-10-31,,21,부산광역시,부산BIS
BSB171440101,해양경찰청교육센터,35.08883815,129.0596545,2025-10-31,4149,21,부산광역시,부산BIS
BSB171440301,(구)해사고,35.08899987,129.0593949,2025-10-31,,21,부산광역시,부산BIS
BSB171460301,황토탕,35.09011687,129.0580231,2025-10-31,4189,21,부산광역시,부산BIS
BSB171470201,황토탕,35.08999745,129.0579142,2025-10-31,4167,21,부산광역시,부산BIS
BSB171470301,삼신아파트,35.09242389,129.0545602,2025-10-31,4166,21,부산광역시,부산BIS
BSB171470302,영광아파트,35.09109428,129.05726,2025-10-31,,21,부산광역시,부산BIS
BSB171470303,황토탕,35.09031358,129.0577867,2025-10-31,,21,부산광역시,부산BIS
BSB171480101,나상가,35.08629974,129.067154,2025-10-31,4081,21,부산광역시,부산BIS
BSB171480102,관리사무소,35.08516676,129.0673328,2025-10-31,4080,21,부산광역시,부산BIS
BSB171480103,동삼그린힐아파트,35.08483545,129.0673283,2025-10-31,,21,부산광역시,부산BIS
BSB171480104,동삼그린힐상가,35.08622829,129.0671569,2025-10-31,,21,부산광역시,부산BIS
BSB171500101,오성할인마트,35.08984316,129.0623406,2025-10-31,,21,부산광역시,부산BIS
BSB171500401,롯데낙천대아파트정문,35.08902423,129.0621195,2025-10-31,,21,부산광역시,부산BIS
BSB171550301,빅마트슈퍼,35.09149956,129.0619242,2025-10-31,,21,부산광역시,부산BIS
BSB171550302,수정방앗간,35.09091476,129.0628194,2025-10-31,,21,부산광역시,부산BIS
BSB171570301,고은식육점,35.08597936,129.0650346,2025-10-31,,21,부산광역시,부산BIS
BSB171580101,영도자동차학원,35.0864807,129.0652886,2025-10-31,,21,부산광역시,부산BIS
BSB171580301,일신마리나아파트,35.08655274,129.0635801,2025-10-31,,21,부산광역시,부산BIS
BSB171590201,광명고등학교후문,35.08467964,129.0654413,2025-10-31,,21,부산광역시,부산BIS
BSB171600101,동삼그린힐아파트,35.08580003,129.0670652,2025-10-31,,21,부산광역시,부산BIS
BSB171620101,백련사,35.07612861,129.0480279,2025-10-31,4135,21,부산광역시,부산BIS
BSB171620102,함지골수련원,35.07284063,129.0535007,2025-10-31,4134,21,부산광역시,부산BIS
BSB171620201,영선아파트,35.07776546,129.0464053,2025-10-31,4137,21,부산광역시,부산BIS
BSB171630101,영도경찰서,35.0931284,129.0371379,2025-10-31,4012,21,부산광역시,부산BIS
BSB180230303,성지고등학교,35.1272725,129.0812047,2025-10-31,7071,21,부산광역시,부산BIS
BSB180230304,부산공업고등학교후문건널목,35.12928159,129.0869197,2025-10-31,,21,부산광역시,부산BIS
BSB180230305,대연푸르지오클라센트·동림리라,35.12861025,129.085147,2025-10-31,,21,부산광역시,부산BIS
BSB180230306,성지고등학교,35.12738752,129.0815469,2025-10-31,,21,부산광역시,부산BIS
BSB180230307,부산공업고등학교후문,35.13003618,129.0885758,2025-10-31,,21,부산광역시,부산BIS
BSB180250201,부산세무고등학교,35.13782087,129.0867669,2025-10-31,,21,부산광역시,부산BIS
BSB180250301,세연고등학교,35.13817083,129.0860954,2025-10-31,7025,21,부산광역시,부산BIS
BSB180250302,세연고등학교,35.13816571,129.0861666,2025-10-31,,21,부산광역시,부산BIS
BSB180250303,해연중학교,35.13832868,129.0831202,2025-10-31,,21,부산광역시,부산BIS
BSB180260301,서원유통,35.13831944,129.0889115,2025-10-31,,21,부산광역시,부산BIS
BSB180260401,남산2차타워,35.1383204,129.0890809,2025-10-31,,21,부산광역시,부산BIS
BSB180260402,동천고등학교,35.14121806,129.0890146,2025-10-31,,21,부산광역시,부산BIS
BSB180280301,LG메트로시티입구,35.12758293,129.1096376,2025-10-31,,21,부산광역시,부산BIS
BSB180290101,LG메트로시티214동,35.13103181,129.1099064,2025-10-31,,21,부산광역시,부산BIS
BSB180290201,자연유치원,35.13002703,129.1108978,2025-10-31,,21,부산광역시,부산BIS
BSB180300101,산성교회,35.13008523,129.0904336,2025-10-31,,21,부산광역시,부산BIS
BSB180300301,부영카정비,35.13149131,129.0897762,2025-10-31,,21,부산광역시,부산BIS
BSB180300302,동성하이타운,35.13306866,129.0888186,2025-10-31,,21,부산광역시,부산BIS
BSB180310201,부산공업고등학교정문,35.13156055,129.0882867,2025-10-31,,21,부산광역시,부산BIS
BSB180310301,롯데슈퍼,35.13387534,129.0870867,2025-10-31,,21,부산광역시,부산BIS
BSB180320301,대천중학교,35.12808492,129.1027085,2025-10-31,7124,21,부산광역시,부산BIS
BSB180320302,대천중학교,35.12855807,129.103458,2025-10-31,,21,부산광역시,부산BIS
BSB180330101,LG메트로시티234동,35.13207019,129.1082357,2025-10-31,,21,부산광역시,부산BIS
BSB180340101,부산박물관,35.13005122,129.0934465,2025-10-31,70002,21,부산광역시,부산BIS
BSB180340102,유엔조각공원,35.13001995,129.0985092,2025-10-31,,21,부산광역시,부산BIS
BSB180340103,부산시립박물관,35.13005934,129.093077,2025-10-31,,21,부산광역시,부산BIS
BSB180340401,유엔교차로(산성교회),35.13027902,129.0915436,2025-10-31,7066,21,부산광역시,부산BIS
BSB180340501,대연역.부산은행,35.13391368,129.0920731,2025-10-31,7065,21,부산광역시,부산BIS
BSB180350201,대연역.부산은행,35.13463911,129.0917962,2025-10-31,7064,21,부산광역시,부산BIS
BSB180350301,대연역,35.13519854,129.0913926,2025-10-31,,21,부산광역시,부산BIS
BSB180360301,한국도로교통공단,35.13093844,129.103184,2025-10-31,7126,21,부산광역시,부산BIS
BSB180360302,한국도로교통공단,35.13107734,129.1027893,2025-10-31,,21,부산광역시,부산BIS
BSB180370301,남부면허시험장,35.13023902,129.1059398,2025-10-31,7202,21,부산광역시,부산BIS
BSB180380101,대연자이아파트,35.13040545,129.1037791,2025-10-31,7125,21,부산광역시,부산BIS
BSB180380103,대연자이아파트,35.13040584,129.1033223,2025-10-31,,21,부산광역시,부산BIS
BSB180380201,평화공원,35.12763898,129.1010904,2025-10-31,7215,21,부산광역시,부산BIS
BSB180380301,유엔조각공원,35.13023111,129.0979372,2025-10-31,,21,부산광역시,부산BIS
BSB180380302,부산시립박물관,35.13024848,129.0937778,2025-10-31,,21,부산광역시,부산BIS
BSB180390301,부경대대연캠퍼스,35.13287689,129.1012804,2025-10-31,7011,21,부산광역시,부산BIS
BSB180390302,경성대학교입구,35.13642336,129.1007044,2025-10-31,7009,21,부산광역시,부산BIS
BSB180390303,부경대대연캠퍼스,35.13296701,129.1012758,2025-10-31,,21,부산광역시,부산BIS
BSB180390304,경성대학교입구,35.13638111,129.1007375,2025-10-31,,21,부산광역시,부산BIS
BSB180400401,자연유치원,35.13020355,129.1110667,2025-10-31,,21,부산광역시,부산BIS
BSB180410301,하이츠자이아파트,35.1315201,129.1110003,2025-10-31,,21,부산광역시,부산BIS
BSB180420101,분포중학교,35.12774193,129.1147214,2025-10-31,,21,부산광역시,부산BIS
BSB180420201,메트로유치원,35.12621601,129.1128781,2025-10-31,,21,부산광역시,부산BIS
BSB180440201,용당동갓골,35.12466316,129.0976384,2025-10-31,,21,부산광역시,부산BIS
BSB180450201,석포여중,35.12516749,129.0957616,2025-10-31,7177,21,부산광역시,부산BIS
BSB180450202,석포여자중학교,35.12538648,129.0956992,2025-10-31,,21,부산광역시,부산BIS
BSB180450203,"유엔기념공원, 부산문화회관",35.12642323,129.0954683,2025-10-31,,21,부산광역시,부산BIS
BSB180450301,UN기념공원,35.12721835,129.0954581,2025-10-31,70009,21,부산광역시,부산BIS
BSB180450302,부산문화회관(박물관),35.12881736,129.0938656,2025-10-31,,21,부산광역시,부산BIS
BSB180460101,동명대학교,35.12059462,129.1005555,2025-10-31,,21,부산광역시,부산BIS
BSB180460201,동명불원,35.11895308,129.1031717,2025-10-31,,21,부산광역시,부산BIS
BSB180460202,현대아파트,35.11968458,129.1006811,2025-10-31,,21,부산광역시,부산BIS
BSB180470101,예문여자고등학교,35.11913124,129.1069419,2025-10-31,,21,부산광역시,부산BIS
BSB180470201,동명불원,35.11886657,129.1040798,2025-10-31,,21,부산광역시,부산BIS
BSB180480101,동명대학교정문,35.12259847,129.0993979,2025-10-31,7120,21,부산광역시,부산BIS
BSB180480102,한국산업인력공단남부지사,35.12711637,129.1019278,2025-10-31,7122,21,부산광역시,부산BIS
BSB180480103,동명대학교입구,35.12250179,129.0993556,2025-10-31,,21,부산광역시,부산BIS
BSB180480201,동명대학교,35.12080539,129.099166,2025-10-31,,21,부산광역시,부산BIS
BSB180480301,동명대학교후문,35.12058127,129.0980137,2025-10-31,7112,21,부산광역시,부산BIS
BSB180480302,동명오거리,35.12078642,129.0981758,2025-10-31,,21,부산광역시,부산BIS
BSB180480401,한신문화타운,35.12347233,129.0971914,2025-10-31,7110,21,부산광역시,부산BIS
BSB180480402,한신아파트,35.12335918,129.0972999,2025-10-31,,21,부산광역시,부산BIS
BSB180490201,한신문화타운,35.12334462,129.0970257,2025-10-31,7111,21,부산광역시,부산BIS
BSB180490202,한신아파트,35.1232451,129.097116,2025-10-31,,21,부산광역시,부산BIS
BSB180490301,석포여중,35.12478416,129.096125,2025-10-31,7176,21,부산광역시,부산BIS
BSB180490302,석포여자중학교,35.12439187,129.0964226,2025-10-31,,21,부산광역시,부산BIS
BSB180510401,유엔공원.부산문화회관,35.12623259,129.0957381,2025-10-31,7109,21,부산광역시,부산BIS
BSB180510402,유엔평화공원,35.12573178,129.095837,2025-10-31,,21,부산광역시,부산BIS
BSB180520101,LG메트로시티입구,35.12747342,129.1098788,2025-10-31,,21,부산광역시,부산BIS
BSB180520201,용문중학교,35.12603073,129.1101478,2025-10-31,7129,21,부산광역시,부산BIS
BSB180520202,용문중학교,35.12593717,129.110337,2025-10-31,,21,부산광역시,부산BIS
BSB180520401,남부운전면허시험장,35.12812033,129.1077036,2025-10-31,7127,21,부산광역시,부산BIS
BSB180520402,남부면허시험장,35.12804998,129.107792,2025-10-31,,21,부산광역시,부산BIS
BSB180530101,솔밭공원,35.11988349,129.1085765,2025-10-31,,21,부산광역시,부산BIS
BSB180540101,유엔공원.부산문화회관,35.12681707,129.095324,2025-10-31,7108,21,부산광역시,부산BIS
BSB180540301,부산박물관.부산문화회관,35.12915414,129.093063,2025-10-31,7191,21,부산광역시,부산BIS
BSB180550101,부산박물관.부산문화회관,35.12893374,129.0930048,2025-10-31,7190,21,부산광역시,부산BIS
BSB180550102,부산문화회관,35.12897446,129.092904,2025-10-31,,21,부산광역시,부산BIS
BSB180560301,시립박물관,35.12889317,129.0913692,2025-10-31,7105,21,부산광역시,부산BIS
BSB180560302,남부산농협석포지점,35.12931377,129.0917037,2025-10-31,,21,부산광역시,부산BIS
BSB180570101,남부운전면허시험장,35.12803257,129.1073149,2025-10-31,7128,21,부산광역시,부산BIS
BSB180570102,남부면허시험장,35.12808316,129.1072605,2025-10-31,,21,부산광역시,부산BIS
BSB180620301,더비치푸르지오써밋 102동앞,35.13573317,129.1104207,2025-10-31,,21,부산광역시,부산BIS
BSB180620401,부산도시가스,35.13651166,129.1106412,2025-10-31,,21,부산광역시,부산BIS
BSB180630101,하이츠자이아파트,35.13128193,129.1110502,2025-10-31,,21,부산광역시,부산BIS
BSB180630201,LG메트로시티214동,35.13145608,129.1099291,2025-10-31,,21,부산광역시,부산BIS
BSB180640201,못골시장,35.13507308,129.0887344,2025-10-31,7063,21,부산광역시,부산BIS
BSB180640202,못골시장,35.13506424,129.0884758,2025-10-31,7062,21,부산광역시,부산BIS
BSB180640203,못골시장,35.13507,129.0886578,2025-10-31,,21,부산광역시,부산BIS
BSB180670101,경림유통,35.13592279,129.0915775,2025-10-31,,21,부산광역시,부산BIS
BSB180680101,대연초등학교,35.13618421,129.0918248,2025-10-31,7020,21,부산광역시,부산BIS
BSB180680102,대연초등학교,35.13637805,129.0917479,2025-10-31,,21,부산광역시,부산BIS
BSB180690101,글로리빌딩,35.13574913,129.087727,2025-10-31,,21,부산광역시,부산BIS
BSB180690301,동원로얄듀크아파트,35.13611815,129.0871221,2025-10-31,,21,부산광역시,부산BIS
BSB189270401,빅벤,35.08459168,128.8523308,2025-10-31,,21,부산광역시,부산BIS
BSB189370101,대일목재,35.09053906,128.8659534,2025-10-31,,21,부산광역시,부산BIS
BSB189370102,우진목재,35.092112,128.865837,2025-10-31,92253,21,부산광역시,부산BIS
BSB189380101,우진목재,35.09301015,128.8659661,2025-10-31,12227,21,부산광역시,부산BIS
BSB189380301,우진목재,35.09209951,128.8655944,2025-10-31,12067,21,부산광역시,부산BIS
BSB189380302,우진목재,35.09188333,128.86568,2025-10-31,92249,21,부산광역시,부산BIS
BSB189390301,녹산하수처리장,35.0891563,128.8648086,2025-10-31,12270,21,부산광역시,부산BIS
BSB189390302,녹산하수처리장,35.08947167,128.86583,2025-10-31,92252,21,부산광역시,부산BIS
BSB189400101,신호하수처리장,35.08881671,128.8726081,2025-10-31,12207,21,부산광역시,부산BIS
BSB189420101,녹산하수처리장,35.08942091,128.8659893,2025-10-31,12082,21,부산광역시,부산BIS
BSB189420201,녹산하수처리장,35.08879643,128.8662236,2025-10-31,12068,21,부산광역시,부산BIS
BSB189420202,녹산하수처리장,35.08879631,128.8663086,2025-10-31,92487,21,부산광역시,부산BIS
BSB189420401,녹산하수처리장,35.08914922,128.865385,2025-10-31,92468,21,부산광역시,부산BIS
BSB189450101,삼성자동차출고사무소,35.09768023,128.8664314,2025-10-31,92433,21,부산광역시,부산BIS
BSB189450201,삼성출고사무소,35.09821638,128.8663711,2025-10-31,,21,부산광역시,부산BIS
BSB189460101,사암입바위,35.10135059,128.868546,2025-10-31,92416,21,부산광역시,부산BIS
BSB189460102,삼성자동차출고사무소,35.09849389,128.8659515,2025-10-31,92414,21,부산광역시,부산BIS
BSB189460103,화전마을입구,35.0998515,128.8662762,2025-10-31,92415,21,부산광역시,부산BIS
BSB189460201,삼성출고사무소,35.09761167,128.8666083,2025-10-31,12071,21,부산광역시,부산BIS
BSB189460401,대한제강,35.09812011,128.8612772,2025-10-31,92452,21,부산광역시,부산BIS
BSB189490101,삼성서비스코너,35.09317283,128.8685402,2025-10-31,,21,부산광역시,부산BIS
BSB189490301,삼성서비스코너,35.09374,128.86857,2025-10-31,,21,부산광역시,부산BIS
BSB189490302,삼성서비스센터,35.09383581,128.8686254,2025-10-31,92413,21,부산광역시,부산BIS
BSB189510401,태광금속,35.0936075,128.8651193,2025-10-31,12241,21,부산광역시,부산BIS
BSB189510402,정화선박,35.09359167,128.8650517,2025-10-31,92254,21,부산광역시,부산BIS
BSB189510403,삼보목재,35.09356,128.8626217,2025-10-31,92255,21,부산광역시,부산BIS
BSB189620101,갑을녹산병원,35.09044584,128.8528257,2025-10-31,12267,21,부산광역시,부산BIS
BSB189620201,갑을녹산병원,35.08977539,128.8524094,2025-10-31,12266,21,부산광역시,부산BIS
BSB189680201,녹산염색공단,35.08877645,128.8601185,2025-10-31,12262,21,부산광역시,부산BIS
BSB189680202,녹산염색공단,35.088778,128.859956,2025-10-31,92486,21,부산광역시,부산BIS
BSB189690401,녹산염색공단,35.08916528,128.8601835,2025-10-31,12263,21,부산광역시,부산BIS
BSB189700101,삼덕통상,35.08649011,128.8572472,2025-10-31,,21,부산광역시,부산BIS
BSB189710301,삼덕통상,35.08682296,128.8569916,2025-10-31,,21,부산광역시,부산BIS
BSB189710302,풍국철강,35.08471803,128.8570316,2025-10-31,,21,부산광역시,부산BIS
BSB189720201,강서소방서 무성산업사,35.08881401,128.8587965,2025-10-31,,21,부산광역시,부산BIS
BSB189720301,강서소방서 무성산업사,35.0886794,128.8569953,2025-10-31,,21,부산광역시,부산BIS
BSB189720401,부산지방중소벤처기업청,35.08915633,128.8557542,2025-10-31,12265,21,부산광역시,부산BIS
BSB189720402,강서소방서,35.08914667,128.8554722,2025-10-31,92471,21,부산광역시,부산BIS
BSB189730101,풍국철강,35.08444815,128.8564115,2025-10-31,,21,부산광역시,부산BIS
BSB189760101,삼성서비스센터,35.09398204,128.8682011,2025-10-31,92434,21,부산광역시,부산BIS
BSB189810101,삼성전기,35.09333781,128.8536658,2025-10-31,12040,21,부산광역시,부산BIS
BSB189810102,삼성전기,35.09333994,128.8545182,2025-10-31,92246,21,부산광역시,부산BIS
BSB189810303,삼성전기후문,35.0935853,128.8532501,2025-10-31,,21,부산광역시,부산BIS
BSB189830401,광성공업사,35.087876,128.85144,2025-10-31,92472,21,부산광역시,부산BIS
BSB189850201,부산지방중소벤처기업청,35.08878335,128.8555523,2025-10-31,12264,21,부산광역시,부산BIS
BSB189850202,부산지방중소벤처기업청,35.08877767,128.8552682,2025-10-31,92485,21,부산광역시,부산BIS
BSB189860201,학산,35.0887729,128.8537786,2025-10-31,92484,21,부산광역시,부산BIS
BSB189930202,대흥공업사거리,35.09345333,128.8586733,2025-10-31,92247,21,부산광역시,부산BIS
BSB189930401,대흥공업사거리,35.09360394,128.8587608,2025-10-31,12133,21,부산광역시,부산BIS
BSB189940201,삼보목재,35.0933507,128.8625759,2025-10-31,12162,21,부산광역시,부산BIS
BSB189940202,태광금속,35.09335224,128.8651616,2025-10-31,12242,21,부산광역시,부산BIS
BSB189940203,삼보목재,35.093469,128.862384,2025-10-31,92248,21,부산광역시,부산BIS
BSB189940204,정화선박,35.09334696,128.8649852,2025-10-31,,21,부산광역시,부산BIS
BSB189940401,삼보목재,35.09371132,128.8618191,2025-10-31,12161,21,부산광역시,부산BIS
BSB189940402,대흥공업사거리,35.09355667,128.8595917,2025-10-31,92256,21,부산광역시,부산BIS
BSB189950101,대흥공업사거리,35.09333521,128.8597161,2025-10-31,12066,21,부산광역시,부산BIS
BSB189950301,삼성전기,35.09358527,128.8536543,2025-10-31,12042,21,부산광역시,부산BIS
BSB189950302,삼성전기,35.09358807,128.8545896,2025-10-31,92257,21,부산광역시,부산BIS
BSB189980201,효성스틸,35.09785904,128.8587031,2025-10-31,92449,21,부산광역시,부산BIS
BSB189980301,삼성전기후문,35.09811015,128.8555598,2025-10-31,12567,21,부산광역시,부산BIS
BSB189980302,삼성전기후문,35.09811033,128.8556439,2025-10-31,92454,21,부산광역시,부산BIS
BSB189990201,대한제강,35.09778408,128.8597908,2025-10-31,,21,부산광역시,부산BIS
BSB189990401,효성스틸,35.09812897,128.8587311,2025-10-31,92453,21,부산광역시,부산BIS
BSB190000101,대한제강,35.09786837,128.8613577,2025-10-31,92450,21,부산광역시,부산BIS
BSB190000301,대한제강,35.09811434,128.8614557,2025-10-31,12565,21,부산광역시,부산BIS
BSB190020101,화물터미널,35.09781411,128.8373934,2025-10-31,12574,21,부산광역시,부산BIS
BSB190020102,화물터미널,35.09781685,128.8372345,2025-10-31,,21,부산광역시,부산BIS
BSB190020301,화물터미널,35.09807862,128.8386976,2025-10-31,92460,21,부산광역시,부산BIS
BSB190130101,농심,35.09646225,128.839732,2025-10-31,12256,21,부산광역시,부산BIS
BSB190190201,리노공업,35.09330269,128.842406,2025-10-31,12046,21,부산광역시,부산BIS
BSB190190202,리노공업,35.093467,128.842363,2025-10-31,92243,21,부산광역시,부산BIS
BSB190190401,DSR,35.09357261,128.8402982,2025-10-31,12253,21,부산광역시,부산BIS
BSB190190402,DSR,35.093473,128.840433,2025-10-31,92261,21,부산광역시,부산BIS
BSB190280201,해덕파워웨이,35.09332524,128.848586,2025-10-31,12069,21,부산광역시,부산BIS
BSB190280202,해덕파워웨이,35.09349,128.8487633,2025-10-31,92245,21,부산광역시,부산BIS
BSB190280401,동서열처리,35.09357551,128.8453296,2025-10-31,12140,21,부산광역시,부산BIS
BSB190280402,리노공업,35.09357052,128.8424306,2025-10-31,12081,21,부산광역시,부산BIS
BSB190280403,동서열처리,35.09355833,128.8454117,2025-10-31,92259,21,부산광역시,부산BIS
BSB190290401,해덕파워웨이,35.09357268,128.848625,2025-10-31,12252,21,부산광역시,부산BIS
BSB190290402,해덕파워웨이,35.09357,128.8485917,2025-10-31,92258,21,부산광역시,부산BIS
BSB190300201,동서열처리,35.09332521,128.845568,2025-10-31,12047,21,부산광역시,부산BIS
BSB190300202,동서열처리,35.09349833,128.8455583,2025-10-31,92244,21,부산광역시,부산BIS
BSB190300402,리노공업,35.09354667,128.843155,2025-10-31,92260,21,부산광역시,부산BIS
BSB190310201,DSR,35.09331555,128.8402662,2025-10-31,12043,21,부산광역시,부산BIS
BSB190310202,DSR,35.0935,128.840589,2025-10-31,92242,21,부산광역시,부산BIS
BSB190310302,정원화학,35.09058435,128.8392028,2025-10-31,,21,부산광역시,부산BIS
BSB190310401,부산프라스틱공업,35.09356814,128.838616,2025-10-31,12153,21,부산광역시,부산BIS
BSB190310402,부산프라스틱,35.09354333,128.8384367,2025-10-31,92262,21,부산광역시,부산BIS
BSB190320201,부산프라스틱공업,35.09331058,128.8386305,2025-10-31,12077,21,부산광역시,부산BIS
BSB190320202,부산프라스틱,35.09339167,128.83853,2025-10-31,92241,21,부산광역시,부산BIS
BSB190340201,성광산업,35.09779303,128.8465278,2025-10-31,,21,부산광역시,부산BIS
BSB190340202,두산정비,35.09785161,128.8454364,2025-10-31,92445,21,부산광역시,부산BIS
BSB190340401,송정마을입구,35.09818241,128.8430608,2025-10-31,,21,부산광역시,부산BIS
BSB163900101,삼광사입구,35.17623995,129.0466567,2025-10-31,,21,부산광역시,부산BIS
BSB163910301,삼광사,35.17518959,129.0438039,2025-10-31,,21,부산광역시,부산BIS
BSB163930101,초읍초등학교,35.18045558,129.0523336,2025-10-31,,21,부산광역시,부산BIS
BSB163950101,초읍우신아파트,35.18133523,129.0544955,2025-10-31,,21,부산광역시,부산BIS
BSB163950201,초읍초등학교,35.18097556,129.0527891,2025-10-31,,21,부산광역시,부산BIS
BSB163960201,창신아파트,35.18151745,129.0546317,2025-10-31,,21,부산광역시,부산BIS
BSB163970101,원당골,35.18147535,129.0590484,2025-10-31,,21,부산광역시,부산BIS
BSB163970102,초읍대우아파트,35.18028232,129.0576089,2025-10-31,,21,부산광역시,부산BIS
BSB163970103,초읍중학교,35.17993,129.0559401,2025-10-31,,21,부산광역시,부산BIS
BSB163980101,동의대학교도서관,35.14142866,129.0340979,2025-10-31,,21,부산광역시,부산BIS
BSB163980102,동의대학교본관,35.14007955,129.0339129,2025-10-31,,21,부산광역시,부산BIS
BSB163980103,동의대학교입구,35.14720842,129.0339031,2025-10-31,,21,부산광역시,부산BIS
BSB163980104,동의대학교자연대학,35.14371831,129.0345696,2025-10-31,,21,부산광역시,부산BIS
BSB164000201,양정역4번출구,35.17324109,129.0723865,2025-10-31,5014,21,부산광역시,부산BIS
BSB164000202,파리바게뜨,35.17374361,129.0736928,2025-10-31,,21,부산광역시,부산BIS
BSB164000501,백조아파트,35.17368621,129.0699147,2025-10-31,5017,21,부산광역시,부산BIS
BSB164010101,하마정,35.17674541,129.0680996,2025-10-31,13037,21,부산광역시,부산BIS
BSB164010201,백조아파트,35.17393291,129.0689306,2025-10-31,5018,21,부산광역시,부산BIS
BSB164010301,하마정,35.17447258,129.0672891,2025-10-31,5027,21,부산광역시,부산BIS
BSB164010401,하마정,35.17497826,129.0662019,2025-10-31,5028,21,부산광역시,부산BIS
BSB164020101,세정고·양정119안전센터,35.17488513,129.076587,2025-10-31,5009,21,부산광역시,부산BIS
BSB164020301,현재자동차앞,35.17586238,129.0739325,2025-10-31,,21,부산광역시,부산BIS
BSB164030101,양정현대아파트,35.17457166,129.0652702,2025-10-31,5029,21,부산광역시,부산BIS
BSB164030301,정묘사,35.17456423,129.0614434,2025-10-31,5030,21,부산광역시,부산BIS
BSB164030302,화인아파트,35.17191062,129.0590679,2025-10-31,5032,21,부산광역시,부산BIS
BSB164040101,화인아파트,35.17162543,129.059415,2025-10-31,5033,21,부산광역시,부산BIS
BSB164040102,정묘사,35.17420818,129.0617097,2025-10-31,5031,21,부산광역시,부산BIS
BSB164040103,화인아파트,35.1719134,129.0597277,2025-10-31,,21,부산광역시,부산BIS
BSB164040201,부산시민공원,35.17108889,129.0563759,2025-10-31,5034,21,부산광역시,부산BIS
BSB164050201,양정청소년수련원,35.17679901,129.0718401,2025-10-31,5336,21,부산광역시,부산BIS
BSB164080101,양정자이더샵SK뷰,35.17205254,129.0754701,2025-10-31,,21,부산광역시,부산BIS
BSB164080201,부산진여자고등학교,35.1701999,129.074982,2025-10-31,,21,부산광역시,부산BIS
BSB164080301,동의의료원사거리,35.17199038,129.0744192,2025-10-31,,21,부산광역시,부산BIS
BSB164080302,양정성당,35.17153053,129.0729252,2025-10-31,,21,부산광역시,부산BIS
BSB164090201,범내골역.상공회의소,35.14776933,129.0610247,2025-10-31,5223,21,부산광역시,부산BIS
BSB164090202,범내골역.상공회의소,35.14785833,129.0612876,2025-10-31,5224,21,부산광역시,부산BIS
BSB164090401,범내골역,35.14656417,129.0587892,2025-10-31,,21,부산광역시,부산BIS
BSB164090501,범내골역,35.14757121,129.0589575,2025-10-31,,21,부산광역시,부산BIS
BSB164100302,범내골역,35.14759415,129.0590126,2025-10-31,5228,21,부산광역시,부산BIS
BSB164160301,지오플레이스,35.14919404,129.063214,2025-10-31,5238,21,부산광역시,부산BIS
BSB164170201,부전역,35.1613074,129.0627536,2025-10-31,,21,부산광역시,부산BIS
BSB164170301,전포초등학교,35.15931461,129.0621763,2025-10-31,5250,21,부산광역시,부산BIS
BSB164170501,부전역,35.16226676,129.0622154,2025-10-31,,21,부산광역시,부산BIS
BSB164170502,부전시장,35.1632453,129.0615757,2025-10-31,,21,부산광역시,부산BIS
BSB164180401,송상현광장,35.16440723,129.0632215,2025-10-31,5350,21,부산광역시,부산BIS
BSB164190101,양정대원칸타빌,35.17064857,129.0675273,2025-10-31,5023,21,부산광역시,부산BIS
BSB164190102,대원칸타빌아파트,35.17076465,129.0675333,2025-10-31,,21,부산광역시,부산BIS
BSB164200201,자유.평화시장,35.1406355,129.0602515,2025-10-31,3149,21,부산광역시,부산BIS
BSB164200202,범일역,35.14056596,129.0603218,2025-10-31,,21,부산광역시,부산BIS
BSB164220202,좋은문화병원,35.14071837,129.059162,2025-10-31,,21,부산광역시,부산BIS
BSB164240201,성북초등학교,35.14974719,129.0672117,2025-10-31,5265,21,부산광역시,부산BIS
BSB164240202,성북초등학교,35.14969052,129.0670578,2025-10-31,,21,부산광역시,부산BIS
BSB164240301,문전교차로,35.14834518,129.065959,2025-10-31,7034,21,부산광역시,부산BIS
BSB164240302,국제금융센터.부산은행역,35.14527605,129.0664696,2025-10-31,7168,21,부산광역시,부산BIS
BSB164240401,지오플레이스,35.14926504,129.0645068,2025-10-31,,21,부산광역시,부산BIS
BSB164260501,경남공고,35.151939,129.0624046,2025-10-31,5349,21,부산광역시,부산BIS
BSB164270101,경남공고(전포역),35.15272739,129.0656476,2025-10-31,5356,21,부산광역시,부산BIS
BSB164280101,부산은행(전포역),35.15443771,129.0659411,2025-10-31,,21,부산광역시,부산BIS
BSB164280102,전포1동주민센터,35.15445392,129.0677671,2025-10-31,,21,부산광역시,부산BIS
BSB164280201,경남공고(전포역),35.15310859,129.0651011,2025-10-31,5259,21,부산광역시,부산BIS
BSB164280301,부전도서관,35.15457639,129.0628666,2025-10-31,,21,부산광역시,부산BIS
BSB164280401,전포사거리,35.15570191,129.0656076,2025-10-31,5357,21,부산광역시,부산BIS
BSB164290101,동성고교,35.15154167,129.0684283,2025-10-31,5270,21,부산광역시,부산BIS
BSB164290102,동성고등학교,35.15133427,129.0685025,2025-10-31,,21,부산광역시,부산BIS
BSB164290103,부산진여자중학교,35.15350804,129.0684894,2025-10-31,,21,부산광역시,부산BIS
BSB164290301,부산마케팅고등학교,35.1500849,129.0694985,2025-10-31,5266,21,부산광역시,부산BIS
BSB164290302,부산마케팅고등학교,35.15008435,129.0692747,2025-10-31,,21,부산광역시,부산BIS
BSB164290401,성북초등학교,35.15009508,129.067177,2025-10-31,5264,21,부산광역시,부산BIS
BSB171630102,영도경찰서,35.09280445,129.0376312,2025-10-31,4013,21,부산광역시,부산BIS
BSB171650101,해양대대학본부,35.07495266,129.0874941,2025-10-31,,21,부산광역시,부산BIS
BSB171650102,해양대해사대학관,35.07568002,129.0886526,2025-10-31,,21,부산광역시,부산BIS
BSB171650103,해양대구본관,35.0765318,129.0878085,2025-10-31,,21,부산광역시,부산BIS
BSB171650201,해양대방파제입구,35.07452545,129.0858326,2025-10-31,,21,부산광역시,부산BIS
BSB171660101,LG디스커버리랩,35.16956819,129.0501659,2025-10-31,5051,21,부산광역시,부산BIS
BSB171660102,LG디스커버리랩,35.169995,129.0500617,2025-10-31,,21,부산광역시,부산BIS
BSB171660103,세동한신아파트,35.17219407,129.0495,2025-10-31,,21,부산광역시,부산BIS
BSB171660201,성곡시장,35.17419328,129.0486517,2025-10-31,,21,부산광역시,부산BIS
BSB171660301,성곡시장,35.17449628,129.0491021,2025-10-31,5048,21,부산광역시,부산BIS
BSB171660302,삼광사입구,35.17726774,129.048346,2025-10-31,5045,21,부산광역시,부산BIS
BSB171660303,어린이대공원입구,35.18058638,129.0474515,2025-10-31,5043,21,부산광역시,부산BIS
BSB171670101,창곡종합시장,35.17752932,129.04712,2025-10-31,,21,부산광역시,부산BIS
BSB171670201,성곡시장,35.17410513,129.0484689,2025-10-31,,21,부산광역시,부산BIS
BSB171670301,삼광사입구,35.17639933,129.0467,2025-10-31,,21,부산광역시,부산BIS
BSB171680201,어린이대공원,35.18189613,129.0467276,2025-10-31,,21,부산광역시,부산BIS
BSB171680202,초연중학교,35.17927707,129.0466678,2025-10-31,,21,부산광역시,부산BIS
BSB171690101,어린이대공원,35.18210165,129.0474897,2025-10-31,5353,21,부산광역시,부산BIS
BSB171690102,어린이대공원,35.18243851,129.0472925,2025-10-31,,21,부산광역시,부산BIS
BSB171690201,어린이대공원,35.18182294,129.0477187,2025-10-31,5354,21,부산광역시,부산BIS
BSB171690301,어린이대공원입구,35.18109045,129.0470875,2025-10-31,5042,21,부산광역시,부산BIS
BSB171690302,삼광사입구,35.17770541,129.0480164,2025-10-31,5044,21,부산광역시,부산BIS
BSB171690303,성곡시장입구,35.17505105,129.0487438,2025-10-31,5046,21,부산광역시,부산BIS
BSB171690304,성곡시장,35.17388743,129.049066,2025-10-31,5047,21,부산광역시,부산BIS
BSB171690401,어린이대공원,35.18238312,129.0467009,2025-10-31,,21,부산광역시,부산BIS
BSB171690402,초연중학교,35.17944588,129.0463967,2025-10-31,,21,부산광역시,부산BIS
BSB171700104,초읍삼거리,35.18170557,129.049409,2025-10-31,,21,부산광역시,부산BIS
BSB171710201,부산진고교,35.17754553,129.0537369,2025-10-31,5039,21,부산광역시,부산BIS
BSB171710202,연지한신타워,35.17579031,129.0545223,2025-10-31,5299,21,부산광역시,부산BIS
BSB171710301,초읍초등학교,35.18046777,129.0513505,2025-10-31,5040,21,부산광역시,부산BIS
BSB171710302,시민도서관,35.18042426,129.0514213,2025-10-31,,21,부산광역시,부산BIS
BSB171720201,래미안어반파크,35.17325225,129.0547495,2025-10-31,5037,21,부산광역시,부산BIS
BSB171720202,국립부산국악원,35.17164726,129.0548957,2025-10-31,5035,21,부산광역시,부산BIS
BSB171720301,연지청구아파트,35.17624029,129.054748,2025-10-31,5298,21,부산광역시,부산BIS
BSB171720302,부산진고교,35.17824717,129.0536678,2025-10-31,5038,21,부산광역시,부산BIS
BSB171730101,초읍삼거리,35.18209011,129.0498477,2025-10-31,5296,21,부산광역시,부산BIS
BSB171730102,시민도서관,35.18304494,129.0511454,2025-10-31,5070,21,부산광역시,부산BIS
BSB171730103,초읍고개,35.18458785,129.0530007,2025-10-31,13134,21,부산광역시,부산BIS
BSB171730104,개인택시조합,35.18678579,129.0557105,2025-10-31,13132,21,부산광역시,부산BIS
BSB171730105,시민도서관,35.18324388,129.0513496,2025-10-31,,21,부산광역시,부산BIS
BSB171730106,초읍고개,35.18448951,129.0528916,2025-10-31,,21,부산광역시,부산BIS
BSB171730107,개인택시조합,35.18661455,129.0554487,2025-10-31,,21,부산광역시,부산BIS
BSB171730301,초읍삼거리,35.18191647,129.0490502,2025-10-31,5295,21,부산광역시,부산BIS
BSB171730401,연제공용버스차고지,35.1852289,129.0531938,2025-10-31,13179,21,부산광역시,부산BIS
BSB171730402,연제공용버스차고지,35.18577114,129.0537699,2025-10-31,,21,부산광역시,부산BIS
BSB171760201,동원초등학교,35.17208038,129.0328087,2025-10-31,5301,21,부산광역시,부산BIS
BSB171760202,용사촌입구,35.17103902,129.0335446,2025-10-31,5075,21,부산광역시,부산BIS
BSB171760203,동원초등학교,35.17225531,129.0327172,2025-10-31,,21,부산광역시,부산BIS
BSB171760204,용사촌입구,35.17118969,129.0333876,2025-10-31,,21,부산광역시,부산BIS
BSB171760301,선암사입구,35.17363905,129.030649,2025-10-31,5290,21,부산광역시,부산BIS
BSB171760302,백양가족공원,35.1723293,129.0288738,2025-10-31,5288,21,부산광역시,부산BIS
BSB171760303,선암사입구,35.1737253,129.0307728,2025-10-31,,21,부산광역시,부산BIS
BSB171760304,주공사거리,35.17245676,129.0290346,2025-10-31,,21,부산광역시,부산BIS
BSB171790301,부산진구생활문화센터,35.16805068,129.0371246,2025-10-31,5335,21,부산광역시,부산BIS
BSB171800101,미진마트,35.15219034,129.0358445,2025-10-31,5135,21,부산광역시,부산BIS
BSB171800102,가야1치안센터,35.1538997,129.0370674,2025-10-31,5136,21,부산광역시,부산BIS
BSB171800103,가야1치안센터,35.15400778,129.0371639,2025-10-31,,21,부산광역시,부산BIS
BSB171800104,미진마트,35.15192568,129.0356322,2025-10-31,,21,부산광역시,부산BIS
BSB171850201,부암교차로,35.16735253,129.0515079,2025-10-31,5164,21,부산광역시,부산BIS
BSB171850202,고려한방병원,35.16715609,129.0516605,2025-10-31,,21,부산광역시,부산BIS
BSB171860201,삼부아파트,35.16627538,129.0505769,2025-10-31,5162,21,부산광역시,부산BIS
BSB171860202,삼부아파트,35.16633174,129.0505767,2025-10-31,,21,부산광역시,부산BIS
BSB171860301,메리움아파트,35.1638172,129.0506097,2025-10-31,,21,부산광역시,부산BIS
BSB171860401,부암초등학교,35.16358028,129.0498965,2025-10-31,5160,21,부산광역시,부산BIS
BSB171870201,부산진구청정문,35.16318292,129.0525043,2025-10-31,,21,부산광역시,부산BIS
BSB171870301,일성아파트,35.16412388,129.051124,2025-10-31,,21,부산광역시,부산BIS
BSB171880201,부암삼성래미안,35.16671402,129.0387451,2025-10-31,5083,21,부산광역시,부산BIS
BSB171890101,협성피닉스,35.16994193,129.0384898,2025-10-31,5067,21,부산광역시,부산BIS
BSB171890401,협성프라자,35.17070512,129.0380892,2025-10-31,,21,부산광역시,부산BIS
BSB171900301,가야1치안센터,35.15393578,129.0368104,2025-10-31,5137,21,부산광역시,부산BIS
BSB171900302,미진마트,35.15210774,129.0354703,2025-10-31,5007,21,부산광역시,부산BIS
BSB171900303,가야1치안센터,35.15407344,129.0368993,2025-10-31,,21,부산광역시,부산BIS
BSB171900304,미진마트,35.15241993,129.0356919,2025-10-31,,21,부산광역시,부산BIS
BSB171920101,개금주공아파트,35.15942893,129.0315338,2025-10-31,5309,21,부산광역시,부산BIS
BSB171930101,백양로교회앞,35.16422074,129.0316494,2025-10-31,5095,21,부산광역시,부산BIS
BSB171930102,백양로교회,35.16423323,129.0316867,2025-10-31,,21,부산광역시,부산BIS
BSB171940301,개금주공아파트,35.15900789,129.0305283,2025-10-31,5101,21,부산광역시,부산BIS
BSB171940302,개포초등학교,35.15846038,129.0282943,2025-10-31,5102,21,부산광역시,부산BIS
BSB171940401,개금주공아파트,35.15953468,129.0318245,2025-10-31,5151,21,부산광역시,부산BIS
BSB171950101,개포초등학교,35.15803429,129.0282448,2025-10-31,5149,21,부산광역시,부산BIS
BSB171950102,개금주공아파트,35.15874701,129.0312663,2025-10-31,5150,21,부산광역시,부산BIS
BSB171950301,개포초등학교,35.15856003,129.0276255,2025-10-31,,21,부산광역시,부산BIS
BSB171960201,부산진구청,35.16353346,129.0543725,2025-10-31,5165,21,부산광역시,부산BIS
BSB171960202,부산진구청,35.16320496,129.0546346,2025-10-31,,21,부산광역시,부산BIS
BSB171960301,부산진구청,35.16355024,129.0524187,2025-10-31,,21,부산광역시,부산BIS
BSB171960401,부산진구청.시민공원남1문,35.16444832,129.0539629,2025-10-31,5166,21,부산광역시,부산BIS
BSB171960402,부산진구청,35.16458413,129.0538466,2025-10-31,,21,부산광역시,부산BIS
BSB171970101,부산정중앙공원·백양산롯데캐슬,35.16997782,129.036354,2025-10-31,5072,21,부산광역시,부산BIS
BSB171970102,늘푸른교회,35.16997917,129.0365127,2025-10-31,,21,부산광역시,부산BIS
BSB171970301,백양맨션,35.1702209,129.035029,2025-10-31,5286,21,부산광역시,부산BIS
BSB171970302,백양맨션,35.17022669,129.0351909,2025-10-31,,21,부산광역시,부산BIS
BSB171980301,부산정중앙공원·백양산롯데캐슬,35.17020168,129.03637,2025-10-31,5071,21,부산광역시,부산BIS
BSB171980302,늘푸른교회,35.17019509,129.0365345,2025-10-31,,21,부산광역시,부산BIS
BSB172020101,가야공원입구,35.14766383,129.0288708,2025-10-31,5128,21,부산광역시,부산BIS
BSB180700101,대연역,35.13532545,129.0948685,2025-10-31,7015,21,부산광역시,부산BIS
BSB180700102,경성대학교,35.13600957,129.097387,2025-10-31,7014,21,부산광역시,부산BIS
BSB180700103,경성대학교,35.13561749,129.0963507,2025-10-31,,21,부산광역시,부산BIS
BSB180700104,대연동제일은행,35.13525784,129.0945181,2025-10-31,,21,부산광역시,부산BIS
BSB180700105,경성대.부경대역,35.1369453,129.0994235,2025-10-31,,21,부산광역시,부산BIS
BSB180700201,대연사거리(대연역),35.13532052,129.0934069,2025-10-31,7018,21,부산광역시,부산BIS
BSB180700301,대연우체국,35.13563863,129.0933098,2025-10-31,,21,부산광역시,부산BIS
BSB180710101,동부변전소,35.1476794,129.0946104,2025-10-31,7002,21,부산광역시,부산BIS
BSB180710401,경동메르빌,35.14957877,129.0928874,2025-10-31,7017,21,부산광역시,부산BIS
BSB180710402,경동아파트,35.14971559,129.0924729,2025-10-31,,21,부산광역시,부산BIS
BSB180720101,영웅주유소,35.14653267,129.0959829,2025-10-31,,21,부산광역시,부산BIS
BSB180720201,성모병원.대남초등학교입구,35.14760811,129.095258,2025-10-31,7003,21,부산광역시,부산BIS
BSB180740101,대연교회,35.1380472,129.0907682,2025-10-31,7022,21,부산광역시,부산BIS
BSB180740102,대연초등학교,35.13652177,129.0914643,2025-10-31,7021,21,부산광역시,부산BIS
BSB180740103,대연교회,35.13803156,129.0905304,2025-10-31,,21,부산광역시,부산BIS
BSB180740104,대연초등학교,35.13686164,129.091391,2025-10-31,,21,부산광역시,부산BIS
BSB180740301,대연교회,35.1381797,129.0901975,2025-10-31,7023,21,부산광역시,부산BIS
BSB180740302,대연교회,35.13817671,129.0901391,2025-10-31,,21,부산광역시,부산BIS
BSB180750101,경성대.부경대역,35.13751268,129.1006343,2025-10-31,7170,21,부산광역시,부산BIS
BSB180750102,경성대.부경대역,35.13748217,129.1005542,2025-10-31,,21,부산광역시,부산BIS
BSB180750201,경성대학교입구,35.13637681,129.1003691,2025-10-31,7010,21,부산광역시,부산BIS
BSB180750202,부경대대연캠퍼스,35.13234515,129.1010586,2025-10-31,7012,21,부산광역시,부산BIS
BSB180750203,경성대학교입구,35.13622467,129.1004761,2025-10-31,,21,부산광역시,부산BIS
BSB180750204,부경대대연캠퍼스,35.13245902,129.1010496,2025-10-31,,21,부산광역시,부산BIS
BSB180750301,경성대학교,35.13654414,129.097944,2025-10-31,7013,21,부산광역시,부산BIS
BSB180750302,대연역,35.1356259,129.0951632,2025-10-31,7016,21,부산광역시,부산BIS
BSB180750303,경성대학교,35.13652004,129.0978988,2025-10-31,,21,부산광역시,부산BIS
BSB180750304,대연동제일은행,35.13560925,129.0950533,2025-10-31,,21,부산광역시,부산BIS
BSB180790101,낙농마을,35.14507178,129.0980475,2025-10-31,7004,21,부산광역시,부산BIS
BSB180790201,경성대.부경대역,35.13816893,129.1012642,2025-10-31,,21,부산광역시,부산BIS
BSB180790202,경성대학교후문,35.14278524,129.0984874,2025-10-31,,21,부산광역시,부산BIS
BSB180790203,대연롯데캐슬,35.14071388,129.1003735,2025-10-31,,21,부산광역시,부산BIS
BSB180790204,대연삼정그린코아더베스트,35.14432649,129.0976927,2025-10-31,,21,부산광역시,부산BIS
BSB180790401,대남초등학교,35.14673253,129.0962844,2025-10-31,,21,부산광역시,부산BIS
BSB180800101,용호사거리,35.12122627,129.1123662,2025-10-31,7136,21,부산광역시,부산BIS
BSB180800102,이기대입구,35.12327117,129.1125731,2025-10-31,7133,21,부산광역시,부산BIS
BSB180800103,용호3동주민센터,35.12089533,129.1123205,2025-10-31,,21,부산광역시,부산BIS
BSB180800104,이기대입구.용호복지회관,35.12317256,129.1125638,2025-10-31,,21,부산광역시,부산BIS
BSB180800201,용주탕,35.11950138,129.1122895,2025-10-31,,21,부산광역시,부산BIS
BSB180800202,용호중학교,35.11864152,129.1161541,2025-10-31,,21,부산광역시,부산BIS
BSB180800301,용호2동주민센터,35.11582507,129.1108973,2025-10-31,7139,21,부산광역시,부산BIS
BSB180800302,용호사거리,35.11909094,129.1117588,2025-10-31,7138,21,부산광역시,부산BIS
BSB180800303,부산성모병원,35.11230507,129.1108615,2025-10-31,7142,21,부산광역시,부산BIS
BSB180800304,용호사거리,35.11935057,129.1118561,2025-10-31,,21,부산광역시,부산BIS
BSB180800305,용호동우체국,35.11784032,129.1113582,2025-10-31,,21,부산광역시,부산BIS
BSB180800306,용호2동시장,35.11601997,129.1108949,2025-10-31,,21,부산광역시,부산BIS
BSB180800307,용호2동주민센터,35.11446766,129.1108845,2025-10-31,,21,부산광역시,부산BIS
BSB180800308,부산성모병원,35.11243841,129.1108532,2025-10-31,,21,부산광역시,부산BIS
BSB180800401,솔밭공원,35.12023762,129.1097086,2025-10-31,,21,부산광역시,부산BIS
BSB180800402,용호사거리,35.11980906,129.1117176,2025-10-31,,21,부산광역시,부산BIS
BSB180810301,남부경찰서,35.15164598,129.09065,2025-10-31,7155,21,부산광역시,부산BIS
BSB180810302,청구아파트,35.15389482,129.088919,2025-10-31,7156,21,부산광역시,부산BIS
BSB180810303,남부경찰서,35.15172469,129.0906611,2025-10-31,,21,부산광역시,부산BIS
BSB180810304,청구아파트,35.1538644,129.0890219,2025-10-31,,21,부산광역시,부산BIS
BSB180830201,장백아파트,35.14942328,129.0908099,2025-10-31,7160,21,부산광역시,부산BIS
BSB180850201,더비치푸르지오써밋,35.1376772,129.1081011,2025-10-31,7161,21,부산광역시,부산BIS
BSB180850203,더비치푸르지오써밋,35.13773925,129.1080222,2025-10-31,,21,부산광역시,부산BIS
BSB180860201,용호사거리,35.11978078,129.1110216,2025-10-31,,21,부산광역시,부산BIS
BSB180860301,예문여자고등학교,35.1197697,129.1079131,2025-10-31,,21,부산광역시,부산BIS
BSB180870101,경성대.부경대역,35.13837971,129.1024864,2025-10-31,7007,21,부산광역시,부산BIS
BSB180870301,대연푸르지오아파트,35.138525,129.1014276,2025-10-31,,21,부산광역시,부산BIS
BSB180870302,대연힐스테이트푸르지오112동,35.14274015,129.0987496,2025-10-31,,21,부산광역시,부산BIS
BSB180870303,대연힐스테이트푸르지오중문,35.14082126,129.1004938,2025-10-31,,21,부산광역시,부산BIS
BSB180870304,대연삼정그린코아더베스트,35.14430848,129.0979461,2025-10-31,,21,부산광역시,부산BIS
BSB180880201,LG메트로시티,35.13251715,129.1086219,2025-10-31,7175,21,부산광역시,부산BIS
BSB180890101,대천중학교,35.1279612,129.1031637,2025-10-31,7123,21,부산광역시,부산BIS
BSB180890102,대천중학교,35.12791882,129.1030867,2025-10-31,,21,부산광역시,부산BIS
BSB180890201,한국산업인력공단남부지사,35.1271415,129.1015171,2025-10-31,7121,21,부산광역시,부산BIS
BSB180890202,동명대학교정문,35.12275288,129.0990674,2025-10-31,7119,21,부산광역시,부산BIS
BSB180890203,평화공원,35.12623756,129.1008378,2025-10-31,,21,부산광역시,부산BIS
BSB180890204,평화공원,35.12630776,129.1008793,2025-10-31,,21,부산광역시,부산BIS
BSB180900101,동명대학교후문,35.120201,129.0981137,2025-10-31,7113,21,부산광역시,부산BIS
BSB180900102,동명오거리,35.11960773,129.0976041,2025-10-31,,21,부산광역시,부산BIS
BSB180900103,동명대학교후문,35.11968035,129.0976587,2025-10-31,7216,21,부산광역시,부산BIS
BSB180900201,용당동,35.11565552,129.0948786,2025-10-31,7193,21,부산광역시,부산BIS
BSB180900202,부경대용당캠퍼스,35.11796307,129.0957618,2025-10-31,7114,21,부산광역시,부산BIS
BSB180900203,신선대부두입구,35.11380502,129.0954929,2025-10-31,7203,21,부산광역시,부산BIS
BSB180900301,부경대용당캠퍼스정문,35.11855104,129.095933,2025-10-31,,21,부산광역시,부산BIS
BSB180910101,백운포고개,35.10861721,129.1121985,2025-10-31,7073,21,부산광역시,부산BIS
BSB180910102,백운포고개,35.10877122,129.1121461,2025-10-31,,21,부산광역시,부산BIS
BSB180910201,용호동벽산아파트,35.10881226,129.1148363,2025-10-31,,21,부산광역시,부산BIS
BSB180920101,용주탕,35.11938821,129.1136285,2025-10-31,,21,부산광역시,부산BIS
BSB180920102,용호동경동아파트,35.11748414,129.1179447,2025-10-31,,21,부산광역시,부산BIS
BSB180920103,용호중학교,35.11891762,129.1157155,2025-10-31,,21,부산광역시,부산BIS
BSB180930201,삼익아파트,35.15290211,129.0885557,2025-10-31,7157,21,부산광역시,부산BIS
BSB180930202,신원아파트,35.15232979,129.0886582,2025-10-31,7158,21,부산광역시,부산BIS
BSB180930203,삼익아파트,35.15280717,129.0885788,2025-10-31,,21,부산광역시,부산BIS
BSB180930204,신원아파트,35.15224292,129.088668,2025-10-31,,21,부산광역시,부산BIS
BSB180950101,못골시장,35.13483638,129.0887562,2025-10-31,7061,21,부산광역시,부산BIS
BSB180960101,성지교회,35.12544477,129.0767483,2025-10-31,,21,부산광역시,부산BIS
BSB180970201,금릉슈퍼,35.12702958,129.0759452,2025-10-31,,21,부산광역시,부산BIS
BSB180970301,남구선거관리위원회,35.1281415,129.0748176,2025-10-31,,21,부산광역시,부산BIS
BSB180970302,목화빌라삼거리,35.12803828,129.0758364,2025-10-31,,21,부산광역시,부산BIS
BSB180970303,한샘어린이집,35.12846943,129.0745408,2025-10-31,,21,부산광역시,부산BIS
BSB180980301,목화그린빌라,35.12903224,129.0751541,2025-10-31,,21,부산광역시,부산BIS
BSB180990101,신연초등학교후문,35.12936511,129.0770273,2025-10-31,,21,부산광역시,부산BIS
BSB180990102,신연초등학교,35.1285538,129.077364,2025-10-31,,21,부산광역시,부산BIS
BSB190340402,농심,35.09809432,128.8430004,2025-10-31,92458,21,부산광역시,부산BIS
BSB190350201,동아밸브,35.09784651,128.8498012,2025-10-31,12570,21,부산광역시,부산BIS
BSB190350202,동아밸브,35.09785059,128.8496067,2025-10-31,92446,21,부산광역시,부산BIS
BSB190350203,삼창기전,35.0978527,128.8520524,2025-10-31,92447,21,부산광역시,부산BIS
BSB190350401,극동스텐,35.09819018,128.8485464,2025-10-31,,21,부산광역시,부산BIS
BSB190350402,두산정비,35.0980824,128.8451667,2025-10-31,92457,21,부산광역시,부산BIS
BSB190360201,송정마을입구,35.09778087,128.8430446,2025-10-31,,21,부산광역시,부산BIS
BSB190360202,농심,35.09783972,128.8431482,2025-10-31,92444,21,부산광역시,부산BIS
BSB190370301,농심,35.09642422,128.8391392,2025-10-31,12257,21,부산광역시,부산BIS
BSB190370401,화물터미널,35.09808649,128.8387965,2025-10-31,12573,21,부산광역시,부산BIS
BSB190420401,송정방근마을,35.09966565,128.8420388,2025-10-31,92459,21,부산광역시,부산BIS
BSB190420402,송정방근마을,35.09966656,128.8421366,2025-10-31,12498,21,부산광역시,부산BIS
BSB190430101,(구)검문소,35.10147246,128.8396825,2025-10-31,12344,21,부산광역시,부산BIS
BSB190430201,송정방근마을,35.09944979,128.8420496,2025-10-31,92443,21,부산광역시,부산BIS
BSB190430202,송정방근마을,35.09945452,128.8421537,2025-10-31,12497,21,부산광역시,부산BIS
BSB190440301,용원,35.09795032,128.8224259,2025-10-31,12073,21,부산광역시,부산BIS
BSB190480201,태웅스틸,35.09782668,128.8333448,2025-10-31,12576,21,부산광역시,부산BIS
BSB190480202,태웅스틸,35.09782984,128.8332069,2025-10-31,92442,21,부산광역시,부산BIS
BSB190480401,국제휠타사거리,35.09691148,128.8297961,2025-10-31,,21,부산광역시,부산BIS
BSB190480402,국제휠타,35.09709184,128.8300551,2025-10-31,92462,21,부산광역시,부산BIS
BSB190490301,태웅스틸,35.09807852,128.8334065,2025-10-31,12575,21,부산광역시,부산BIS
BSB190490302,태웅스틸,35.09808273,128.8332475,2025-10-31,92461,21,부산광역시,부산BIS
BSB190500301,송정다리,35.09357764,128.8340265,2025-10-31,12189,21,부산광역시,부산BIS
BSB190500302,송정다리,35.09339167,128.834495,2025-10-31,92263,21,부산광역시,부산BIS
BSB190510101,국제휠타사거리,35.09665931,128.8301519,2025-10-31,,21,부산광역시,부산BIS
BSB190510102,국제휠타,35.09676786,128.8300812,2025-10-31,92441,21,부산광역시,부산BIS
BSB190510201,STABILUS,35.09597831,128.8300232,2025-10-31,,21,부산광역시,부산BIS
BSB190510401,국제휠타,35.09679347,128.8294189,2025-10-31,,21,부산광역시,부산BIS
BSB190520201,(주)거보,35.09518235,128.8309756,2025-10-31,12075,21,부산광역시,부산BIS
BSB190520202,매일정기,35.095264,128.831117,2025-10-31,92239,21,부산광역시,부산BIS
BSB190540201,(주)태광본사,35.08949651,128.8329349,2025-10-31,12096,21,부산광역시,부산BIS
BSB190580102,해광테크,35.09459255,128.8274835,2025-10-31,92440,21,부산광역시,부산BIS
BSB190580302,부광산업,35.09632918,128.8244534,2025-10-31,92047,21,부산광역시,부산BIS
BSB190580303,부광산업,35.09624886,128.8245509,2025-10-31,12364,21,부산광역시,부산BIS
BSB190580304,해광테크,35.09446549,128.8267261,2025-10-31,,21,부산광역시,부산BIS
BSB190590201,해광테크,35.09458414,128.8270741,2025-10-31,92463,21,부산광역시,부산BIS
BSB190600201,부광산업,35.09595543,128.8242867,2025-10-31,12363,21,부산광역시,부산BIS
BSB190600202,부광산업,35.09589314,128.824384,2025-10-31,,21,부산광역시,부산BIS
BSB190600203,해광테크,35.09427642,128.8264148,2025-10-31,,21,부산광역시,부산BIS
BSB190610101,우일철강,35.09767567,128.8258547,2025-10-31,12425,21,부산광역시,부산BIS
BSB190650401,영남자동화기계,35.09789403,128.8280796,2025-10-31,12221,21,부산광역시,부산BIS
BSB190660201,영남자동화기계,35.09762276,128.8279754,2025-10-31,12222,21,부산광역시,부산BIS
BSB190660202,영남자동화기계,35.09768333,128.8280333,2025-10-31,92238,21,부산광역시,부산BIS
BSB190660401,영남자동화기계,35.09797,128.827945,2025-10-31,92265,21,부산광역시,부산BIS
BSB190670301,우일철강,35.09788085,128.8256948,2025-10-31,12388,21,부산광역시,부산BIS
BSB190730201,영도산업,35.09950184,128.8256212,2025-10-31,12036,21,부산광역시,부산BIS
BSB190730202,영도산업,35.09946833,128.825815,2025-10-31,92237,21,부산광역시,부산BIS
BSB190730401,풍강산업지원엔텍,35.10049842,128.8239666,2025-10-31,,21,부산광역시,부산BIS
BSB190740401,영도산업,35.09978586,128.8257302,2025-10-31,12223,21,부산광역시,부산BIS
BSB190740402,영도산업,35.099915,128.82548,2025-10-31,92266,21,부산광역시,부산BIS
BSB190830201,송정다리,35.09331695,128.8339804,2025-10-31,12039,21,부산광역시,부산BIS
BSB190830202,송정다리,35.09346167,128.833695,2025-10-31,92240,21,부산광역시,부산BIS
BSB190830301,(주)거보,35.09530671,128.8312629,2025-10-31,12076,21,부산광역시,부산BIS
BSB190830302,매일정기,35.09528833,128.8311267,2025-10-31,92264,21,부산광역시,부산BIS
BSB190850201,서해식품,35.0844518,128.8483337,2025-10-31,92482,21,부산광역시,부산BIS
BSB190850401,백송강재,35.08458958,128.8457297,2025-10-31,92475,21,부산광역시,부산BIS
BSB190850402,부산협동상사,35.0845922,128.8431129,2025-10-31,92476,21,부산광역시,부산BIS
BSB190870301,송정,35.10586025,128.8424762,2025-10-31,12090,21,부산광역시,부산BIS
BSB190880101,송정,35.10516493,128.843185,2025-10-31,12045,21,부산광역시,부산BIS
BSB190900301,(구)검문소,35.10335032,128.8391654,2025-10-31,12345,21,부산광역시,부산BIS
BSB190980201,풍영산업,35.09110029,128.8392264,2025-10-31,12236,21,부산광역시,부산BIS
BSB190980401,풍영산업,35.09170593,128.8397004,2025-10-31,12078,21,부산광역시,부산BIS
BSB190980402,풍영산업사,35.09063398,128.8397031,2025-10-31,,21,부산광역시,부산BIS
BSB191000401,보람공원,35.08914558,128.8478672,2025-10-31,12389,21,부산광역시,부산BIS
BSB191010201,조일산업,35.08765,128.849225,2025-10-31,92483,21,부산광역시,부산BIS
BSB191010301,조일산업,35.087571,128.849221,2025-10-31,92473,21,부산광역시,부산BIS
BSB191030201,빅벤,35.08444114,128.8518615,2025-10-31,,21,부산광역시,부산BIS
BSB191030301,서해식품,35.08460936,128.8489951,2025-10-31,92474,21,부산광역시,부산BIS
BSB191040201,부림특수강,35.08443413,128.843003,2025-10-31,92480,21,부산광역시,부산BIS
BSB191040202,백송강재,35.08442865,128.845339,2025-10-31,92481,21,부산광역시,부산BIS
BSB191070301,경제자유구역청,35.08692454,128.839214,2025-10-31,12079,21,부산광역시,부산BIS
BSB191140201,경제자유구역청,35.08579302,128.8399836,2025-10-31,92478,21,부산광역시,부산BIS
BSB191150101,경제자유구역청,35.08667839,128.8397226,2025-10-31,12056,21,부산광역시,부산BIS
BSB191150102,경제자유구역청,35.08680466,128.8397214,2025-10-31,92206,21,부산광역시,부산BIS
BSB191150201,경제자유무역청,35.08556215,128.8397937,2025-10-31,,21,부산광역시,부산BIS
BSB191180201,보람공원,35.08877346,128.8474476,2025-10-31,12398,21,부산광역시,부산BIS
BSB191200401,경제자유구역청사거리,35.08912533,128.8387994,2025-10-31,12245,21,부산광역시,부산BIS
BSB191210101,경제자유구역청사거리,35.08875993,128.8387009,2025-10-31,12246,21,부산광역시,부산BIS
BSB191270301,평강농협,35.2133918,128.9471721,2025-10-31,92334,21,부산광역시,부산BIS
BSB191270401,대사리3구,35.21612679,128.9436394,2025-10-31,12009,21,부산광역시,부산BIS
BSB191270402,(구)국립농산물품질관리원,35.21708395,128.9407366,2025-10-31,12010,21,부산광역시,부산BIS
BSB191270403,대사리3구,35.21603013,128.9438818,2025-10-31,92228,21,부산광역시,부산BIS
BSB191270404,(구)국립농산물품질관리원,35.21706263,128.9408079,2025-10-31,92229,21,부산광역시,부산BIS
BSB191280101,(구)국립농산물품질관리원,35.21678019,128.9405347,2025-10-31,12013,21,부산광역시,부산BIS
BSB191280102,대사리3구,35.21585386,128.943303,2025-10-31,12014,21,부산광역시,부산BIS
BSB191280103,(구)국립농산물품질관리원,35.21681945,128.9404668,2025-10-31,92216,21,부산광역시,부산BIS
BSB191280104,대사리3구,35.21583045,128.9433924,2025-10-31,92217,21,부산광역시,부산BIS
BSB191280201,강동동행정복지센터,35.21424998,128.9355759,2025-10-31,92181,21,부산광역시,부산BIS
BSB191280202,농협공판장,35.21135223,128.9337743,2025-10-31,92182,21,부산광역시,부산BIS
BSB191280203,핏대섬새동네,35.20771374,128.9315715,2025-10-31,92183,21,부산광역시,부산BIS
BSB191280204,딴치,35.20357661,128.9290571,2025-10-31,92184,21,부산광역시,부산BIS
BSB191280205,신덕복지회관,35.20112021,128.9275965,2025-10-31,92185,21,부산광역시,부산BIS
BSB191280206,강동치안센터,35.21621949,128.9367707,2025-10-31,,21,부산광역시,부산BIS
BSB164290402,성북초등학교,35.15006378,129.0670779,2025-10-31,,21,부산광역시,부산BIS
BSB164290501,지오플레이스,35.15039138,129.0643478,2025-10-31,5225,21,부산광역시,부산BIS
BSB164300201,경남공고,35.1528676,129.0622701,2025-10-31,5279,21,부산광역시,부산BIS
BSB164300202,경남공업고등학교,35.15295788,129.0622733,2025-10-31,,21,부산광역시,부산BIS
BSB164300401,부전도서관,35.15499546,129.0624361,2025-10-31,5281,21,부산광역시,부산BIS
BSB164310101,동성고교,35.15175785,129.0682891,2025-10-31,5263,21,부산광역시,부산BIS
BSB164310102,동성고등학교,35.15162894,129.0682941,2025-10-31,,21,부산광역시,부산BIS
BSB164310103,부산진여자중학교,35.15324134,129.0682755,2025-10-31,,21,부산광역시,부산BIS
BSB164310201,부산은행(전포역),35.15458588,129.0659402,2025-10-31,,21,부산광역시,부산BIS
BSB164310202,전포1동주민센터,35.15459706,129.0675789,2025-10-31,,21,부산광역시,부산BIS
BSB164310301,전포고개,35.15584833,129.0683633,2025-10-31,5261,21,부산광역시,부산BIS
BSB164320101,(구)대우자동차,35.15767301,129.0667375,2025-10-31,5258,21,부산광역시,부산BIS
BSB164320201,전포사거리,35.15660238,129.0650703,2025-10-31,5257,21,부산광역시,부산BIS
BSB164320301,(구)NC서면점,35.15788602,129.0630348,2025-10-31,5358,21,부산광역시,부산BIS
BSB164320302,(구)NC서면점,35.15789149,129.062925,2025-10-31,,21,부산광역시,부산BIS
BSB164320303,전포사거리,35.1581946,129.0650668,2025-10-31,,21,부산광역시,부산BIS
BSB164330101,부산진여자중학교,35.15531042,129.068216,2025-10-31,5260,21,부산광역시,부산BIS
BSB164330301,(구)대우자동차,35.15824,129.06819,2025-10-31,5254,21,부산광역시,부산BIS
BSB164340101,NC서면점,35.15767124,129.0630806,2025-10-31,5253,21,부산광역시,부산BIS
BSB164340102,(구)NC서면점,35.15766551,129.0629357,2025-10-31,,21,부산광역시,부산BIS
BSB164340201,부전도서관,35.15579376,129.0622394,2025-10-31,5278,21,부산광역시,부산BIS
BSB164340401,전포초등학교,35.15999348,129.0624276,2025-10-31,5251,21,부산광역시,부산BIS
BSB164340402,전포초등학교,35.15973673,129.0624271,2025-10-31,5252,21,부산광역시,부산BIS
BSB164340403,전포초등학교,35.15889322,129.0624295,2025-10-31,,21,부산광역시,부산BIS
BSB164350201,전포어린이놀이터,35.15974112,129.0669411,2025-10-31,5338,21,부산광역시,부산BIS
BSB164350202,전포어린이놀이터,35.15952566,129.0672766,2025-10-31,,21,부산광역시,부산BIS
BSB164350401,전포초등학교,35.16110858,129.0641093,2025-10-31,,21,부산광역시,부산BIS
BSB164360101,부전시장,35.16222366,129.0582076,2025-10-31,5297,21,부산광역시,부산BIS
BSB164360102,동해선부전역,35.16344296,129.0611246,2025-10-31,5284,21,부산광역시,부산BIS
BSB164360201,부전시장입구,35.15942737,129.0575851,2025-10-31,5188,21,부산광역시,부산BIS
BSB164360202,국민은행,35.15927102,129.0577025,2025-10-31,,21,부산광역시,부산BIS
BSB164360203,부전시장,35.16056828,129.0566465,2025-10-31,,21,부산광역시,부산BIS
BSB164360401,부전시장,35.16169657,129.0561416,2025-10-31,,21,부산광역시,부산BIS
BSB164370101,부산시민공원,35.16415874,129.0624059,2025-10-31,,21,부산광역시,부산BIS
BSB164370201,부전역,35.16236539,129.0618335,2025-10-31,5010,21,부산광역시,부산BIS
BSB164380101,부산은행,35.16392788,129.0635922,2025-10-31,,21,부산광역시,부산BIS
BSB164380301,새마을금고,35.16475298,129.062569,2025-10-31,,21,부산광역시,부산BIS
BSB164390201,양정대원칸타빌,35.17144606,129.0671752,2025-10-31,5026,21,부산광역시,부산BIS
BSB164390202,대원칸타빌아파트,35.17168525,129.0671863,2025-10-31,,21,부산광역시,부산BIS
BSB164390401,현대아파트209동,35.17213766,129.0656687,2025-10-31,,21,부산광역시,부산BIS
BSB164390402,현대아파트213동,35.17212979,129.0666583,2025-10-31,,21,부산광역시,부산BIS
BSB164400201,(구)대우자동차,35.15814676,129.0680539,2025-10-31,5339,21,부산광역시,부산BIS
BSB164400301,전포동어린이놀이터,35.15956833,129.067345,2025-10-31,,21,부산광역시,부산BIS
BSB164400302,전포어린이놀이터,35.15956679,129.0675501,2025-10-31,,21,부산광역시,부산BIS
BSB164420501,부전시장입구,35.15902619,129.0582699,2025-10-31,5186,21,부산광역시,부산BIS
BSB164450101,서면부속상가,35.15765496,129.0610211,2025-10-31,5277,21,부산광역시,부산BIS
BSB164450102,햇님공원,35.10376907,128.9606274,2025-10-31,10246,21,부산광역시,부산BIS
BSB164460102,(구)양정육교,35.17047543,129.0695093,2025-10-31,,21,부산광역시,부산BIS
BSB164460103,양정역,35.17254604,129.0711211,2025-10-31,,21,부산광역시,부산BIS
BSB164470101,부산시민공원,35.16588827,129.0613979,2025-10-31,,21,부산광역시,부산BIS
BSB164470102,범전치안센터,35.16647887,129.0626499,2025-10-31,,21,부산광역시,부산BIS
BSB164470201,동해선부전역,35.16457052,129.0623605,2025-10-31,5171,21,부산광역시,부산BIS
BSB164470202,새마을금고,35.16462272,129.0622804,2025-10-31,,21,부산광역시,부산BIS
BSB164480101,한신아파트,35.16249608,129.0655907,2025-10-31,,21,부산광역시,부산BIS
BSB164490301,롯데캐슬,35.16307224,129.0640455,2025-10-31,,21,부산광역시,부산BIS
BSB164520103,쥬디스태화,35.15473232,129.0593428,2025-10-31,,21,부산광역시,부산BIS
BSB164530101,부산여자대학교정문,35.16901861,129.071079,2025-10-31,,21,부산광역시,부산BIS
BSB164530102,성모여자고등학교,35.16839773,129.0705825,2025-10-31,,21,부산광역시,부산BIS
BSB164530501,동의과학대사거리,35.16801632,129.0701704,2025-10-31,,21,부산광역시,부산BIS
BSB164530502,양정하이츠아파트,35.16682744,129.069945,2025-10-31,,21,부산광역시,부산BIS
BSB164540101,동의의료원사거리,35.17174838,129.0742742,2025-10-31,,21,부산광역시,부산BIS
BSB164540102,양정성당,35.17111353,129.07276,2025-10-31,,21,부산광역시,부산BIS
BSB164540201,양정성당,35.17128275,129.0726048,2025-10-31,,21,부산광역시,부산BIS
BSB164540202,부산진여자상업고등학교,35.1706207,129.0720918,2025-10-31,,21,부산광역시,부산BIS
BSB164550101,동의의료원,35.17020478,129.0764302,2025-10-31,,21,부산광역시,부산BIS
BSB164550201,부산진여자고등학교,35.17021621,129.0751765,2025-10-31,,21,부산광역시,부산BIS
BSB164550202,양정자이더샵SK뷰2.3단지,35.17144359,129.0749095,2025-10-31,,21,부산광역시,부산BIS
BSB164560101,전포고개,35.15185939,129.0715241,2025-10-31,5272,21,부산광역시,부산BIS
BSB164560103,전포고개,35.15160248,129.0713786,2025-10-31,,21,부산광역시,부산BIS
BSB164560104,전포삼거리,35.15318954,129.0719062,2025-10-31,,21,부산광역시,부산BIS
BSB164560201,부산마케팅고등학교,35.15059335,129.0690121,2025-10-31,5267,21,부산광역시,부산BIS
BSB164560202,부산마케팅고등학교,35.15058569,129.06911,2025-10-31,,21,부산광역시,부산BIS
BSB164570101,전포삼거리,35.1536011,129.0719262,2025-10-31,5274,21,부산광역시,부산BIS
BSB164570102,전포아파트,35.15595992,129.0715635,2025-10-31,5313,21,부산광역시,부산BIS
BSB164570103,전포아파트,35.1560393,129.0715252,2025-10-31,,21,부산광역시,부산BIS
BSB164570201,문현현대2차아파트,35.14777291,129.0742136,2025-10-31,,21,부산광역시,부산BIS
BSB164570202,전포고개,35.15072293,129.0731463,2025-10-31,,21,부산광역시,부산BIS
BSB164570203,남부산교회,35.15255363,129.0724597,2025-10-31,,21,부산광역시,부산BIS
BSB164570301,전포삼거리,35.15338153,129.0717045,2025-10-31,5273,21,부산광역시,부산BIS
BSB164570302,전포고개,35.15163678,129.0711364,2025-10-31,5271,21,부산광역시,부산BIS
BSB164570303,전포고개,35.15172082,129.0711912,2025-10-31,,21,부산광역시,부산BIS
BSB164570304,전포삼거리,35.15326512,129.0717139,2025-10-31,,21,부산광역시,부산BIS
BSB164580201,전포아파트,35.15522761,129.0715829,2025-10-31,5275,21,부산광역시,부산BIS
BSB164580202,전포아파트,35.15511296,129.0716004,2025-10-31,,21,부산광역시,부산BIS
BSB164580301,파티마의원,35.15690581,129.0711571,2025-10-31,5322,21,부산광역시,부산BIS
BSB164580401,파티마의원,35.15701409,129.0710855,2025-10-31,,21,부산광역시,부산BIS
BSB164580402,협성아파트,35.15792072,129.0710313,2025-10-31,,21,부산광역시,부산BIS
BSB164600201,부전시장입구,35.16047655,129.0554962,2025-10-31,,21,부산광역시,부산BIS
BSB164600202,영광도서,35.1584994,129.0574479,2025-10-31,,21,부산광역시,부산BIS
BSB164620301,네오스포,35.15306558,129.053985,2025-10-31,5064,21,부산광역시,부산BIS
BSB164620303,부암역.부산도시공사,35.15598519,129.0512762,2025-10-31,5344,21,부산광역시,부산BIS
BSB164630302,서면역.롯데호텔백화점,35.15785695,129.0557802,2025-10-31,5190,21,부산광역시,부산BIS
BSB164630304,롯데호텔백화점.서면역,35.15785765,129.0554305,2025-10-31,,21,부산광역시,부산BIS
BSB164640301,서면시장,35.15610907,129.0576696,2025-10-31,5236,21,부산광역시,부산BIS
BSB164650201,서면복개로,35.15389953,129.0576908,2025-10-31,5234,21,부산광역시,부산BIS
BSB164650301,롯데호텔백화점.서면역,35.15707778,129.0579028,2025-10-31,5237,21,부산광역시,부산BIS
BSB172020401,진성아파트,35.14884146,129.0264654,2025-10-31,5127,21,부산광역시,부산BIS
BSB172030301,벽산아파트,35.14771413,129.0236104,2025-10-31,5124,21,부산광역시,부산BIS
BSB172050201,한국신발관,35.1578437,129.0256885,2025-10-31,5103,21,부산광역시,부산BIS
BSB172050202,한국신발관,35.1577992,129.0255784,2025-10-31,,21,부산광역시,부산BIS
BSB172060101,개금3동주민센터,35.15589958,129.0233092,2025-10-31,5147,21,부산광역시,부산BIS
BSB172060301,신개금엘지아파트,35.15486249,129.0194834,2025-10-31,5106,21,부산광역시,부산BIS
BSB172060302,신개금LG아파트,35.15483779,129.0193584,2025-10-31,,21,부산광역시,부산BIS
BSB172060401,개금3동주민센터,35.15594582,129.0233789,2025-10-31,,21,부산광역시,부산BIS
BSB172070101,한국신발관,35.15730198,129.0254802,2025-10-31,5148,21,부산광역시,부산BIS
BSB172070102,주택공사,35.15744977,129.0257956,2025-10-31,,21,부산광역시,부산BIS
BSB172070201,개금3동주민센터,35.15614576,129.0230068,2025-10-31,5104,21,부산광역시,부산BIS
BSB172080101,부암역,35.15666741,129.0483454,2025-10-31,5195,21,부산광역시,부산BIS
BSB172080201,CBS방송국,35.15275808,129.0495478,2025-10-31,5196,21,부산광역시,부산BIS
BSB172100101,연지일동아파트,35.16960657,129.0523903,2025-10-31,5053,21,부산광역시,부산BIS
BSB172100201,부암교차로,35.16695211,129.0514901,2025-10-31,5163,21,부산광역시,부산BIS
BSB172100202,고려한방병원,35.16670982,129.0516701,2025-10-31,,21,부산광역시,부산BIS
BSB172100301,부암교차로,35.16680569,129.0501516,2025-10-31,5161,21,부산광역시,부산BIS
BSB172100302,부암교차로,35.16696048,129.0501682,2025-10-31,,21,부산광역시,부산BIS
BSB172100401,부암고가교,35.16794623,129.0497246,2025-10-31,5055,21,부산광역시,부산BIS
BSB172100402,부암교차로,35.16805192,129.0498368,2025-10-31,,21,부산광역시,부산BIS
BSB172100501,부산시설공단,35.17161211,129.0498486,2025-10-31,5050,21,부산광역시,부산BIS
BSB172100502,부산시설공단,35.17113082,129.0499595,2025-10-31,,21,부산광역시,부산BIS
BSB172110301,골목시장,35.15116361,129.024353,2025-10-31,5143,21,부산광역시,부산BIS
BSB172110302,가야2동새마을금고,35.15120524,129.0291505,2025-10-31,5141,21,부산광역시,부산BIS
BSB172110303,(구)개금1치안센터,35.15049666,129.0211068,2025-10-31,5115,21,부산광역시,부산BIS
BSB172110401,가야지구대,35.15290586,129.0298487,2025-10-31,5138,21,부산광역시,부산BIS
BSB172120101,개금역,35.15175008,129.0204209,2025-10-31,5114,21,부산광역시,부산BIS
BSB172120102,개금변전소,35.15041318,129.0202813,2025-10-31,,21,부산광역시,부산BIS
BSB172120103,개금역,35.15166814,129.0204127,2025-10-31,,21,부산광역시,부산BIS
BSB172120201,골목시장,35.15088673,129.02493,2025-10-31,5142,21,부산광역시,부산BIS
BSB172120202,(구)개금1치안센터,35.15016556,129.0208646,2025-10-31,5116,21,부산광역시,부산BIS
BSB172120203,가야2동새마을금고,35.15097583,129.0294892,2025-10-31,5140,21,부산광역시,부산BIS
BSB172130101,당감시장,35.16641447,129.0414151,2025-10-31,5306,21,부산광역시,부산BIS
BSB172140101,백양맨션,35.17001755,129.0352652,2025-10-31,5287,21,부산광역시,부산BIS
BSB172140102,백양맨션,35.17001591,129.0353997,2025-10-31,,21,부산광역시,부산BIS
BSB172140301,청수탕,35.1699181,129.034635,2025-10-31,5181,21,부산광역시,부산BIS
BSB172140501,용사촌입구,35.17118529,129.0337403,2025-10-31,5074,21,부산광역시,부산BIS
BSB172140502,동원초등학교,35.1721579,129.0330759,2025-10-31,5302,21,부산광역시,부산BIS
BSB172140503,동원초등학교,35.17233674,129.0329662,2025-10-31,,21,부산광역시,부산BIS
BSB172140504,용사촌입구,35.1712987,129.0336043,2025-10-31,,21,부산광역시,부산BIS
BSB172160301,태우선파크APT,35.16739306,129.0328788,2025-10-31,5346,21,부산광역시,부산BIS
BSB172160401,당감백산아파트,35.16930592,129.033014,2025-10-31,5078,21,부산광역시,부산BIS
BSB172160402,개성고등학교,35.17031162,129.0318279,2025-10-31,5300,21,부산광역시,부산BIS
BSB172170201,개포초등학교,35.15866666,129.027252,2025-10-31,,21,부산광역시,부산BIS
BSB172170301,개원초등학교,35.16540541,129.0287831,2025-10-31,,21,부산광역시,부산BIS
BSB172170302,도개공103동,35.16361784,129.0248613,2025-10-31,,21,부산광역시,부산BIS
BSB172170303,도개공112동,35.16268065,129.0258589,2025-10-31,,21,부산광역시,부산BIS
BSB172170304,동원화인아파트,35.16386003,129.0273528,2025-10-31,,21,부산광역시,부산BIS
BSB172170305,삼환아파트,35.16243439,129.0236665,2025-10-31,,21,부산광역시,부산BIS
BSB172170306,우성상가,35.16019146,129.0269181,2025-10-31,,21,부산광역시,부산BIS
BSB172170307,한진아파트,35.16138191,129.0256444,2025-10-31,,21,부산광역시,부산BIS
BSB172180201,화인아파트,35.16534092,129.0288186,2025-10-31,5098,21,부산광역시,부산BIS
BSB172180301,개원초등학교,35.16549134,129.0280869,2025-10-31,,21,부산광역시,부산BIS
BSB172180302,도개공103동,35.16366198,129.0250206,2025-10-31,,21,부산광역시,부산BIS
BSB172180303,도개공115동,35.16287805,129.026278,2025-10-31,,21,부산광역시,부산BIS
BSB172180304,동원화인아파트,35.16386655,129.0271775,2025-10-31,,21,부산광역시,부산BIS
BSB172180305,삼환아파트,35.16231095,129.0237013,2025-10-31,,21,부산광역시,부산BIS
BSB172180306,우성상가,35.16003676,129.0266911,2025-10-31,,21,부산광역시,부산BIS
BSB172180307,한진아파트,35.16146182,129.025291,2025-10-31,,21,부산광역시,부산BIS
BSB172180401,국제백양아파트,35.16877011,129.0274837,2025-10-31,5025,21,부산광역시,부산BIS
BSB172180402,개원초등학교,35.16618027,129.0288223,2025-10-31,5096,21,부산광역시,부산BIS
BSB172180403,국제백양아파트,35.16634479,129.0287151,2025-10-31,,21,부산광역시,부산BIS
BSB172180404,국제백양아파트앞,35.168703,129.0275281,2025-10-31,,21,부산광역시,부산BIS
BSB172220101,태을의원,35.1652329,129.0385907,2025-10-31,5089,21,부산광역시,부산BIS
BSB172220102,태을의원,35.16523082,129.0385617,2025-10-31,,21,부산광역시,부산BIS
BSB172220301,개성고등학교입구,35.16504845,129.0342437,2025-10-31,5092,21,부산광역시,부산BIS
BSB172220302,당감주유소,35.16505091,129.0343187,2025-10-31,,21,부산광역시,부산BIS
BSB172240101,진양교차로,35.16232841,129.0466554,2025-10-31,5156,21,부산광역시,부산BIS
BSB172240102,진양교차로,35.16191865,129.0484321,2025-10-31,5158,21,부산광역시,부산BIS
BSB172250101,당감1치안센터,35.16199136,129.0428052,2025-10-31,5154,21,부산광역시,부산BIS
BSB172270301,백병원입구,35.14829828,129.0198773,2025-10-31,5117,21,부산광역시,부산BIS
BSB172270302,개금시장,35.14835906,129.0173295,2025-10-31,5325,21,부산광역시,부산BIS
BSB172270303,개금시장,35.14836268,129.0172561,2025-10-31,,21,부산광역시,부산BIS
BSB172270304,백병원입구,35.14829314,129.0196931,2025-10-31,,21,부산광역시,부산BIS
BSB172280101,부산백병원,35.1465946,129.0199656,2025-10-31,,21,부산광역시,부산BIS
BSB172280102,성황리마트,35.14733383,129.0201658,2025-10-31,,21,부산광역시,부산BIS
BSB172280301,부산백병원,35.14634698,129.0196389,2025-10-31,,21,부산광역시,부산BIS
BSB172300101,신개금엘지아파트,35.15450149,129.0192993,2025-10-31,5107,21,부산광역시,부산BIS
BSB172300102,신개금LG아파트,35.15434321,129.0186919,2025-10-31,,21,부산광역시,부산BIS
BSB172300201,신주례엘지아파트,35.15383443,129.0157336,2025-10-31,15109,21,부산광역시,부산BIS
BSB172300202,신주례LG1차아파트106동,35.15382903,129.0156425,2025-10-31,,21,부산광역시,부산BIS
BSB172310101,개금역.개금초등학교,35.15411755,129.0213317,2025-10-31,5146,21,부산광역시,부산BIS
BSB172310102,개금역.개금초등학교,35.1542554,129.0214341,2025-10-31,,21,부산광역시,부산BIS
BSB172310301,개금역,35.15223776,129.0201777,2025-10-31,5113,21,부산광역시,부산BIS
BSB172310302,개금변전소,35.15067204,129.020017,2025-10-31,,21,부산광역시,부산BIS
BSB172310303,개금역,35.151916,129.0201451,2025-10-31,,21,부산광역시,부산BIS
BSB172340101,부암초등학교,35.16305905,129.0503443,2025-10-31,5159,21,부산광역시,부산BIS
BSB172340301,진양교차로,35.16255012,129.0481453,2025-10-31,5157,21,부산광역시,부산BIS
BSB172340302,당감1치안센터,35.16267131,129.0438354,2025-10-31,5155,21,부산광역시,부산BIS
BSB172340303,진양교차로,35.16283369,129.0466645,2025-10-31,5340,21,부산광역시,부산BIS
BSB172360101,개성고등학교입구,35.16485347,129.0347962,2025-10-31,5093,21,부산광역시,부산BIS
BSB172360102,당감주유소,35.16483823,129.0347053,2025-10-31,,21,부산광역시,부산BIS
BSB172360301,백양로교회앞,35.16437451,129.0313332,2025-10-31,5094,21,부산광역시,부산BIS
BSB172360302,백양로교회,35.16444056,129.0314325,2025-10-31,,21,부산광역시,부산BIS
BSB180990201,포부대,35.13006154,129.0764438,2025-10-31,,21,부산광역시,부산BIS
BSB181000201,신연초등학교후문,35.12948943,129.0771347,2025-10-31,,21,부산광역시,부산BIS
BSB181000202,신연초등학교,35.12850135,129.0775688,2025-10-31,,21,부산광역시,부산BIS
BSB181010101,현대석유,35.13107424,129.0769819,2025-10-31,,21,부산광역시,부산BIS
BSB181010201,대성주택11동,35.13087327,129.076051,2025-10-31,,21,부산광역시,부산BIS
BSB181010202,수정사,35.13074663,129.0756675,2025-10-31,,21,부산광역시,부산BIS
BSB181020101,대성주택,35.13186819,129.0767945,2025-10-31,,21,부산광역시,부산BIS
BSB181020102,호명사,35.1312667,129.076231,2025-10-31,,21,부산광역시,부산BIS
BSB181020201,대성주택11동,35.13079627,129.076126,2025-10-31,,21,부산광역시,부산BIS
BSB181020202,수정사,35.13086662,129.0753872,2025-10-31,,21,부산광역시,부산BIS
BSB181030101,우성아파트,35.13285671,129.0779094,2025-10-31,,21,부산광역시,부산BIS
BSB181030102,탑마트,35.13306226,129.078398,2025-10-31,,21,부산광역시,부산BIS
BSB181030201,대성주택,35.13189676,129.0765377,2025-10-31,,21,부산광역시,부산BIS
BSB181030202,우성아파트,35.13221106,129.0768532,2025-10-31,,21,부산광역시,부산BIS
BSB181030203,호명사,35.13145826,129.0761248,2025-10-31,,21,부산광역시,부산BIS
BSB181050201,청호탕,35.13396283,129.0770724,2025-10-31,,21,부산광역시,부산BIS
BSB181070101,현대석유,35.13101949,129.0771197,2025-10-31,,21,부산광역시,부산BIS
BSB181090301,부산공업고등학교사거리,35.1298908,129.0898944,2025-10-31,,21,부산광역시,부산BIS
BSB181100101,동성하이타운,35.13343817,129.0880271,2025-10-31,,21,부산광역시,부산BIS
BSB181170101,동원로얄듀크아파트,35.13599592,129.0869592,2025-10-31,,21,부산광역시,부산BIS
BSB181200201,부산세무고등학교,35.13783288,129.0869323,2025-10-31,,21,부산광역시,부산BIS
BSB181210101,대우아파트,35.15099801,129.0891152,2025-10-31,7159,21,부산광역시,부산BIS
BSB181210102,대우아파트,35.15084528,129.0891861,2025-10-31,,21,부산광역시,부산BIS
BSB181230101,부산예술대학,35.14183969,129.0866396,2025-10-31,,21,부산광역시,부산BIS
BSB181240301,부산예술대학,35.1419527,129.0869522,2025-10-31,,21,부산광역시,부산BIS
BSB181300101,SK뷰아파트104동,35.10466121,129.1184121,2025-10-31,,21,부산광역시,부산BIS
BSB181300102,해군예비군훈련장,35.10774206,129.1172465,2025-10-31,,21,부산광역시,부산BIS
BSB181300301,부산해군회관,35.10457796,129.1166453,2025-10-31,,21,부산광역시,부산BIS
BSB181350101,솔개삼거리,35.11361987,129.0835741,2025-10-31,,21,부산광역시,부산BIS
BSB181350102,현대1차아파트,35.11289252,129.0823687,2025-10-31,,21,부산광역시,부산BIS
BSB181350201,현대아파트,35.11136743,129.0824239,2025-10-31,7207,21,부산광역시,부산BIS
BSB181350301,감만동,35.11557718,129.0815443,2025-10-31,7089,21,부산광역시,부산BIS
BSB181350401,동항초등학교,35.11459627,129.0817438,2025-10-31,7208,21,부산광역시,부산BIS
BSB181360101,감만시장,35.11598676,129.0815261,2025-10-31,,21,부산광역시,부산BIS
BSB181360201,감만동,35.11574454,129.0815006,2025-10-31,7201,21,부산광역시,부산BIS
BSB181360301,감만시장,35.11703389,129.0811713,2025-10-31,7088,21,부산광역시,부산BIS
BSB181370201,현대오일뱅크,35.11029783,129.0880225,2025-10-31,7205,21,부산광역시,부산BIS
BSB181380201,성도맨션,35.11234589,129.0864767,2025-10-31,,21,부산광역시,부산BIS
BSB181410101,부경대용당캠퍼스,35.11286485,129.0864033,2025-10-31,,21,부산광역시,부산BIS
BSB181410301,부경대용당캠퍼스,35.11461126,129.0874802,2025-10-31,,21,부산광역시,부산BIS
BSB181410302,유창그린아파트,35.11501398,129.0871265,2025-10-31,,21,부산광역시,부산BIS
BSB181420101,해양맨션,35.11310403,129.0849481,2025-10-31,,21,부산광역시,부산BIS
BSB181440201,유창그린아파트,35.11487804,129.0870879,2025-10-31,,21,부산광역시,부산BIS
BSB181450101,평화탕,35.11642033,129.0840216,2025-10-31,,21,부산광역시,부산BIS
BSB181460101,이원아파트,35.11680808,129.0857081,2025-10-31,,21,부산광역시,부산BIS
BSB181460201,감만시장,35.11628099,129.082729,2025-10-31,,21,부산광역시,부산BIS
BSB181460202,평화탕,35.1167128,129.0845127,2025-10-31,,21,부산광역시,부산BIS
BSB181480101,이원맨션,35.1171284,129.0857163,2025-10-31,,21,부산광역시,부산BIS
BSB181480201,동항중학교,35.11861339,129.0843803,2025-10-31,,21,부산광역시,부산BIS
BSB181480202,동항중학교아랫골목,35.1178037,129.0848007,2025-10-31,,21,부산광역시,부산BIS
BSB181490101,한림맨션,35.11946732,129.0849904,2025-10-31,,21,부산광역시,부산BIS
BSB181490201,동항중학교,35.11882416,129.084117,2025-10-31,,21,부산광역시,부산BIS
BSB181490202,동항중학교아랫골목,35.11806559,129.0845285,2025-10-31,,21,부산광역시,부산BIS
BSB181500301,대유그린빌,35.11999029,129.0861221,2025-10-31,,21,부산광역시,부산BIS
BSB181540201,안전가스상사,35.12066473,129.0864377,2025-10-31,,21,부산광역시,부산BIS
BSB181540301,한림맨션,35.11972642,129.0850561,2025-10-31,,21,부산광역시,부산BIS
BSB181550101,대유그린빌라,35.12037496,129.086242,2025-10-31,,21,부산광역시,부산BIS
BSB181550201,국제아파트,35.12181073,129.086193,2025-10-31,,21,부산광역시,부산BIS
BSB181560201,자유5차아파트,35.12261896,129.0858519,2025-10-31,,21,부산광역시,부산BIS
BSB181570201,백운포고개,35.10852072,129.111922,2025-10-31,7072,21,부산광역시,부산BIS
BSB181570202,백운포고개,35.1090608,129.1117404,2025-10-31,,21,부산광역시,부산BIS
BSB181570301,부산성모병원,35.11202105,129.1111283,2025-10-31,7008,21,부산광역시,부산BIS
BSB181570302,용호2동주민센터,35.1151221,129.1111589,2025-10-31,7141,21,부산광역시,부산BIS
BSB181570303,용호2동주민센터,35.11574831,129.111164,2025-10-31,7140,21,부산광역시,부산BIS
BSB181570304,용호사거리,35.11893631,129.1120039,2025-10-31,7137,21,부산광역시,부산BIS
BSB181570305,부산성모병원,35.11124981,129.1112362,2025-10-31,,21,부산광역시,부산BIS
BSB181570306,용호2동주민센터,35.11393361,129.1111505,2025-10-31,,21,부산광역시,부산BIS
BSB181570307,용호2동시장,35.1156273,129.11116,2025-10-31,,21,부산광역시,부산BIS
BSB181570308,용호동우체국,35.11752919,129.1115412,2025-10-31,,21,부산광역시,부산BIS
BSB181570309,용호동사거리,35.11850417,129.1118678,2025-10-31,,21,부산광역시,부산BIS
BSB181640101,연포초등학교,35.13838185,129.0813595,2025-10-31,7187,21,부산광역시,부산BIS
BSB181640102,해연중학교,35.13821791,129.0822605,2025-10-31,,21,부산광역시,부산BIS
BSB181640201,대연롯데캐슬레전드후문,35.1385604,129.080725,2025-10-31,,21,부산광역시,부산BIS
BSB181640301,연포초등학교,35.13855302,129.0814881,2025-10-31,7027,21,부산광역시,부산BIS
BSB181650101,마마빌라,35.1381253,129.0776831,2025-10-31,,21,부산광역시,부산BIS
BSB181650102,중앙고등학교,35.13799179,129.0786869,2025-10-31,,21,부산광역시,부산BIS
BSB181660101,대연롯데캐슬레전드후문,35.13841993,129.0807317,2025-10-31,,21,부산광역시,부산BIS
BSB181660102,일산아파트,35.13844367,129.0800564,2025-10-31,,21,부산광역시,부산BIS
BSB181660201,마마빌라,35.1381915,129.077844,2025-10-31,,21,부산광역시,부산BIS
BSB181660202,중앙고등학교,35.13808799,129.0785395,2025-10-31,,21,부산광역시,부산BIS
BSB181660203,일산아파트,35.13851035,129.0794014,2025-10-31,,21,부산광역시,부산BIS
BSB181670201,백운포,35.10453572,129.1125539,2025-10-31,7171,21,부산광역시,부산BIS
BSB181680101,백운포,35.10452498,129.1128735,2025-10-31,7078,21,부산광역시,부산BIS
BSB181690301,유림아파트,35.26211547,129.0168758,2025-10-31,8007,21,부산광역시,부산BIS
BSB181700101,금곡화목아파트,35.2633538,129.0193287,2025-10-31,8006,21,부산광역시,부산BIS
BSB181710101,금곡주공1단지,35.26715898,129.0185996,2025-10-31,8001,21,부산광역시,부산BIS
BSB181710201,금곡동부산은행,35.26635386,129.0172674,2025-10-31,,21,부산광역시,부산BIS
BSB181710301,금곡주차장,35.26766853,129.0179787,2025-10-31,,21,부산광역시,부산BIS
BSB181710302,금곡주차장,35.26770667,129.0178842,2025-10-31,,21,부산광역시,부산BIS
BSB181720201,금곡주차장,35.26747062,129.017805,2025-10-31,,21,부산광역시,부산BIS
BSB181720202,금곡주차장,35.26749773,129.0177142,2025-10-31,,21,부산광역시,부산BIS
BSB181730101,금곡동부산은행,35.26618807,129.0175065,2025-10-31,,21,부산광역시,부산BIS
BSB181730301,금곡동새마을금고,35.264954,129.0166995,2025-10-31,,21,부산광역시,부산BIS
BSB181740101,금곡동국민은행,35.26260666,129.0166156,2025-10-31,,21,부산광역시,부산BIS
BSB181740201,유림아파트,35.26186445,129.0171916,2025-10-31,8008,21,부산광역시,부산BIS
BSB181740301,금곡중학교,35.26035522,129.0161897,2025-10-31,8011,21,부산광역시,부산BIS
BSB181740302,금곡중학교,35.26047332,129.0161832,2025-10-31,,21,부산광역시,부산BIS
BSB181750101,금곡동새마을금고,35.2641578,129.016813,2025-10-31,,21,부산광역시,부산BIS
BSB181750301,금곡동국민은행,35.26294813,129.016342,2025-10-31,,21,부산광역시,부산BIS
BSB191280301,대사역.대사리2구,35.21851839,128.9365558,2025-10-31,12011,21,부산광역시,부산BIS
BSB191280302,대사역.대사리2구,35.21854351,128.9364733,2025-10-31,92230,21,부산광역시,부산BIS
BSB191280303,대사리1구,35.21977936,128.932928,2025-10-31,92231,21,부산광역시,부산BIS
BSB191290101,대사역.대사리2구,35.21808405,128.9366599,2025-10-31,12012,21,부산광역시,부산BIS
BSB191290102,대사리1구,35.21920259,128.9334933,2025-10-31,92214,21,부산광역시,부산BIS
BSB191290103,대사역.대사리2구,35.21806583,128.9367286,2025-10-31,92215,21,부산광역시,부산BIS
BSB191290201,중덕마을,35.21016422,128.9215621,2025-10-31,,21,부산광역시,부산BIS
BSB191290202,중덕마을,35.21096474,128.9218442,2025-10-31,,21,부산광역시,부산BIS
BSB191290301,대사리1구,35.21983546,128.932791,2025-10-31,12025,21,부산광역시,부산BIS
BSB191300101,대사리1구,35.21934485,128.9329898,2025-10-31,12024,21,부산광역시,부산BIS
BSB191320301,산양마을,35.11256278,128.8699991,2025-10-31,,21,부산광역시,부산BIS
BSB191320302,성고개,35.1104898,128.8565031,2025-10-31,12089,21,부산광역시,부산BIS
BSB191320501,산양마을입구,35.11182584,128.8727291,2025-10-31,92429,21,부산광역시,부산BIS
BSB191330101,성고개,35.11030944,128.8573185,2025-10-31,12647,21,부산광역시,부산BIS
BSB191330102,산양마을,35.11226334,128.8702185,2025-10-31,,21,부산광역시,부산BIS
BSB191340101,녹산중학교,35.11711622,128.8895001,2025-10-31,12118,21,부산광역시,부산BIS
BSB191340102,성산2구,35.11922401,128.891619,2025-10-31,12117,21,부산광역시,부산BIS
BSB191340103,녹명초등학교,35.11362809,128.8857752,2025-10-31,12115,21,부산광역시,부산BIS
BSB191340104,성산다리,35.12147109,128.8939735,2025-10-31,12181,21,부산광역시,부산BIS
BSB191340105,본녹산녹명초등학교,35.11357137,128.8856965,2025-10-31,92420,21,부산광역시,부산BIS
BSB191340107,녹산중학교,35.1170495,128.8894291,2025-10-31,92421,21,부산광역시,부산BIS
BSB191340108,성산,35.12140165,128.8939184,2025-10-31,92423,21,부산광역시,부산BIS
BSB191340109,성산2구,35.11915964,128.8915679,2025-10-31,,21,부산광역시,부산BIS
BSB191340302,본녹산,35.11265384,128.8823583,2025-10-31,12454,21,부산광역시,부산BIS
BSB191340303,본녹산,35.11265734,128.8824879,2025-10-31,,21,부산광역시,부산BIS
BSB191350101,순아3구,35.1188289,128.9031424,2025-10-31,92353,21,부산광역시,부산BIS
BSB191350201,노적봉능엄사 입구,35.12103734,128.8968354,2025-10-31,92359,21,부산광역시,부산BIS
BSB191360101,청량사,35.11620801,128.9198418,2025-10-31,92283,21,부산광역시,부산BIS
BSB191360102,금일정유소,35.12098667,128.918265,2025-10-31,92284,21,부산광역시,부산BIS
BSB191360103,구들목입구,35.12906833,128.9197,2025-10-31,92285,21,부산광역시,부산BIS
BSB191360104,강서예술촌,35.13110193,128.9187107,2025-10-31,92286,21,부산광역시,부산BIS
BSB191360105,강서예술촌,35.13116136,128.9186447,2025-10-31,,21,부산광역시,부산BIS
BSB191360106,찬호반점,35.12481211,128.9183833,2025-10-31,,21,부산광역시,부산BIS
BSB191360301,사취등,35.115991,128.9150137,2025-10-31,12622,21,부산광역시,부산BIS
BSB191360302,사취등,35.11595605,128.9151496,2025-10-31,92356,21,부산광역시,부산BIS
BSB191360401,협성휴포레,35.10686587,128.9186014,2025-10-31,12491,21,부산광역시,부산BIS
BSB191370101,진목,35.1128515,128.9264021,2025-10-31,12249,21,부산광역시,부산BIS
BSB191370102,경일고등학교입구,35.1133906,128.9240097,2025-10-31,12102,21,부산광역시,부산BIS
BSB191370103,진목,35.11283727,128.9264965,2025-10-31,92280,21,부산광역시,부산BIS
BSB191370104,경일고등학교입구,35.11337326,128.9240858,2025-10-31,92279,21,부산광역시,부산BIS
BSB191370201,경일고등학교,35.112305,128.9240017,2025-10-31,92060,21,부산광역시,부산BIS
BSB191370202,중리새동네,35.10877465,128.9256445,2025-10-31,92062,21,부산광역시,부산BIS
BSB191370203,명지농협,35.11089692,128.9245192,2025-10-31,92061,21,부산광역시,부산BIS
BSB191380301,옥포마을,35.11690562,128.8447237,2025-10-31,12325,21,부산광역시,부산BIS
BSB191420501,덕두새동네,35.17442552,128.950378,2025-10-31,92105,21,부산광역시,부산BIS
BSB191430201,국내선,35.17055766,128.9493273,2025-10-31,,21,부산광역시,부산BIS
BSB191430401,국내선,35.17077603,128.9494215,2025-10-31,,21,부산광역시,부산BIS
BSB191430402,국내선청사,35.17071226,128.9496235,2025-10-31,92086,21,부산광역시,부산BIS
BSB191430403,김해공항국내선(1층),35.17065227,128.9497674,2025-10-31,,21,부산광역시,부산BIS
BSB191460301,국제선청사,35.17355056,128.9473035,2025-10-31,,21,부산광역시,부산BIS
BSB191460303,김해공항국내선(2층),35.17049383,128.9495331,2025-10-31,,21,부산광역시,부산BIS
BSB191460304,김해공항국제선(2층),35.17342232,128.9473147,2025-10-31,,21,부산광역시,부산BIS
BSB191470201,렛츠런파크입구,35.15205854,128.8810629,2025-10-31,92342,21,부산광역시,부산BIS
BSB191480202,세산입구,35.1480882,128.8775533,2025-10-31,92403,21,부산광역시,부산BIS
BSB191480203,녹산주민문화회관,35.14473927,128.8756831,2025-10-31,,21,부산광역시,부산BIS
BSB191490101,세산사거리,35.14188791,128.8748115,2025-10-31,,21,부산광역시,부산BIS
BSB191490102,녹산주민문화회관,35.14469554,128.8763438,2025-10-31,92374,21,부산광역시,부산BIS
BSB191490103,세산입구,35.14823837,128.8783333,2025-10-31,92113,21,부산광역시,부산BIS
BSB191490201,세산사거리,35.14071927,128.8746983,2025-10-31,12183,21,부산광역시,부산BIS
BSB191490202,가달,35.13869234,128.8782891,2025-10-31,,21,부산광역시,부산BIS
BSB191490203,생곡마을,35.13798387,128.8801457,2025-10-31,,21,부산광역시,부산BIS
BSB191490204,가달,35.13879383,128.8780706,2025-10-31,92346,21,부산광역시,부산BIS
BSB191490205,생곡입구,35.13802448,128.88001,2025-10-31,92347,21,부산광역시,부산BIS
BSB191490206,세산삼거리,35.14076134,128.8746201,2025-10-31,92345,21,부산광역시,부산BIS
BSB191490301,세산사거리,35.14080989,128.8732667,2025-10-31,92404,21,부산광역시,부산BIS
BSB191490302,세산사거리,35.14094709,128.8733799,2025-10-31,12346,21,부산광역시,부산BIS
BSB191510301,가락농협,35.19446854,128.9030916,2025-10-31,92380,21,부산광역시,부산BIS
BSB191510302,가락동행정복지센터,35.19604721,128.9017063,2025-10-31,92381,21,부산광역시,부산BIS
BSB191510303,죽림삼거리,35.19259892,128.9035911,2025-10-31,92379,21,부산광역시,부산BIS
BSB191520101,해포,35.17208751,128.9001335,2025-10-31,92401,21,부산광역시,부산BIS
BSB191520401,통전,35.17936061,128.9013336,2025-10-31,92378,21,부산광역시,부산BIS
BSB191530101,해포,35.1702578,128.8991411,2025-10-31,92377,21,부산광역시,부산BIS
BSB191540201,삼성자동차동문,35.09442827,128.8866652,2025-10-31,12386,21,부산광역시,부산BIS
BSB191550301,사암입바위,35.10149995,128.8681718,2025-10-31,92431,21,부산광역시,부산BIS
BSB191550302,삼성자동차출고사무소,35.09813163,128.8652735,2025-10-31,92451,21,부산광역시,부산BIS
BSB191550303,화전마을입구,35.09928052,128.8656053,2025-10-31,92432,21,부산광역시,부산BIS
BSB191560201,동리,35.10042606,128.927623,2025-10-31,12137,21,부산광역시,부산BIS
BSB191560202,진동,35.09823456,128.9269256,2025-10-31,12092,21,부산광역시,부산BIS
BSB191560204,동리,35.10141994,128.9279439,2025-10-31,92022,21,부산광역시,부산BIS
BSB191560205,진동,35.09812,128.9269105,2025-10-31,92023,21,부산광역시,부산BIS
BSB191560301,명지초교.명지중학교,35.1042202,128.9268764,2025-10-31,12474,21,부산광역시,부산BIS
BSB191560302,명지국제신도시입구,35.10464743,128.9232456,2025-10-31,12483,21,부산광역시,부산BIS
BSB191560502,명지초교.명지중학교,35.10423102,128.9267669,2025-10-31,,21,부산광역시,부산BIS
BSB191570201,강서구생활문화센터,35.108006,128.926237,2025-10-31,92152,21,부산광역시,부산BIS
BSB191570301,중리새동네,35.1087834,128.9258065,2025-10-31,92076,21,부산광역시,부산BIS
BSB191570302,명지농협,35.11094456,128.9246407,2025-10-31,92077,21,부산광역시,부산BIS
BSB191570303,경일고등학교,35.112145,128.924105,2025-10-31,92078,21,부산광역시,부산BIS
BSB191570501,영강,35.10751687,128.9284189,2025-10-31,92063,21,부산광역시,부산BIS
BSB191580101,명지새동네,35.10855393,128.9308073,2025-10-31,12037,21,부산광역시,부산BIS
BSB191580102,명지새동네,35.10865538,128.9308505,2025-10-31,92018,21,부산광역시,부산BIS
BSB191590201,덕두시장,35.17902738,128.9577446,2025-10-31,12134,21,부산광역시,부산BIS
BSB191590202,덕두,35.17876008,128.9577895,2025-10-31,92129,21,부산광역시,부산BIS
BSB191590301,덕두시장,35.1797359,128.9571847,2025-10-31,,21,부산광역시,부산BIS
BSB191600201,강서구청,35.2129709,128.9815249,2025-10-31,92222,21,부산광역시,부산BIS
BSB164650302,롯데호텔백화점.서면역,35.15634588,129.0578977,2025-10-31,,21,부산광역시,부산BIS
BSB164670201,"서면,광무교",35.15014631,129.058308,2025-10-31,5230,21,부산광역시,부산BIS
BSB164670202,서면유림노르웨이숲,35.15013414,129.0584153,2025-10-31,,21,부산광역시,부산BIS
BSB164670301,부산진초등학교,35.1507127,129.0570994,2025-10-31,5235,21,부산광역시,부산BIS
BSB164670501,부산진초등학교,35.15111489,129.0579426,2025-10-31,5232,21,부산광역시,부산BIS
BSB164670502,서면1번가,35.15408195,129.0579148,2025-10-31,5241,21,부산광역시,부산BIS
BSB164670503,서면1번가,35.15369314,129.0579026,2025-10-31,,21,부산광역시,부산BIS
BSB164670504,부산진초등학교,35.15105691,129.057933,2025-10-31,,21,부산광역시,부산BIS
BSB164680201,서면역,35.15728105,129.0594598,2025-10-31,,21,부산광역시,부산BIS
BSB164690101,부산진초등학교,35.14963611,129.0557489,2025-10-31,,21,부산광역시,부산BIS
BSB164690201,경남아파트,35.14397913,129.0558092,2025-10-31,5213,21,부산광역시,부산BIS
BSB164690301,신암,35.14855587,129.0539473,2025-10-31,5212,21,부산광역시,부산BIS
BSB164690302,CBS방송국,35.15180362,129.050835,2025-10-31,5197,21,부산광역시,부산BIS
BSB164700401,부산진구청후문,35.16148564,129.052528,2025-10-31,5359,21,부산광역시,부산BIS
BSB164710101,서면역.롯데호텔백화점,35.15737315,129.0566301,2025-10-31,5319,21,부산광역시,부산BIS
BSB164710401,부산진경찰서,35.16031613,129.0548003,2025-10-31,,21,부산광역시,부산BIS
BSB164720101,부산시청.시청역,35.17789728,129.0753886,2025-10-31,13040,21,부산광역시,부산BIS
BSB164730201,더샵센트럴스타,35.15226109,129.0605557,2025-10-31,,21,부산광역시,부산BIS
BSB164770201,양정자이더샵SK뷰2.3단지,35.17151587,129.0747189,2025-10-31,,21,부산광역시,부산BIS
BSB164820301,양정역6번출구,35.1737427,129.0730445,2025-10-31,5011,21,부산광역시,부산BIS
BSB164840101,수정약국,35.16834061,129.0632411,2025-10-31,,21,부산광역시,부산BIS
BSB164840201,범전치안센터,35.16669266,129.0626918,2025-10-31,,21,부산광역시,부산BIS
BSB164840202,부산시민공원,35.16605112,129.0613114,2025-10-31,,21,부산광역시,부산BIS
BSB164850201,수정약국,35.16858529,129.0632311,2025-10-31,,21,부산광역시,부산BIS
BSB164860101,녹동아파트,35.16751553,129.0638289,2025-10-31,,21,부산광역시,부산BIS
BSB164870101,박구정학원,35.16761724,129.0649664,2025-10-31,,21,부산광역시,부산BIS
BSB164870201,녹동아파트,35.16763501,129.0639617,2025-10-31,,21,부산광역시,부산BIS
BSB164880101,동원아파트,35.16854887,129.0655745,2025-10-31,,21,부산광역시,부산BIS
BSB164880102,양성초등학교,35.16972434,129.0657661,2025-10-31,,21,부산광역시,부산BIS
BSB164880201,박구정학원,35.16772451,129.0648522,2025-10-31,,21,부산광역시,부산BIS
BSB164890101,동원아파트,35.16891618,129.065632,2025-10-31,,21,부산광역시,부산BIS
BSB164890301,김해쌀집,35.17130949,129.0643959,2025-10-31,,21,부산광역시,부산BIS
BSB164910301,현대아파트2차후문,35.17187534,129.0637038,2025-10-31,,21,부산광역시,부산BIS
BSB164910401,김해쌀집,35.17123456,129.0642578,2025-10-31,,21,부산광역시,부산BIS
BSB164910402,양성초등학교,35.17016091,129.0654929,2025-10-31,,21,부산광역시,부산BIS
BSB164920101,한신아파트,35.16318233,129.0655781,2025-10-31,,21,부산광역시,부산BIS
BSB164920102,새마을금고,35.16321425,129.0670322,2025-10-31,,21,부산광역시,부산BIS
BSB164920201,롯데캐슬스카이,35.16294705,129.0651866,2025-10-31,5337,21,부산광역시,부산BIS
BSB164920301,항도중학교,35.16356423,129.064983,2025-10-31,,21,부산광역시,부산BIS
BSB164930301,적십자회관,35.16243177,129.0634733,2025-10-31,,21,부산광역시,부산BIS
BSB164940201,한신아파트,35.16333406,129.0658982,2025-10-31,,21,부산광역시,부산BIS
BSB164940202,새마을금고,35.16337355,129.0672478,2025-10-31,,21,부산광역시,부산BIS
BSB164960201,경로당,35.16457719,129.0674016,2025-10-31,,21,부산광역시,부산BIS
BSB164960202,천지탕,35.16362649,129.067687,2025-10-31,,21,부산광역시,부산BIS
BSB164970201,경로당,35.16446668,129.0672918,2025-10-31,,21,부산광역시,부산BIS
BSB164970202,천지탕,35.16361706,129.067517,2025-10-31,,21,부산광역시,부산BIS
BSB165020201,만호빌라,35.15949165,129.0686126,2025-10-31,,21,부산광역시,부산BIS
BSB165020202,기와집,35.15913457,129.0693491,2025-10-31,,21,부산광역시,부산BIS
BSB165040201,영화약국,35.16027679,129.0689623,2025-10-31,,21,부산광역시,부산BIS
BSB165060201,파티마의원,35.15648131,129.0711163,2025-10-31,5323,21,부산광역시,부산BIS
BSB165090301,파티마의원,35.15639767,129.0711445,2025-10-31,,21,부산광역시,부산BIS
BSB165090302,협성아파트,35.15781637,129.0707143,2025-10-31,,21,부산광역시,부산BIS
BSB165090402,전홍빌라,35.1587715,129.0710947,2025-10-31,,21,부산광역시,부산BIS
BSB165090403,대동아파트,35.16046584,129.0707323,2025-10-31,,21,부산광역시,부산BIS
BSB165120201,양정사진관,35.16922764,129.0699577,2025-10-31,,21,부산광역시,부산BIS
BSB165130101,동의과학대학교,35.16623453,129.0719819,2025-10-31,,21,부산광역시,부산BIS
BSB165130102,동의고등학교,35.16663735,129.0711168,2025-10-31,,21,부산광역시,부산BIS
BSB165130201,성모여자고등학교,35.16797786,129.0705522,2025-10-31,,21,부산광역시,부산BIS
BSB165140101,동의고등학교,35.16675124,129.071273,2025-10-31,,21,부산광역시,부산BIS
BSB165140102,동의과학대학교,35.16637546,129.0720478,2025-10-31,,21,부산광역시,부산BIS
BSB165190101,동의의료원,35.17036256,129.0763366,2025-10-31,,21,부산광역시,부산BIS
BSB165220201,양정역,35.17272658,129.0714733,2025-10-31,,21,부산광역시,부산BIS
BSB165240101,동평유치원,35.16817912,129.0408174,2025-10-31,5303,21,부산광역시,부산BIS
BSB165240201,부암3동주민센터,35.16871853,129.0393648,2025-10-31,5330,21,부산광역시,부산BIS
BSB165240301,협성피닉스,35.17014307,129.0386879,2025-10-31,5066,21,부산광역시,부산BIS
BSB165250301,부암3동주민센터,35.16866514,129.0395628,2025-10-31,5068,21,부산광역시,부산BIS
BSB165260101,진성아파트,35.14871059,129.0266878,2025-10-31,5126,21,부산광역시,부산BIS
BSB165260201,벽산아파트,35.14736799,129.023516,2025-10-31,5123,21,부산광역시,부산BIS
BSB165270101,기점,35.17104174,129.0317615,2025-10-31,,21,부산광역시,부산BIS
BSB165270201,개성고등학교,35.17023349,129.0315471,2025-10-31,5276,21,부산광역시,부산BIS
BSB165270202,당감백산아파트,35.16908607,129.0329367,2025-10-31,5080,21,부산광역시,부산BIS
BSB165290101,기점,35.17095543,129.0316037,2025-10-31,5285,21,부산광역시,부산BIS
BSB165330101,만덕터널입구,35.21183353,129.0573294,2025-10-31,6057,21,부산광역시,부산BIS
BSB165330102,개별화물협회,35.21498508,129.0650106,2025-10-31,6039,21,부산광역시,부산BIS
BSB165350101,온천장역.CGV동래,35.22200701,129.0853726,2025-10-31,6232,21,부산광역시,부산BIS
BSB165350201,온천장역.SK허브스카이,35.22176173,129.0848877,2025-10-31,6011,21,부산광역시,부산BIS
BSB165350301,식물원입구,35.22420669,129.0823043,2025-10-31,11098,21,부산광역시,부산BIS
BSB165350302,온천시장(목욕타운),35.22335133,129.0834424,2025-10-31,,21,부산광역시,부산BIS
BSB165390401,온천입구,35.21676543,129.0851393,2025-10-31,6019,21,부산광역시,부산BIS
BSB165390402,온천입구,35.21624715,129.0843777,2025-10-31,6020,21,부산광역시,부산BIS
BSB165390403,동래구노인복지관,35.21361278,129.0830369,2025-10-31,6036,21,부산광역시,부산BIS
BSB165390404,동래구노인복지관,35.21335445,129.0829778,2025-10-31,6037,21,부산광역시,부산BIS
BSB165390601,온천장입구,35.2168293,129.0861885,2025-10-31,,21,부산광역시,부산BIS
BSB165400101,온천장역.SK허브스카이,35.22109137,129.0850024,2025-10-31,6012,21,부산광역시,부산BIS
BSB165430302,동래한전,35.19644394,129.1058968,2025-10-31,6705,21,부산광역시,부산BIS
BSB165440103,부산원동역,35.19437106,129.1121171,2025-10-31,6702,21,부산광역시,부산BIS
BSB165440201,뜨란채아파트,35.19405762,129.1084318,2025-10-31,6089,21,부산광역시,부산BIS
BSB165450101,우성아파트,35.20556395,129.0864416,2025-10-31,,21,부산광역시,부산BIS
BSB165450401,복산동주민센터,35.20629181,129.0855667,2025-10-31,6253,21,부산광역시,부산BIS
BSB165450402,복산동주민센터,35.20582203,129.0860018,2025-10-31,,21,부산광역시,부산BIS
BSB165450403,"현대아파트, 명륜아이파크",35.20666541,129.0852102,2025-10-31,,21,부산광역시,부산BIS
BSB165460101,무량사,35.20678494,129.089779,2025-10-31,,21,부산광역시,부산BIS
BSB165460301,우성아파트,35.20573282,129.086948,2025-10-31,,21,부산광역시,부산BIS
BSB165500101,롯데백화점동래점.명륜역,35.21336811,129.0791299,2025-10-31,6031,21,부산광역시,부산BIS
BSB165500201,명륜역,35.21272455,129.0795593,2025-10-31,6034,21,부산광역시,부산BIS
BSB165500501,롯데백화점동래점.명륜역,35.21276314,129.0781263,2025-10-31,6030,21,부산광역시,부산BIS
BSB165500502,롯데백화점동래점,35.21240501,129.0783662,2025-10-31,,21,부산광역시,부산BIS
BSB165510101,온천장,35.21754552,129.0842659,2025-10-31,6021,21,부산광역시,부산BIS
BSB172360401,태우선파크APT,35.16736139,129.0331259,2025-10-31,5334,21,부산광역시,부산BIS
BSB172370101,부암새고개,35.16585731,129.0451432,2025-10-31,5059,21,부산광역시,부산BIS
BSB172370102,동원아파트,35.16632465,129.0483862,2025-10-31,5057,21,부산광역시,부산BIS
BSB172370103,부암동원맨션,35.1668114,129.0489252,2025-10-31,,21,부산광역시,부산BIS
BSB172370104,부암고개,35.16579998,129.045536,2025-10-31,,21,부산광역시,부산BIS
BSB172370301,당감시장,35.16604343,129.0412438,2025-10-31,5062,21,부산광역시,부산BIS
BSB172370302,당감사거리,35.16567959,129.0396643,2025-10-31,5085,21,부산광역시,부산BIS
BSB172370303,당감사거리,35.1657135,129.0398041,2025-10-31,,21,부산광역시,부산BIS
BSB172370304,당감시장,35.16606495,129.0413523,2025-10-31,,21,부산광역시,부산BIS
BSB172370401,당감시장,35.16625792,129.041732,2025-10-31,5305,21,부산광역시,부산BIS
BSB172370402,동평유치원,35.1678289,129.0412324,2025-10-31,5304,21,부산광역시,부산BIS
BSB172410202,당감동일스위트,35.16915763,129.0267989,2025-10-31,5348,21,부산광역시,부산BIS
BSB172410203,부산국제중고등학교,35.16924886,129.0267392,2025-10-31,,21,부산광역시,부산BIS
BSB172410301,백양터널,35.17141529,129.0247198,2025-10-31,5077,21,부산광역시,부산BIS
BSB172430201,반도아파트,35.14960579,129.0327949,2025-10-31,,21,부산광역시,부산BIS
BSB172440301,동의대역1번출구,35.15391302,129.033189,2025-10-31,5374,21,부산광역시,부산BIS
BSB172440302,동의대역,35.15389031,129.033039,2025-10-31,,21,부산광역시,부산BIS
BSB172440401,동의대역,35.15318789,129.0320547,2025-10-31,,21,부산광역시,부산BIS
BSB172450301,부산진구생활문화센터,35.16770022,129.0366563,2025-10-31,5082,21,부산광역시,부산BIS
BSB172470401,청수탕,35.1699401,129.0351193,2025-10-31,5008,21,부산광역시,부산BIS
BSB172480101,부산시민공원,35.17062662,129.0561944,2025-10-31,5342,21,부산광역시,부산BIS
BSB172480201,연지일동아파트,35.16996051,129.0521212,2025-10-31,5052,21,부산광역시,부산BIS
BSB172480301,래미안어반파크,35.17387771,129.0550132,2025-10-31,5036,21,부산광역시,부산BIS
BSB172480302,국립부산국악원,35.17142774,129.0552429,2025-10-31,5341,21,부산광역시,부산BIS
BSB172500201,부암고가교,35.16767778,129.0498598,2025-10-31,5054,21,부산광역시,부산BIS
BSB172500202,부암교차로,35.16780765,129.0499964,2025-10-31,,21,부산광역시,부산BIS
BSB172500301,동원아파트.협성휴포레,35.16649702,129.0481342,2025-10-31,5056,21,부산광역시,부산BIS
BSB172500302,부암새고개,35.1660568,129.0457498,2025-10-31,5058,21,부산광역시,부산BIS
BSB172500303,부암동원맨션,35.16713885,129.0488538,2025-10-31,,21,부산광역시,부산BIS
BSB172500304,미주아파트,35.16627043,129.0441001,2025-10-31,,21,부산광역시,부산BIS
BSB172500305,부암고개,35.16606094,129.0456435,2025-10-31,,21,부산광역시,부산BIS
BSB172520101,수정터널,35.14948102,129.0338061,2025-10-31,,21,부산광역시,부산BIS
BSB172520201,가야여중,35.14782325,129.0346958,2025-10-31,5132,21,부산광역시,부산BIS
BSB172520202,가야여자중학교,35.14775567,129.034614,2025-10-31,,21,부산광역시,부산BIS
BSB172520301,동의대학교도서관,35.14111621,129.0338861,2025-10-31,,21,부산광역시,부산BIS
BSB172520302,동의대학교본관,35.14009601,129.0337329,2025-10-31,,21,부산광역시,부산BIS
BSB172520303,동의대학교입구,35.1473446,129.0335799,2025-10-31,,21,부산광역시,부산BIS
BSB172520304,동의대학교자연대학,35.14350754,129.0342128,2025-10-31,,21,부산광역시,부산BIS
BSB172520401,가야고교,35.14776026,129.0309206,2025-10-31,5131,21,부산광역시,부산BIS
BSB172530101,CBS방송국,35.15220569,129.0497032,2025-10-31,5198,21,부산광역시,부산BIS
BSB172530201,범천건강문화센터,35.15086758,129.0482955,2025-10-31,5200,21,부산광역시,부산BIS
BSB172530202,선암초등학교,35.14971592,129.0496168,2025-10-31,5202,21,부산광역시,부산BIS
BSB172540201,약수터입구,35.14765801,129.050241,2025-10-31,5204,21,부산광역시,부산BIS
BSB172540301,범천건강문화센터,35.15105211,129.0484023,2025-10-31,5199,21,부산광역시,부산BIS
BSB172540302,선암초등학교,35.14981091,129.0498351,2025-10-31,5201,21,부산광역시,부산BIS
BSB172550101,가야고교,35.14768081,129.0313005,2025-10-31,5130,21,부산광역시,부산BIS
BSB172550102,동의대학교입구,35.14783297,129.0328871,2025-10-31,5329,21,부산광역시,부산BIS
BSB172550201,가야공원입구,35.14776359,129.0292224,2025-10-31,5129,21,부산광역시,부산BIS
BSB172560101,당평초등학교,35.15973685,129.0349275,2025-10-31,5152,21,부산광역시,부산BIS
BSB172560201,당감3동우체국,35.15956988,129.0330075,2025-10-31,5292,21,부산광역시,부산BIS
BSB172570101,당감사거리,35.16548046,129.0399805,2025-10-31,5086,21,부산광역시,부산BIS
BSB172570102,당감시장,35.16577535,129.0412903,2025-10-31,5063,21,부산광역시,부산BIS
BSB172570103,당감사거리,35.16545991,129.0398834,2025-10-31,,21,부산광역시,부산BIS
BSB172570104,당감시장,35.16580991,129.0414603,2025-10-31,,21,부산광역시,부산BIS
BSB172570201,당감초등학교,35.16380923,129.0394095,2025-10-31,5088,21,부산광역시,부산BIS
BSB172570301,당감4동,35.16542193,129.0379075,2025-10-31,5090,21,부산광역시,부산BIS
BSB172570302,태을의원,35.1654827,129.0385282,2025-10-31,,21,부산광역시,부산BIS
BSB172570401,부암삼성래미안,35.16697577,129.0389741,2025-10-31,5084,21,부산광역시,부산BIS
BSB172580101,백양가족공원,35.17216055,129.0290276,2025-10-31,5289,21,부산광역시,부산BIS
BSB172580102,선암사입구,35.17345899,129.0307956,2025-10-31,5291,21,부산광역시,부산BIS
BSB172580103,선암사입구,35.17353815,129.0309163,2025-10-31,,21,부산광역시,부산BIS
BSB172580104,주공사거리,35.17226961,129.0291781,2025-10-31,,21,부산광역시,부산BIS
BSB172580201,백양뜨란채아파트,35.17127563,129.0291688,2025-10-31,5293,21,부산광역시,부산BIS
BSB172580301,당감4동우체국,35.17176924,129.0271088,2025-10-31,5308,21,부산광역시,부산BIS
BSB172580302,당감주공3단지상가,35.17172885,129.027299,2025-10-31,,21,부산광역시,부산BIS
BSB172590101,당감4동우체국,35.17156447,129.0270949,2025-10-31,5307,21,부산광역시,부산BIS
BSB172590102,당감주공3단지상가,35.1714895,129.0273314,2025-10-31,,21,부산광역시,부산BIS
BSB172600101,국제프라자아파트,35.16763288,129.0275409,2025-10-31,5097,21,부산광역시,부산BIS
BSB172600102,국제프라자아파트,35.16783575,129.0274337,2025-10-31,,21,부산광역시,부산BIS
BSB172600103,한국과학영재학교,35.16623548,129.0282737,2025-10-31,,21,부산광역시,부산BIS
BSB172610301,백양뜨란채아파트,35.17140991,129.0293824,2025-10-31,5294,21,부산광역시,부산BIS
BSB172620101,부산시민공원남문,35.16560745,129.0584632,2025-10-31,5169,21,부산광역시,부산BIS
BSB172620102,부산진중학교,35.16442697,129.0554597,2025-10-31,5168,21,부산광역시,부산BIS
BSB172630101,부암역.당감입구,35.15898859,129.050072,2025-10-31,5193,21,부산광역시,부산BIS
BSB172640101,부산글로벌빌리지,35.15735577,129.0521472,2025-10-31,5347,21,부산광역시,부산BIS
BSB172640401,부암역.당감입구,35.15854838,129.0506823,2025-10-31,5192,21,부산광역시,부산BIS
BSB172650301,당감초등학교,35.16346526,129.0397679,2025-10-31,5087,21,부산광역시,부산BIS
BSB172660201,당평초등학교,35.16089864,129.0363054,2025-10-31,5153,21,부산광역시,부산BIS
BSB172690201,가야지구대,35.15167107,129.0296964,2025-10-31,5139,21,부산광역시,부산BIS
BSB172700101,신암,35.14842944,129.0536973,2025-10-31,5211,21,부산광역시,부산BIS
BSB172710101,약수터입구,35.14762562,129.0504651,2025-10-31,5203,21,부산광역시,부산BIS
BSB172710201,서호정사,35.14543853,129.0509515,2025-10-31,5206,21,부산광역시,부산BIS
BSB172710202,호천마을입구,35.14431211,129.0501724,2025-10-31,5207,21,부산광역시,부산BIS
BSB172710203,안창삼거리,35.14452737,129.048135,2025-10-31,5209,21,부산광역시,부산BIS
BSB172730201,가야여중,35.14801277,129.034588,2025-10-31,5133,21,부산광역시,부산BIS
BSB172730202,동의대학교입구,35.14810226,129.0328991,2025-10-31,5226,21,부산광역시,부산BIS
BSB172730203,가야여자중학교,35.1479466,129.0345145,2025-10-31,,21,부산광역시,부산BIS
BSB172750201,당감주공아파트,35.17141359,129.0247247,2025-10-31,,21,부산광역시,부산BIS
BSB172780101,당감동,35.16848148,129.0359247,2025-10-31,5081,21,부산광역시,부산BIS
BSB172780201,당감동,35.16866185,129.0357626,2025-10-31,,21,부산광역시,부산BIS
BSB172790201,주례여자고등학교,35.14782982,129.0164061,2025-10-31,5118,21,부산광역시,부산BIS
BSB172790202,개금현대아파트,35.14733639,129.0164767,2025-10-31,,21,부산광역시,부산BIS
BSB172810201,개금시영아파트,35.1461199,129.0163666,2025-10-31,,21,부산광역시,부산BIS
BSB181760301,금곡화목아파트,35.26320957,129.0188413,2025-10-31,8005,21,부산광역시,부산BIS
BSB181800101,북부경찰서,35.23002228,129.0101449,2025-10-31,,21,부산광역시,부산BIS
BSB181800301,대림쌍용아파트,35.22506834,129.0079714,2025-10-31,,21,부산광역시,부산BIS
BSB181800302,현대아파트,35.22727491,129.0093241,2025-10-31,,21,부산광역시,부산BIS
BSB181810101,대림아파트,35.23147579,129.0133968,2025-10-31,8052,21,부산광역시,부산BIS
BSB181810102,대림아파트,35.23235384,129.0135663,2025-10-31,,21,부산광역시,부산BIS
BSB181810103,화명롯데캐슬아파트,35.22921266,129.0128062,2025-10-31,,21,부산광역시,부산BIS
BSB181810201,북부경찰서,35.22794653,129.0117354,2025-10-31,8054,21,부산광역시,부산BIS
BSB181810202,북부경찰서,35.2280877,129.0118369,2025-10-31,,21,부산광역시,부산BIS
BSB181820101,수정역,35.22279819,129.0091711,2025-10-31,8024,21,부산광역시,부산BIS
BSB181820102,수정역,35.22287942,129.0092223,2025-10-31,,21,부산광역시,부산BIS
BSB181820301,수정강변타운후문,35.2203383,129.0075553,2025-10-31,8060,21,부산광역시,부산BIS
BSB181820302,구룡사,35.21581111,129.0045776,2025-10-31,8062,21,부산광역시,부산BIS
BSB181820303,성훈강변아파트,35.21878402,129.0059324,2025-10-31,,21,부산광역시,부산BIS
BSB181820304,구룡사,35.21616837,129.0046583,2025-10-31,,21,부산광역시,부산BIS
BSB181830201,롯데캐슬카이저남문,35.21874668,129.0086768,2025-10-31,8200,21,부산광역시,부산BIS
BSB181850101,화신중학교.화명역,35.23737688,129.0141606,2025-10-31,8048,21,부산광역시,부산BIS
BSB181850102,화신중학교,35.23647243,129.0140931,2025-10-31,,21,부산광역시,부산BIS
BSB181850103,화명역.화신중,35.23682129,129.0141256,2025-10-31,8204,21,부산광역시,부산BIS
BSB181860101,금곡동행정복지센터,35.25013834,129.0126867,2025-10-31,8029,21,부산광역시,부산BIS
BSB181860102,금곡동행정복지센터,35.25029074,129.0127548,2025-10-31,,21,부산광역시,부산BIS
BSB181870201,금곡주공5단지,35.24929336,129.0139436,2025-10-31,,21,부산광역시,부산BIS
BSB181870301,금곡동행정복지센터,35.250444,129.0125924,2025-10-31,8028,21,부산광역시,부산BIS
BSB181870302,금곡동행정복지센터,35.2504827,129.0126973,2025-10-31,,21,부산광역시,부산BIS
BSB181890301,율리역,35.24690784,129.0127077,2025-10-31,8031,21,부산광역시,부산BIS
BSB181890302,율리역,35.24711473,129.012721,2025-10-31,,21,부산광역시,부산BIS
BSB181900301,화명정수장입구,35.23431941,129.015278,2025-10-31,,21,부산광역시,부산BIS
BSB181900302,화명현대아파트,35.23413641,129.0174896,2025-10-31,,21,부산광역시,부산BIS
BSB181900401,와석,35.23405618,129.0134752,2025-10-31,,21,부산광역시,부산BIS
BSB181900501,롯데마트,35.23488352,129.0131935,2025-10-31,,21,부산광역시,부산BIS
BSB181910201,롯데마트,35.23465373,129.0123805,2025-10-31,,21,부산광역시,부산BIS
BSB181930101,와석,35.23398718,129.0138506,2025-10-31,8049,21,부산광역시,부산BIS
BSB181930102,와석,35.23407993,129.0138752,2025-10-31,,21,부산광역시,부산BIS
BSB181930201,대림아파트,35.23168829,129.013041,2025-10-31,8051,21,부산광역시,부산BIS
BSB181930202,와석,35.23356875,129.0133995,2025-10-31,8050,21,부산광역시,부산BIS
BSB181930203,대림아파트,35.23286189,129.0132481,2025-10-31,,21,부산광역시,부산BIS
BSB181940301,코오롱하늘채아파트,35.23373313,129.0104777,2025-10-31,,21,부산광역시,부산BIS
BSB181960401,경부선화명역.고용복지센터,35.23527839,129.0097925,2025-10-31,,21,부산광역시,부산BIS
BSB182050101,코오롱하늘채아파트,35.23368473,129.0107994,2025-10-31,,21,부산광역시,부산BIS
BSB182050201,북부경찰서,35.23087721,129.0099823,2025-10-31,,21,부산광역시,부산BIS
BSB182110201,만덕삼성아파트.만덕역,35.21177247,129.0369501,2025-10-31,8150,21,부산광역시,부산BIS
BSB182110202,만덕2동행정복지센터,35.21005828,129.037611,2025-10-31,8152,21,부산광역시,부산BIS
BSB182110203,만덕2동주민센터,35.21035102,129.0377553,2025-10-31,,21,부산광역시,부산BIS
BSB182110204,만덕삼성아파트,35.21181077,129.0367061,2025-10-31,,21,부산광역시,부산BIS
BSB182120201,만덕교차로,35.21332919,129.0397172,2025-10-31,8126,21,부산광역시,부산BIS
BSB182120202,만덕역.만덕사거리,35.2126516,129.038316,2025-10-31,8146,21,부산광역시,부산BIS
BSB182120301,만덕역,35.21252437,129.0362397,2025-10-31,,21,부산광역시,부산BIS
BSB182120501,만덕성당,35.21303739,129.0302645,2025-10-31,8137,21,부산광역시,부산BIS
BSB182140101,굿모닝힐304동,35.20809764,129.0344505,2025-10-31,,21,부산광역시,부산BIS
BSB182140401,백양디이스트101동,35.2056502,129.0339612,2025-10-31,,21,부산광역시,부산BIS
BSB182140402,굿모닝힐상가,35.20796632,129.0339531,2025-10-31,,21,부산광역시,부산BIS
BSB182140403,백양초등학교,35.20680366,129.0339625,2025-10-31,,21,부산광역시,부산BIS
BSB182150201,숙등역.부민병원,35.21189322,129.0102791,2025-10-31,8123,21,부산광역시,부산BIS
BSB182180101,구포역,35.20520878,128.9958289,2025-10-31,8072,21,부산광역시,부산BIS
BSB182180102,구포역,35.20624671,128.9966906,2025-10-31,88012,21,부산광역시,부산BIS
BSB182180103,구포역,35.20550557,128.9960562,2025-10-31,,21,부산광역시,부산BIS
BSB182210101,구포역,35.20662053,128.9971096,2025-10-31,8071,21,부산광역시,부산BIS
BSB182210103,동원로얄듀크비스타,35.20817094,128.9986413,2025-10-31,8202,21,부산광역시,부산BIS
BSB182210301,구포역,35.2061745,128.9961549,2025-10-31,8070,21,부산광역시,부산BIS
BSB182210302,구포역,35.20665398,128.9966404,2025-10-31,88014,21,부산광역시,부산BIS
BSB182230101,석불사입구,35.21494876,129.0442215,2025-10-31,8148,21,부산광역시,부산BIS
BSB182230301,만덕교차로.만덕역,35.21308893,129.0372344,2025-10-31,8144,21,부산광역시,부산BIS
BSB182240101,만덕성당,35.2129517,129.0324048,2025-10-31,8138,21,부산광역시,부산BIS
BSB182250401,남산정역,35.21343146,129.022722,2025-10-31,8132,21,부산광역시,부산BIS
BSB182250402,남산정역4번출구,35.21343567,129.0228456,2025-10-31,,21,부산광역시,부산BIS
BSB182260101,남산정역,35.21315496,129.0228632,2025-10-31,8130,21,부산광역시,부산BIS
BSB182260102,남정산역5번출구,35.21315728,129.0229294,2025-10-31,,21,부산광역시,부산BIS
BSB182260201,삼정그린코아아파트,35.21337331,129.0205191,2025-10-31,,21,부산광역시,부산BIS
BSB182260301,메가마트,35.21355754,129.0218251,2025-10-31,,21,부산광역시,부산BIS
BSB182270201,구포전화국,35.21330596,129.0181803,2025-10-31,8127,21,부산광역시,부산BIS
BSB182270202,숙등역,35.21218955,129.013007,2025-10-31,8125,21,부산광역시,부산BIS
BSB182270203,구포전화국,35.21331938,129.0182938,2025-10-31,,21,부산광역시,부산BIS
BSB182270204,덕천1동주민센터,35.21289394,129.0158206,2025-10-31,,21,부산광역시,부산BIS
BSB182270205,부민병원.덕천교회,35.21174649,129.0112481,2025-10-31,,21,부산광역시,부산BIS
BSB182270206,숙등역4번출구,35.21228582,129.0134171,2025-10-31,,21,부산광역시,부산BIS
BSB182280101,숙등역,35.21193875,129.0132188,2025-10-31,8124,21,부산광역시,부산BIS
BSB182280102,구포전화국,35.21302104,129.018153,2025-10-31,8128,21,부산광역시,부산BIS
BSB182280103,구포전화국,35.21302037,129.0182536,2025-10-31,,21,부산광역시,부산BIS
BSB182280104,덕천1동주민센터,35.21250716,129.0155316,2025-10-31,,21,부산광역시,부산BIS
BSB182280105,숙등역1번출구,35.21222218,129.0143227,2025-10-31,,21,부산광역시,부산BIS
BSB182280106,숙등역5번출구,35.21166993,129.012205,2025-10-31,,21,부산광역시,부산BIS
BSB182280201,덕천주공입구,35.20937203,129.0111849,2025-10-31,8176,21,부산광역시,부산BIS
BSB182280202,덕천주공입구,35.20945754,129.0111487,2025-10-31,,21,부산광역시,부산BIS
BSB182280301,덕천역,35.21093546,129.0080248,2025-10-31,8119,21,부산광역시,부산BIS
BSB182280302,덕천역,35.2109746,129.0081945,2025-10-31,,21,부산광역시,부산BIS
BSB182280401,숙등역.부민병원,35.21195572,129.0105266,2025-10-31,8198,21,부산광역시,부산BIS
BSB182290101,덕천역,35.21040944,129.007139,2025-10-31,8122,21,부산광역시,부산BIS
BSB182290102,덕천역,35.21048727,129.0074982,2025-10-31,,21,부산광역시,부산BIS
BSB182290103,부민병원.덕천교회,35.2111848,129.0102028,2025-10-31,,21,부산광역시,부산BIS
BSB182320201,벽산아파트,35.24431078,129.0128814,2025-10-31,8032,21,부산광역시,부산BIS
BSB182320202,벽산아파트,35.24443425,129.0128421,2025-10-31,,21,부산광역시,부산BIS
BSB182320301,율리역,35.24686103,129.0130856,2025-10-31,8030,21,부산광역시,부산BIS
BSB182320302,율리역,35.24703146,129.0130912,2025-10-31,,21,부산광역시,부산BIS
BSB182330401,덕천교차로,35.21198383,129.0047718,2025-10-31,8064,21,부산광역시,부산BIS
BSB182330402,덕천교차로,35.21190307,129.0047977,2025-10-31,,21,부산광역시,부산BIS
BSB182350501,만덕동일아파트입구,35.21416068,129.0257139,2025-10-31,,21,부산광역시,부산BIS
BSB191610101,덕계,35.19181309,128.9231407,2025-10-31,92175,21,부산광역시,부산BIS
BSB191610102,신덕신천마을,35.19545855,128.9247668,2025-10-31,,21,부산광역시,부산BIS
BSB191610201,득천사거리,35.18850883,128.9210577,2025-10-31,92187,21,부산광역시,부산BIS
BSB191610202,현대슈퍼,35.18177096,128.9187201,2025-10-31,92188,21,부산광역시,부산BIS
BSB191610203,상곡정미소,35.17695545,128.9165123,2025-10-31,92189,21,부산광역시,부산BIS
BSB191610204,득천,35.18466442,128.919814,2025-10-31,,21,부산광역시,부산BIS
BSB191620301,덕도초등학교,35.19259299,128.9165178,2025-10-31,,21,부산광역시,부산BIS
BSB191630101,덕포마을,35.191881,128.909117,2025-10-31,92209,21,부산광역시,부산BIS
BSB191650301,낙동중학교,35.21526794,128.9648225,2025-10-31,12004,21,부산광역시,부산BIS
BSB191660101,중리입구,35.21456662,128.9559221,2025-10-31,12016,21,부산광역시,부산BIS
BSB191660102,강서복지회관.우편집중국,35.21503108,128.9591852,2025-10-31,12017,21,부산광역시,부산BIS
BSB191660103,강서우편집중국,35.215115,128.959128,2025-10-31,92219,21,부산광역시,부산BIS
BSB191660104,중리입구,35.214579,128.955812,2025-10-31,92218,21,부산광역시,부산BIS
BSB191660201,대저역,35.21283185,128.9608992,2025-10-31,12033,21,부산광역시,부산BIS
BSB191660202,체육공원역,35.21209685,128.9682172,2025-10-31,12051,21,부산광역시,부산BIS
BSB191660203,대저역,35.21290451,128.9604786,2025-10-31,92388,21,부산광역시,부산BIS
BSB191660204,강서체육공원역,35.21194844,128.9697355,2025-10-31,92389,21,부산광역시,부산BIS
BSB191660301,부산교도소,35.21400323,128.9528867,2025-10-31,12007,21,부산광역시,부산BIS
BSB191660302,평강역,35.21429207,128.9500477,2025-10-31,12008,21,부산광역시,부산BIS
BSB191660303,평강,35.21420912,128.9505033,2025-10-31,92227,21,부산광역시,부산BIS
BSB191660304,부산교도소,35.2139602,128.9531471,2025-10-31,92226,21,부산광역시,부산BIS
BSB191670201,낙동중학교,35.21510104,128.9645535,2025-10-31,12018,21,부산광역시,부산BIS
BSB191670202,수로다리,35.21482478,128.9695505,2025-10-31,12194,21,부산광역시,부산BIS
BSB191670203,수로다리,35.214902,128.969682,2025-10-31,92220,21,부산광역시,부산BIS
BSB191670301,중리입구,35.21481728,128.9561721,2025-10-31,12006,21,부산광역시,부산BIS
BSB191670302,강서복지회관.우편집중국,35.21519559,128.9584865,2025-10-31,12005,21,부산광역시,부산BIS
BSB191680101,시만,35.21462289,128.9141833,2025-10-31,92384,21,부산광역시,부산BIS
BSB191680102,식만,35.21030265,128.9104655,2025-10-31,92383,21,부산광역시,부산BIS
BSB191680103,용등,35.20148725,128.9024624,2025-10-31,92382,21,부산광역시,부산BIS
BSB191680104,시만교,35.21667826,128.9164443,2025-10-31,,21,부산광역시,부산BIS
BSB191680105,식만교,35.21296735,128.9120471,2025-10-31,,21,부산광역시,부산BIS
BSB191680201,가락농협,35.19436863,128.9028931,2025-10-31,92398,21,부산광역시,부산BIS
BSB191680202,가락파출소,35.1951278,128.9023294,2025-10-31,92397,21,부산광역시,부산BIS
BSB191680203,죽림삼거리,35.19234256,128.9033899,2025-10-31,92399,21,부산광역시,부산BIS
BSB191680401,가락동주민센터,35.19630013,128.9008781,2025-10-31,,21,부산광역시,부산BIS
BSB191700201,동방마을,35.17369072,128.9596432,2025-10-31,12138,21,부산광역시,부산BIS
BSB191700202,금호마을,35.16373477,128.9585565,2025-10-31,12044,21,부산광역시,부산BIS
BSB191700203,금호마을,35.16276943,128.9582115,2025-10-31,92269,21,부산광역시,부산BIS
BSB191700204,동방,35.17324057,128.9595953,2025-10-31,92130,21,부산광역시,부산BIS
BSB191710101,동방마을,35.17338393,128.9601136,2025-10-31,12139,21,부산광역시,부산BIS
BSB191710102,금호마을,35.16307321,128.9588898,2025-10-31,92290,21,부산광역시,부산BIS
BSB191710103,동방,35.17319766,128.9602677,2025-10-31,92126,21,부산광역시,부산BIS
BSB191720101,금호마을,35.16274204,128.9587881,2025-10-31,12113,21,부산광역시,부산BIS
BSB191740101,삼성자동차동문,35.09437589,128.8871355,2025-10-31,12387,21,부산광역시,부산BIS
BSB191780301,대저역,35.21312702,128.9613653,2025-10-31,92225,21,부산광역시,부산BIS
BSB191780302,강서체육공원역,35.21237475,128.9688071,2025-10-31,92224,21,부산광역시,부산BIS
BSB191790201,신덕삼거리,35.20339849,128.9732156,2025-10-31,92081,21,부산광역시,부산BIS
BSB191790301,신덕삼거리,35.20474052,128.9746438,2025-10-31,12022,21,부산광역시,부산BIS
BSB191790302,강서체육공원,35.20742443,128.9745609,2025-10-31,12050,21,부산광역시,부산BIS
BSB191790303,강서체육공원복지회관,35.20764275,128.9744993,2025-10-31,92111,21,부산광역시,부산BIS
BSB191790304,신덕삼거리,35.20505514,128.9746468,2025-10-31,92110,21,부산광역시,부산BIS
BSB191810301,진목,35.11316336,128.9265704,2025-10-31,12248,21,부산광역시,부산BIS
BSB191810302,경일고등학교입구,35.11366552,128.9241591,2025-10-31,12101,21,부산광역시,부산BIS
BSB191810303,진목,35.11312805,128.9267219,2025-10-31,92281,21,부산광역시,부산BIS
BSB191810304,경일고등학교입구,35.11364322,128.9242359,2025-10-31,92282,21,부산광역시,부산BIS
BSB191840101,노적봉능엄사 입구,35.12081309,128.8966057,2025-10-31,92352,21,부산광역시,부산BIS
BSB191850101,구랑,35.12917521,128.8584842,2025-10-31,92203,21,부산광역시,부산BIS
BSB191850102,구랑,35.12899705,128.8583191,2025-10-31,12349,21,부산광역시,부산BIS
BSB191860301,강서브라이트센터,35.18126412,128.9565596,2025-10-31,12063,21,부산광역시,부산BIS
BSB191860302,강서브라이트센터,35.18123635,128.956628,2025-10-31,,21,부산광역시,부산BIS
BSB191870201,강서브라이트센터,35.1808055,128.9569478,2025-10-31,12026,21,부산광역시,부산BIS
BSB191870202,강서브라이트센터,35.18084985,128.9568438,2025-10-31,,21,부산광역시,부산BIS
BSB191880301,마음,35.13507278,128.8649162,2025-10-31,92406,21,부산광역시,부산BIS
BSB191880302,중곡,35.13826818,128.8706043,2025-10-31,92405,21,부산광역시,부산BIS
BSB191880303,마음,35.13470626,128.8640328,2025-10-31,12341,21,부산광역시,부산BIS
BSB191880304,중곡,35.13813579,128.8704356,2025-10-31,12343,21,부산광역시,부산BIS
BSB191930101,공항파출소,35.18094603,128.9534541,2025-10-31,92107,21,부산광역시,부산BIS
BSB191940101,가리새마을,35.13424428,128.8970209,2025-10-31,,21,부산광역시,부산BIS
BSB191940102,성산,35.12435683,128.8966128,2025-10-31,12514,21,부산광역시,부산BIS
BSB191940103,장락새동네,35.13612886,128.890491,2025-10-31,92349,21,부산광역시,부산BIS
BSB191940104,장락포,35.13422801,128.8971128,2025-10-31,92204,21,부산광역시,부산BIS
BSB191940105,보감사,35.12650611,128.8987667,2025-10-31,92205,21,부산광역시,부산BIS
BSB191940106,생곡삼거리,35.13669415,128.8857958,2025-10-31,92348,21,부산광역시,부산BIS
BSB191940108,성산,35.12422291,128.8964619,2025-10-31,92351,21,부산광역시,부산BIS
BSB191940109,장락,35.1351208,128.8937723,2025-10-31,92350,21,부산광역시,부산BIS
BSB191940201,생곡삼거리,35.13663055,128.8851263,2025-10-31,92364,21,부산광역시,부산BIS
BSB191940202,생곡,35.13245178,128.8800223,2025-10-31,,21,부산광역시,부산BIS
BSB191940301,용적사입구,35.13717075,128.8849093,2025-10-31,12226,21,부산광역시,부산BIS
BSB191950101,신덕삼거리,35.20310796,128.9735558,2025-10-31,,21,부산광역시,부산BIS
BSB191950201,신덕마을,35.20009891,128.9684981,2025-10-31,12196,21,부산광역시,부산BIS
BSB191950202,등구마을,35.19360701,128.9626473,2025-10-31,92083,21,부산광역시,부산BIS
BSB191950203,신덕마을,35.20000753,128.9684086,2025-10-31,92082,21,부산광역시,부산BIS
BSB191960101,신덕마을,35.20009686,128.9693697,2025-10-31,12197,21,부산광역시,부산BIS
BSB191960102,등구마을,35.19373579,128.9633505,2025-10-31,92108,21,부산광역시,부산BIS
BSB191960103,신덕마을,35.20029354,128.9695113,2025-10-31,92109,21,부산광역시,부산BIS
BSB191960201,등구마을,35.19346634,128.9625123,2025-10-31,12141,21,부산광역시,부산BIS
BSB192000102,등구마을,35.19360854,128.963309,2025-10-31,12142,21,부산광역시,부산BIS
BSB192060101,조만포,35.16373085,128.8901069,2025-10-31,,21,부산광역시,부산BIS
BSB192060202,둔치도,35.16319924,128.892837,2025-10-31,,21,부산광역시,부산BIS
BSB192060301,조만포,35.16243445,128.8890582,2025-10-31,92339,21,부산광역시,부산BIS
BSB192060302,둔치도입구,35.16418984,128.8934581,2025-10-31,12450,21,부산광역시,부산BIS
BSB192070101,조만포,35.16351827,128.8898977,2025-10-31,,21,부산광역시,부산BIS
BSB192070201,가동마을입구,35.16531383,128.8850531,2025-10-31,12352,21,부산광역시,부산BIS
BSB192070202,가동마을,35.16699307,128.8821533,2025-10-31,,21,부산광역시,부산BIS
BSB192080201,강서구청역,35.21085717,128.9805811,2025-10-31,12032,21,부산광역시,부산BIS
BSB165510201,명륜역,35.2135839,129.0796477,2025-10-31,6033,21,부산광역시,부산BIS
BSB165530202,(구)수정약국,35.1988756,129.1119127,2025-10-31,,21,부산광역시,부산BIS
BSB165530301,안락2동수협,35.19861597,129.1105397,2025-10-31,6184,21,부산광역시,부산BIS
BSB165540101,충렬초등학교,35.20009625,129.1125942,2025-10-31,6216,21,부산광역시,부산BIS
BSB165540201,안락SK2차아파트,35.19905032,129.1134621,2025-10-31,9268,21,부산광역시,부산BIS
BSB165540202,센텀SK뷰아파트,35.20256569,129.116694,2025-10-31,9266,21,부산광역시,부산BIS
BSB165540203,안락SK현대아파트,35.19896009,129.1132697,2025-10-31,,21,부산광역시,부산BIS
BSB165560101,동래경찰서,35.20051,129.085055,2025-10-31,6145,21,부산광역시,부산BIS
BSB165560201,동래구보훈회관,35.19509063,129.0874013,2025-10-31,,21,부산광역시,부산BIS
BSB165560202,삼성가든아파트,35.19784617,129.0856024,2025-10-31,,21,부산광역시,부산BIS
BSB165560203,새동래3차아파트,35.19660326,129.0864182,2025-10-31,,21,부산광역시,부산BIS
BSB165560301,세병교,35.19756692,129.083532,2025-10-31,6244,21,부산광역시,부산BIS
BSB165560401,동래경찰서.수안역,35.20081505,129.08433,2025-10-31,6144,21,부산광역시,부산BIS
BSB165560402,동래경찰서,35.20090479,129.0842933,2025-10-31,,21,부산광역시,부산BIS
BSB165590101,충렬사역.서원시장,35.20063871,129.0982486,2025-10-31,6197,21,부산광역시,부산BIS
BSB165600202,낙민역.동래고등학교,35.19956657,129.092211,2025-10-31,6158,21,부산광역시,부산BIS
BSB165610101,동래시장정문,35.20291119,129.0855679,2025-10-31,6251,21,부산광역시,부산BIS
BSB165610102,동래구청,35.20457361,129.0845647,2025-10-31,6252,21,부산광역시,부산BIS
BSB165620201,서원시장,35.20078703,129.0986346,2025-10-31,,21,부산광역시,부산BIS
BSB165620401,충렬사후문,35.20122125,129.0978656,2025-10-31,,21,부산광역시,부산BIS
BSB165630101,119안전체험관,35.21708796,129.0736273,2025-10-31,,21,부산광역시,부산BIS
BSB165630102,금강공원,35.21900222,129.0765601,2025-10-31,,21,부산광역시,부산BIS
BSB165630103,온천119안전센터,35.22288424,129.0772818,2025-10-31,,21,부산광역시,부산BIS
BSB165630104,해양자연사박물관,35.22038146,129.0766736,2025-10-31,,21,부산광역시,부산BIS
BSB165630201,우장춘기념관,35.21313972,129.0714989,2025-10-31,,21,부산광역시,부산BIS
BSB165640301,화신아파트,35.19878064,129.0758294,2025-10-31,6140,21,부산광역시,부산BIS
BSB165640401,부전교회,35.20024838,129.0780187,2025-10-31,6142,21,부산광역시,부산BIS
BSB165640402,부전교회,35.20009308,129.0780422,2025-10-31,,21,부산광역시,부산BIS
BSB165650201,부전교회,35.19982102,129.0777002,2025-10-31,6141,21,부산광역시,부산BIS
BSB165670101,조양아파트,35.2062049,129.1008845,2025-10-31,,21,부산광역시,부산BIS
BSB165670201,국제파크아파트,35.2053378,129.0998899,2025-10-31,,21,부산광역시,부산BIS
BSB165670202,조양아파트,35.20604368,129.1004284,2025-10-31,,21,부산광역시,부산BIS
BSB165680301,코끼리유치원,35.20688718,129.0933072,2025-10-31,,21,부산광역시,부산BIS
BSB165680302,학산여자고등학교,35.20712357,129.0952605,2025-10-31,,21,부산광역시,부산BIS
BSB165680401,명장초등학교,35.20741166,129.097608,2025-10-31,,21,부산광역시,부산BIS
BSB165680501,코끼리유치원,35.20765725,129.0937876,2025-10-31,,21,부산광역시,부산BIS
BSB165680502,학산여자고등학교,35.20738313,129.0953068,2025-10-31,,21,부산광역시,부산BIS
BSB165720201,"명륜초등학교, 동래향교",35.2073672,129.082996,2025-10-31,,21,부산광역시,부산BIS
BSB165720501,명륜교차로.명륜자이아파트,35.20813349,129.0818313,2025-10-31,,21,부산광역시,부산BIS
BSB165730101,동래전화국,35.20414434,129.0826235,2025-10-31,6071,21,부산광역시,부산BIS
BSB165730102,동래전화국,35.20389638,129.0827366,2025-10-31,6072,21,부산광역시,부산BIS
BSB165730103,동래전화국,35.20406898,129.0826559,2025-10-31,,21,부산광역시,부산BIS
BSB165740201,동래경찰서,35.19996262,129.0843166,2025-10-31,6143,21,부산광역시,부산BIS
BSB165740202,동래경찰서,35.20083929,129.0840151,2025-10-31,,21,부산광역시,부산BIS
BSB165740303,메가마트동래점정문,35.20336793,129.0809244,2025-10-31,,21,부산광역시,부산BIS
BSB165750301,동래전화국,35.20433537,129.08277,2025-10-31,6070,21,부산광역시,부산BIS
BSB165760201,명륜역.동래중학교,35.2101351,129.0798967,2025-10-31,6223,21,부산광역시,부산BIS
BSB165760202,동래중학교,35.21032614,129.0797444,2025-10-31,,21,부산광역시,부산BIS
BSB165760301,동래보건소,35.2109557,129.0790618,2025-10-31,,21,부산광역시,부산BIS
BSB165760302,동래중학교,35.21033876,129.078855,2025-10-31,,21,부산광역시,부산BIS
BSB165770101,중앙여자고등학교,35.20802945,129.0787298,2025-10-31,,21,부산광역시,부산BIS
BSB165770102,동래역2번출구,35.20542252,129.0787302,2025-10-31,,21,부산광역시,부산BIS
BSB165770103,동래역4번출구,35.20649534,129.0787319,2025-10-31,,21,부산광역시,부산BIS
BSB165770301,동래보건소,35.21074397,129.0791344,2025-10-31,,21,부산광역시,부산BIS
BSB165770302,동래중학교,35.21033508,129.0790103,2025-10-31,,21,부산광역시,부산BIS
BSB165780301,동래역.내성교차로,35.20449126,129.078474,2025-10-31,6082,21,부산광역시,부산BIS
BSB165780302,동래역.내성교차로,35.20462794,129.0784941,2025-10-31,6083,21,부산광역시,부산BIS
BSB165780303,동래역환승센터,35.20452342,129.0783801,2025-10-31,,21,부산광역시,부산BIS
BSB165790301,동래역4번출구,35.20549107,129.0789089,2025-10-31,,21,부산광역시,부산BIS
BSB165790302,중앙여자고등학교,35.20772345,129.0789,2025-10-31,,21,부산광역시,부산BIS
BSB165800101,달북초등학교,35.2025048,129.0603176,2025-10-31,,21,부산광역시,부산BIS
BSB165800102,사직초등학교앞교차로,35.20101591,129.0565999,2025-10-31,,21,부산광역시,부산BIS
BSB165800103,사직고등학교,35.20170536,129.0594544,2025-10-31,,21,부산광역시,부산BIS
BSB165800201,사직2동주민센터,35.20023879,129.0571422,2025-10-31,6108,21,부산광역시,부산BIS
BSB165800202,삼익아파트,35.19965706,129.0588327,2025-10-31,6111,21,부산광역시,부산BIS
BSB165800203,사직2동주민센터,35.20019667,129.0572219,2025-10-31,,21,부산광역시,부산BIS
BSB165800204,삼익아파트후문,35.19962666,129.0589128,2025-10-31,,21,부산광역시,부산BIS
BSB165800301,동인고등학교,35.19794773,129.0531467,2025-10-31,6116,21,부산광역시,부산BIS
BSB165800302,사직초등학교,35.20051679,129.0552907,2025-10-31,6114,21,부산광역시,부산BIS
BSB165800303,사직여고,35.19661692,129.053573,2025-10-31,6117,21,부산광역시,부산BIS
BSB165800304,원광사,35.19478345,129.0541156,2025-10-31,6104,21,부산광역시,부산BIS
BSB165800305,사직여중,35.19481021,129.0568011,2025-10-31,6119,21,부산광역시,부산BIS
BSB165800403,사직중학교,35.19885555,129.0533687,2025-10-31,,21,부산광역시,부산BIS
BSB165800404,사직초등학교,35.20060774,129.0554316,2025-10-31,,21,부산광역시,부산BIS
BSB165800405,삼정그린코아아파트,35.1980302,129.0531398,2025-10-31,,21,부산광역시,부산BIS
BSB165810201,사직119안전센터,35.19465364,129.0585851,2025-10-31,13175,21,부산광역시,부산BIS
BSB165810202,아시아드주경기장,35.19215818,129.0593372,2025-10-31,13173,21,부산광역시,부산BIS
BSB165810203,사직119안전센터,35.19448843,129.0586392,2025-10-31,,21,부산광역시,부산BIS
BSB165810204,아시아드주경기장,35.1922295,129.0593113,2025-10-31,,21,부산광역시,부산BIS
BSB165810301,사직여중,35.19497738,129.0563744,2025-10-31,6103,21,부산광역시,부산BIS
BSB165810302,사직여고,35.19724202,129.0536218,2025-10-31,6105,21,부산광역시,부산BIS
BSB165810303,사직중학교,35.19942917,129.0543104,2025-10-31,6106,21,부산광역시,부산BIS
BSB165810304,사직초등학교,35.2005879,129.0558273,2025-10-31,6107,21,부산광역시,부산BIS
BSB165820101,동래구노인복지관,35.21349471,129.0832842,2025-10-31,6040,21,부산광역시,부산BIS
BSB165820102,동래구노인복지관,35.21434792,129.0834452,2025-10-31,6038,21,부산광역시,부산BIS
BSB165820103,온천입구,35.21645517,129.0851959,2025-10-31,6018,21,부산광역시,부산BIS
BSB165820201,동래우체국,35.20942119,129.0822277,2025-10-31,6045,21,부산광역시,부산BIS
BSB165820202,동래우체국,35.209816,129.0822965,2025-10-31,6044,21,부산광역시,부산BIS
BSB165820203,동래우체국,35.20990077,129.0823163,2025-10-31,,21,부산광역시,부산BIS
BSB165820401,명륜아이파크1차정문,35.21018222,129.0835038,2025-10-31,,21,부산광역시,부산BIS
BSB165830201,명장정수사업소,35.20807094,129.1033459,2025-10-31,6220,21,부산광역시,부산BIS
BSB165840301,동남아파트,35.21053449,129.1019561,2025-10-31,,21,부산광역시,부산BIS
BSB165840302,명장2동치안센터,35.21192218,129.1004538,2025-10-31,,21,부산광역시,부산BIS
BSB165840303,성지아파트,35.21299988,129.1001424,2025-10-31,,21,부산광역시,부산BIS
BSB165850201,온천장,35.21828732,129.083442,2025-10-31,6023,21,부산광역시,부산BIS
BSB172830101,개금시영아파트,35.14588673,129.0165693,2025-10-31,,21,부산광역시,부산BIS
BSB172860301,개금아파트,35.14438464,129.0161411,2025-10-31,,21,부산광역시,부산BIS
BSB172860302,동남여객차고지,35.14428114,129.0161183,2025-10-31,,21,부산광역시,부산BIS
BSB172900201,가남시장,35.14963416,129.0343968,2025-10-31,5370,21,부산광역시,부산BIS
BSB172900202,가남시장,35.14970152,129.0343892,2025-10-31,,21,부산광역시,부산BIS
BSB172910201,가남시장,35.14961308,129.0345923,2025-10-31,5134,21,부산광역시,부산BIS
BSB172910202,가남시장,35.14968188,129.0345888,2025-10-31,,21,부산광역시,부산BIS
BSB172930101,주례여자고등학교,35.14547699,129.0142234,2025-10-31,,21,부산광역시,부산BIS
BSB172940201,주례여자고등학교,35.1454851,129.0144336,2025-10-31,,21,부산광역시,부산BIS
BSB172950201,동서대입구,35.14450531,129.0145604,2025-10-31,,21,부산광역시,부산BIS
BSB172950202,동서대학교,35.14458696,129.0118168,2025-10-31,,21,부산광역시,부산BIS
BSB172960101,협성프라자,35.17130028,129.0377839,2025-10-31,,21,부산광역시,부산BIS
BSB172960201,협성피닉스타운,35.17203535,129.0378825,2025-10-31,,21,부산광역시,부산BIS
BSB173000101,우미식당,35.15832325,129.0233011,2025-10-31,,21,부산광역시,부산BIS
BSB173010301,개금반도보라아파트,35.15939639,129.0232564,2025-10-31,,21,부산광역시,부산BIS
BSB173030201,덕인빌라,35.15884496,129.0249765,2025-10-31,,21,부산광역시,부산BIS
BSB173090201,부산학생교육문화회관,35.18374792,129.0473938,2025-10-31,5355,21,부산광역시,부산BIS
BSB173090202,부산학생교육문화회관,35.18365511,129.0473542,2025-10-31,,21,부산광역시,부산BIS
BSB173090301,대림아파트,35.18514447,129.0480737,2025-10-31,,21,부산광역시,부산BIS
BSB173100101,부산학생교육문화회관,35.18361127,129.0475695,2025-10-31,,21,부산광역시,부산BIS
BSB173110201,어린이대공원,35.18266916,129.0471002,2025-10-31,,21,부산광역시,부산BIS
BSB173130301,개금역.개금초등학교,35.15424353,129.0209204,2025-10-31,5108,21,부산광역시,부산BIS
BSB173130302,개금역.개금초등학교,35.15405154,129.0207559,2025-10-31,,21,부산광역시,부산BIS
BSB173150202,개금삼거리,35.15344432,129.0250646,2025-10-31,,21,부산광역시,부산BIS
BSB173150203,개금역2번출구,35.15349984,129.0215413,2025-10-31,,21,부산광역시,부산BIS
BSB173310101,개금아파트,35.14440665,129.0162919,2025-10-31,,21,부산광역시,부산BIS
BSB173310102,동남여객차고지,35.14426131,129.0162707,2025-10-31,,21,부산광역시,부산BIS
BSB173390201,당리역,35.10379269,128.9735569,2025-10-31,,21,부산광역시,부산BIS
BSB173410201,구평고물상,35.07358132,128.9841161,2025-10-31,,21,부산광역시,부산BIS
BSB173420101,동원로얄아파트입구,35.08130429,128.9649626,2025-10-31,,21,부산광역시,부산BIS
BSB173460201,풍조식품,35.08118192,128.9601864,2025-10-31,,21,부산광역시,부산BIS
BSB173480101,동원로얄듀크아파트,35.07917127,128.9648301,2025-10-31,10229,21,부산광역시,부산BIS
BSB173480201,동원로얄아파트,35.07880367,128.9646751,2025-10-31,,21,부산광역시,부산BIS
BSB173490101,동원로얄아파트,35.07890911,128.9650857,2025-10-31,,21,부산광역시,부산BIS
BSB173490301,동원로얄듀크101동앞,35.07826723,128.9646897,2025-10-31,,21,부산광역시,부산BIS
BSB173580101,임석삼거리,35.28826244,129.1093791,2025-10-31,,21,부산광역시,부산BIS
BSB173580102,농협,35.29619835,129.111886,2025-10-31,,21,부산광역시,부산BIS
BSB173580103,임석,35.28762277,129.1090876,2025-10-31,,21,부산광역시,부산BIS
BSB173580104,수반,35.29133483,129.1111345,2025-10-31,,21,부산광역시,부산BIS
BSB173580105,다움병원,35.29435082,129.1115888,2025-10-31,,21,부산광역시,부산BIS
BSB173580106,중리,35.29613199,129.1119476,2025-10-31,,21,부산광역시,부산BIS
BSB173620201,회동석대산단,35.23226714,129.1271355,2025-10-31,11260,21,부산광역시,부산BIS
BSB173620301,건설안전시험사업소,35.23234521,129.1243589,2025-10-31,11272,21,부산광역시,부산BIS
BSB173630101,회동석대산단,35.23215538,129.1273413,2025-10-31,11261,21,부산광역시,부산BIS
BSB173640301,회동동,35.23043841,129.1239863,2025-10-31,11161,21,부산광역시,부산BIS
BSB173700201,금단마을,35.25157915,129.0992452,2025-10-31,11269,21,부산광역시,부산BIS
BSB173700202,브니엘고등학교,35.25680744,129.102003,2025-10-31,11271,21,부산광역시,부산BIS
BSB173700203,금단마을,35.25282824,129.1002895,2025-10-31,,21,부산광역시,부산BIS
BSB173700204,브니엘고등학교,35.25807421,129.1024834,2025-10-31,,21,부산광역시,부산BIS
BSB173720101,브니엘고등학교,35.25673375,129.1022446,2025-10-31,11270,21,부산광역시,부산BIS
BSB173720102,금단마을,35.25150156,129.0995618,2025-10-31,11268,21,부산광역시,부산BIS
BSB173720103,브니엘고등학교,35.257066,129.1023523,2025-10-31,,21,부산광역시,부산BIS
BSB173720104,금단마을,35.25212293,129.100015,2025-10-31,,21,부산광역시,부산BIS
BSB173720201,동래초등학교,35.24769002,129.0969477,2025-10-31,11267,21,부산광역시,부산BIS
BSB173720202,태평양아파트,35.24862079,129.0974689,2025-10-31,,21,부산광역시,부산BIS
BSB173720203,동래초등학교,35.24788494,129.0971397,2025-10-31,,21,부산광역시,부산BIS
BSB173730201,지장암,35.28140382,129.078549,2025-10-31,11169,21,부산광역시,부산BIS
BSB173740201,경동아파트,35.28150242,129.0866629,2025-10-31,11168,21,부산광역시,부산BIS
BSB173750201,범어사매표소,35.28329915,129.0727979,2025-10-31,11084,21,부산광역시,부산BIS
BSB173750202,범어사주차장,35.28219622,129.0725808,2025-10-31,11165,21,부산광역시,부산BIS
BSB173770201,상마마을.범어사박물관,35.27930148,129.0735527,2025-10-31,11166,21,부산광역시,부산BIS
BSB173800101,하마마을,35.27936343,129.0766986,2025-10-31,11167,21,부산광역시,부산BIS
BSB173830101,어린이놀이터,35.27542431,129.0875146,2025-10-31,11014,21,부산광역시,부산BIS
BSB173830201,남산동.요산문학관,35.2722434,129.0850147,2025-10-31,11018,21,부산광역시,부산BIS
BSB173830202,한아름빌라,35.27516903,129.0849365,2025-10-31,11017,21,부산광역시,부산BIS
BSB173830203,금샘초등학교,35.26940599,129.0850768,2025-10-31,11027,21,부산광역시,부산BIS
BSB173840202,성불사입구,35.27981159,129.0897674,2025-10-31,11242,21,부산광역시,부산BIS
BSB173850201,범어사입구사거리,35.27635295,129.089872,2025-10-31,,21,부산광역시,부산BIS
BSB173860101,수원지마을,35.24894642,129.1046873,2025-10-31,,21,부산광역시,부산BIS
BSB173860201,수원지마을,35.24908617,129.1044093,2025-10-31,,21,부산광역시,부산BIS
BSB173870101,분도농원,35.24815578,129.1072227,2025-10-31,,21,부산광역시,부산BIS
BSB173870102,주말농장,35.24764411,129.1078851,2025-10-31,,21,부산광역시,부산BIS
BSB173900201,금성동주민센터,35.24994735,129.0566463,2025-10-31,,21,부산광역시,부산BIS
BSB173900202,산성공해마을3동,35.24571367,129.0556417,2025-10-31,,21,부산광역시,부산BIS
BSB173900301,금성동주민센터,35.25029745,129.056503,2025-10-31,,21,부산광역시,부산BIS
BSB173900302,본동집,35.25058491,129.0561344,2025-10-31,,21,부산광역시,부산BIS
BSB173910101,금성동주민센터,35.25016589,129.0564392,2025-10-31,,21,부산광역시,부산BIS
BSB173910102,본동집,35.25048751,129.0560331,2025-10-31,,21,부산광역시,부산BIS
BSB173910201,죽전마을,35.251236,129.0545076,2025-10-31,,21,부산광역시,부산BIS
BSB173910202,서울슈퍼,35.25102391,129.0553573,2025-10-31,,21,부산광역시,부산BIS
BSB173910303,마을회관,35.25112589,129.0549405,2025-10-31,,21,부산광역시,부산BIS
BSB173950301,금정체육공원정문,35.29148129,129.1024596,2025-10-31,,21,부산광역시,부산BIS
BSB173950302,금정체육공원,35.29177276,129.1024563,2025-10-31,,21,부산광역시,부산BIS
BSB173960301,테니스장입구,35.29431466,129.1077215,2025-10-31,,21,부산광역시,부산BIS
BSB173960302,함몰마을,35.29405657,129.1076648,2025-10-31,,21,부산광역시,부산BIS
BSB173970102,금정체육공원,35.29110709,129.102375,2025-10-31,,21,부산광역시,부산BIS
BSB173990301,침례병원.남산역,35.26592441,129.0924169,2025-10-31,11033,21,부산광역시,부산BIS
BSB173990302,남산역,35.26528041,129.0922591,2025-10-31,,21,부산광역시,부산BIS
BSB174040201,경륜장남문,35.28862865,129.1051194,2025-10-31,,21,부산광역시,부산BIS
BSB174070101,남산프라자,35.26271846,129.092054,2025-10-31,11043,21,부산광역시,부산BIS
BSB174070301,두실역,35.25839628,129.0912009,2025-10-31,11045,21,부산광역시,부산BIS
BSB174110201,남산동새벽시장,35.26918941,129.0889574,2025-10-31,11025,21,부산광역시,부산BIS
BSB174110202,남산고등학교입구,35.26772715,129.0889785,2025-10-31,11030,21,부산광역시,부산BIS
BSB174110301,남산동농협,35.27247343,129.0891313,2025-10-31,11021,21,부산광역시,부산BIS
BSB174120301,범어사역,35.27169256,129.0928292,2025-10-31,11023,21,부산광역시,부산BIS
BSB174120302,범어사역,35.27229924,129.0928321,2025-10-31,,21,부산광역시,부산BIS
BSB174130201,범어사역,35.27407542,129.0924562,2025-10-31,11010,21,부산광역시,부산BIS
BSB174140101,노포삼거리,35.2785394,129.0933132,2025-10-31,,21,부산광역시,부산BIS
BSB174160301,서금지구대.금사역,35.21623368,129.1160064,2025-10-31,11146,21,부산광역시,부산BIS
BSB202140102,기장경찰서,35.25514249,129.2236122,2025-10-31,16567,21,부산광역시,부산BIS
BSB202140103,기장경찰서,35.25579655,129.2240368,2025-10-31,,21,부산광역시,부산BIS
BSB202140104,기장체육관,35.25237587,129.2219065,2025-10-31,,21,부산광역시,부산BIS
BSB202140201,기장체육관,35.24967866,129.2206148,2025-10-31,16543,21,부산광역시,부산BIS
BSB202140202,기장군청,35.24470414,129.2206951,2025-10-31,16533,21,부산광역시,부산BIS
BSB202140203,죽성사거리,35.24136154,129.220205,2025-10-31,16525,21,부산광역시,부산BIS
BSB202150101,죽성사거리,35.24222312,129.2206565,2025-10-31,16514,21,부산광역시,부산BIS
BSB202150102,기장군청,35.24459152,129.2210613,2025-10-31,16553,21,부산광역시,부산BIS
BSB202150103,기장체육관,35.24963781,129.2209833,2025-10-31,16541,21,부산광역시,부산BIS
BSB202150201,죽성사거리,35.24177551,129.2208507,2025-10-31,,21,부산광역시,부산BIS
BSB202150401,죽성사거리,35.23990313,129.2201264,2025-10-31,16516,21,부산광역시,부산BIS
BSB202150501,기장성당,35.24126155,129.2182219,2025-10-31,,21,부산광역시,부산BIS
BSB202160101,일광해수욕장입구,35.26248958,129.2317556,2025-10-31,16074,21,부산광역시,부산BIS
BSB202160102,동해선일광역,35.26567687,129.2335729,2025-10-31,16009,21,부산광역시,부산BIS
BSB202160103,구.일광역,35.26482921,129.2334002,2025-10-31,,21,부산광역시,부산BIS
BSB202160104,동해선일광역,35.26560116,129.2335545,2025-10-31,,21,부산광역시,부산BIS
BSB202160105,일광해수욕장입구,35.26252815,129.2318287,2025-10-31,,21,부산광역시,부산BIS
BSB202170301,부산예빛학교,35.27937802,129.2321915,2025-10-31,16205,21,부산광역시,부산BIS
BSB202170302,부산예빛학교,35.27949402,129.2322068,2025-10-31,,21,부산광역시,부산BIS
BSB202200101,기장초등학교,35.24390752,129.2137757,2025-10-31,16531,21,부산광역시,부산BIS
BSB202200201,기장농협,35.24299102,129.2152029,2025-10-31,16512,21,부산광역시,부산BIS
BSB202200202,기장시장.농협,35.24298648,129.2152904,2025-10-31,,21,부산광역시,부산BIS
BSB202200301,기장전화국,35.24209812,129.2133557,2025-10-31,16534,21,부산광역시,부산BIS
BSB202260201,교리초교,35.25403738,129.2170944,2025-10-31,,21,부산광역시,부산BIS
BSB202260301,교리초등학교,35.25436839,129.2163696,2025-10-31,16546,21,부산광역시,부산BIS
BSB202280201,교리초등학교,35.25414994,129.2165102,2025-10-31,16554,21,부산광역시,부산BIS
BSB202280401,기장교리아파트,35.25322148,129.214118,2025-10-31,16547,21,부산광역시,부산BIS
BSB202280402,교리초등학교,35.25416625,129.2154621,2025-10-31,16555,21,부산광역시,부산BIS
BSB202290301,교리,35.2526978,129.2157041,2025-10-31,16501,21,부산광역시,부산BIS
BSB202300101,기장시장,35.2450088,129.2154572,2025-10-31,16536,21,부산광역시,부산BIS
BSB202310101,대진로얄타운,35.24751812,129.2139353,2025-10-31,16568,21,부산광역시,부산BIS
BSB202320201,기장2주공,35.23432074,129.2186783,2025-10-31,16539,21,부산광역시,부산BIS
BSB202320202,대변고개,35.23031059,129.2214198,2025-10-31,16537,21,부산광역시,부산BIS
BSB202330101,대곡마을,35.26671526,129.1505833,2025-10-31,16230,21,부산광역시,부산BIS
BSB202360101,횡계,35.27393743,129.2304001,2025-10-31,16233,21,부산광역시,부산BIS
BSB202360102,횡계,35.27400334,129.2304103,2025-10-31,,21,부산광역시,부산BIS
BSB202360201,삼덕입구,35.27104489,129.2311728,2025-10-31,16268,21,부산광역시,부산BIS
BSB202360202,부전아파트,35.26867836,129.233904,2025-10-31,,21,부산광역시,부산BIS
BSB202360203,삼덕입구,35.27098869,129.2312163,2025-10-31,,21,부산광역시,부산BIS
BSB202360204,동해선일광역입구,35.26679385,129.2336162,2025-10-31,16349,21,부산광역시,부산BIS
BSB202380301,월내시장,35.3266042,129.2769443,2025-10-31,16339,21,부산광역시,부산BIS
BSB202380302,동해선월내역.월내시장,35.32656915,129.2768847,2025-10-31,,21,부산광역시,부산BIS
BSB202420101,봉수대입구,35.33493823,129.292422,2025-10-31,,21,부산광역시,부산BIS
BSB202430101,후동입구,35.26080667,129.2279241,2025-10-31,16008,21,부산광역시,부산BIS
BSB202430102,후동입구,35.26085373,129.2280093,2025-10-31,,21,부산광역시,부산BIS
BSB202430201,후동입구,35.26008338,129.2261774,2025-10-31,16185,21,부산광역시,부산BIS
BSB202430202,후동입구,35.26018256,129.2262754,2025-10-31,,21,부산광역시,부산BIS
BSB202450201,기장농협,35.2531486,129.2172561,2025-10-31,,21,부산광역시,부산BIS
BSB202450301,우정공원,35.25290325,129.2170519,2025-10-31,,21,부산광역시,부산BIS
BSB202460101,오신,35.20774068,129.2088725,2025-10-31,16050,21,부산광역시,부산BIS
BSB202510101,고리스포츠문화센터,35.3303086,129.2861336,2025-10-31,,21,부산광역시,부산BIS
BSB202560101,대라아파트,35.23776995,129.2121024,2025-10-31,,21,부산광역시,부산BIS
BSB202590101,공수.양경마을,35.18378945,129.2104474,2025-10-31,16001,21,부산광역시,부산BIS
BSB202590102,공수.당사마을,35.18669507,129.2116863,2025-10-31,16095,21,부산광역시,부산BIS
BSB202590103,공수,35.18394502,129.2105406,2025-10-31,,21,부산광역시,부산BIS
BSB202590104,당사.양경마을,35.18648032,129.2116027,2025-10-31,,21,부산광역시,부산BIS
BSB202610301,용소삼거리,35.34105155,129.2505714,2025-10-31,16311,21,부산광역시,부산BIS
BSB202610302,장안초등학교,35.34648749,129.2544341,2025-10-31,16313,21,부산광역시,부산BIS
BSB202610303,용소삼거리,35.3413088,129.2507325,2025-10-31,16312,21,부산광역시,부산BIS
BSB202610304,장안초등학교,35.34662624,129.254306,2025-10-31,16314,21,부산광역시,부산BIS
BSB202650301,월내초등학교,35.3296245,129.282502,2025-10-31,16163,21,부산광역시,부산BIS
BSB202650302,월내초등학교,35.3295913,129.2824306,2025-10-31,,21,부산광역시,부산BIS
BSB202690201,좌천초등학교,35.31075318,129.2414783,2025-10-31,16270,21,부산광역시,부산BIS
BSB202690202,좌천초등학교,35.31067204,129.2413557,2025-10-31,,21,부산광역시,부산BIS
BSB202710102,좌동리교차로,35.31777373,129.2421558,2025-10-31,16253,21,부산광역시,부산BIS
BSB202710103,장안제일고등학교,35.31471326,129.2430718,2025-10-31,16272,21,부산광역시,부산BIS
BSB202710104,장안제일고등학교,35.31478636,129.2430269,2025-10-31,,21,부산광역시,부산BIS
BSB202710105,좌동리교차로,35.31771948,129.2421653,2025-10-31,,21,부산광역시,부산BIS
BSB202710201,좌동리교차로,35.31752341,129.2420184,2025-10-31,16072,21,부산광역시,부산BIS
BSB202710202,좌동삼거리,35.31758375,129.2419406,2025-10-31,,21,부산광역시,부산BIS
BSB202740201,횡계,35.27403342,129.2301307,2025-10-31,16234,21,부산광역시,부산BIS
BSB202740202,횡계,35.27396656,129.230126,2025-10-31,,21,부산광역시,부산BIS
BSB202800301,대진로얄타운,35.24757238,129.2136787,2025-10-31,16569,21,부산광역시,부산BIS
BSB202810201,기장성당,35.24116697,129.2177988,2025-10-31,16560,21,부산광역시,부산BIS
BSB202810301,기장성당,35.24129841,129.2181314,2025-10-31,16532,21,부산광역시,부산BIS
BSB202820201,이진아파트,35.25024605,129.208668,2025-10-31,16524,21,부산광역시,부산BIS
BSB202830301,기장초등학교,35.24387953,129.213485,2025-10-31,16549,21,부산광역시,부산BIS
BSB202880101,청강사거리,35.23665964,129.2185132,2025-10-31,16535,21,부산광역시,부산BIS
BSB202880301,기장2주공,35.23494286,129.2169601,2025-10-31,16519,21,부산광역시,부산BIS
BSB202880401,청강사거리,35.23640142,129.2175631,2025-10-31,16562,21,부산광역시,부산BIS
BSB202890101,대라리사거리,35.23869859,129.2134897,2025-10-31,16528,21,부산광역시,부산BIS
BSB202890102,대라리사거리,35.23859796,129.2134873,2025-10-31,,21,부산광역시,부산BIS
BSB202890401,대라아파트,35.23798161,129.2121082,2025-10-31,,21,부산광역시,부산BIS
BSB202900101,기장2주공,35.23475431,129.2173606,2025-10-31,16548,21,부산광역시,부산BIS
BSB202920101,무양,35.22748235,129.2258882,2025-10-31,16071,21,부산광역시,부산BIS
BSB202920301,대변고개,35.23045548,129.2216513,2025-10-31,16520,21,부산광역시,부산BIS
BSB202920302,기장2주공,35.23427393,129.2190714,2025-10-31,16538,21,부산광역시,부산BIS
BSB202930101,무양,35.22787595,129.2253379,2025-10-31,16005,21,부산광역시,부산BIS
BSB202930301,대변,35.22494196,129.2281815,2025-10-31,16117,21,부산광역시,부산BIS
BSB202990301,월평교차로,35.3583856,129.1409697,2025-10-31,16198,21,부산광역시,부산BIS
BSB203010201,임곡,35.35172064,129.1352484,2025-10-31,16193,21,부산광역시,부산BIS
BSB203020101,임곡,35.35164037,129.1355598,2025-10-31,16194,21,부산광역시,부산BIS
BSB203020201,개곡마을,35.34627635,129.1272027,2025-10-31,52009,21,부산광역시,부산BIS
BSB203030201,철마면행정복지센터,35.27398447,129.1499833,2025-10-31,16309,21,부산광역시,부산BIS
BSB203090201,기장도서관,35.25016098,129.2169924,2025-10-31,,21,부산광역시,부산BIS
BSB215760201,세영리첼아파트,35.17711446,128.8048405,2025-10-31,,21,부산광역시,부산BIS
BSB215770101,화촌윗마을,35.17662701,128.806103,2025-10-31,,21,부산광역시,부산BIS
BSB215770102,주공율곡마을,35.17456082,128.8062658,2025-10-31,,21,부산광역시,부산BIS
BSB215770201,율하푸르지오3단지,35.17407123,128.8082745,2025-10-31,,21,부산광역시,부산BIS
BSB215770202,율하푸르지오4단지,35.1753701,128.8118156,2025-10-31,,21,부산광역시,부산BIS
BSB215780101,한국2차아파트,35.22999082,128.8646837,2025-10-31,,21,부산광역시,부산BIS
BSB215780201,한신아파트,35.23195139,128.8526248,2025-10-31,,21,부산광역시,부산BIS
BSB215780202,중앙병원,35.23108398,128.8568885,2025-10-31,,21,부산광역시,부산BIS
BSB215810102,사직여자중학교,35.19510862,129.054278,2025-10-31,,21,부산광역시,부산BIS
BSB215810103,삼정그린코아아파트,35.19735427,129.0535947,2025-10-31,,21,부산광역시,부산BIS
BSB215820103,사직중학교,35.19866153,129.0534956,2025-10-31,,21,부산광역시,부산BIS
BSB215820104,사직중학교,35.19937301,129.0542359,2025-10-31,,21,부산광역시,부산BIS
BSB215820105,사직초등학교,35.20051472,129.055702,2025-10-31,,21,부산광역시,부산BIS
BSB215820203,사직여자고등학교,35.19700278,129.0534448,2025-10-31,,21,부산광역시,부산BIS
BSB215820204,사직여자중학교,35.19505762,129.0540232,2025-10-31,,21,부산광역시,부산BIS
BSB215830101,조달청비축기지,35.09833942,128.8831916,2025-10-31,12359,21,부산광역시,부산BIS
BSB215840101,가동마을,35.33107471,129.179568,2025-10-31,16281,21,부산광역시,부산BIS
BSB215840102,정관양우내안에,35.32945472,129.1790819,2025-10-31,16345,21,부산광역시,부산BIS
BSB215850101,정관농협기업지점,35.32097153,129.1784117,2025-10-31,16280,21,부산광역시,부산BIS
BSB215850201,정관읍행정복지센터.기장소방서,35.32441994,129.1808187,2025-10-31,16260,21,부산광역시,부산BIS
BSB215880103,감천2동,35.09083591,129.0066065,2025-10-31,,21,부산광역시,부산BIS
BSB215880104,감천사거리,35.08808644,129.005094,2025-10-31,,21,부산광역시,부산BIS
BSB215880105,수협,35.08917322,129.0053923,2025-10-31,,21,부산광역시,부산BIS
BSB215880201,감천2동삼거리,35.09282872,129.0090255,2025-10-31,,21,부산광역시,부산BIS
BSB215880202,감천2동새마을금고,35.09189243,129.0083461,2025-10-31,,21,부산광역시,부산BIS
BSB215880203,감천2치안센터,35.09425179,129.0101845,2025-10-31,,21,부산광역시,부산BIS
BSB215890103,다대문화체육센터,35.04929715,128.9617051,2025-10-31,,21,부산광역시,부산BIS
BSB215890104,다대포해수욕장역,35.04859177,128.9640827,2025-10-31,,21,부산광역시,부산BIS
BSB215890201,다대문화체육센터,35.05026117,128.9600487,2025-10-31,10222,21,부산광역시,부산BIS
BSB215910101,부산대청중학교,35.2338748,129.2132157,2025-10-31,16571,21,부산광역시,부산BIS
BSB215920101,서부산유통지구역,35.16677113,128.954476,2025-10-31,12367,21,부산광역시,부산BIS
BSB215920102,서부산유통지구역,35.16670286,128.9545183,2025-10-31,,21,부산광역시,부산BIS
BSB215930101,서부산유통지구역,35.16795021,128.9567979,2025-10-31,12368,21,부산광역시,부산BIS
BSB215940101,신항국제물류,35.08438468,128.8020878,2025-10-31,,21,부산광역시,부산BIS
BSB215950101,신항서문입구,35.08289042,128.8016657,2025-10-31,12369,21,부산광역시,부산BIS
BSB215970101,수산가공선진화단지,35.05465598,129.0119559,2025-10-31,2184,21,부산광역시,부산BIS
BSB215980101,수산가공선진화단지입구,35.05701535,129.0126056,2025-10-31,2183,21,부산광역시,부산BIS
BSB215990301,서부산유통1단지,35.16816591,128.9565562,2025-10-31,,21,부산광역시,부산BIS
BSB216000101,동해선신해운대역,35.18133587,129.1777454,2025-10-31,9344,21,부산광역시,부산BIS
BSB216000102,동해선신해운대역,35.1812576,129.1777131,2025-10-31,,21,부산광역시,부산BIS
BSB216010101,극동스타클래스,35.08210749,128.9010283,2025-10-31,12404,21,부산광역시,부산BIS
BSB216010102,한신휴플러스,35.08210891,128.9009379,2025-10-31,,21,부산광역시,부산BIS
BSB216020101,엘크루블루오션,35.08186503,128.905852,2025-10-31,12405,21,부산광역시,부산BIS
BSB216020102,엘클루블루오션,35.08188125,128.9062525,2025-10-31,,21,부산광역시,부산BIS
BSB216030201,지양곡,35.02286312,128.821371,2025-10-31,12422,21,부산광역시,부산BIS
BSB216030202,지양곡,35.02275857,128.8214317,2025-10-31,,21,부산광역시,부산BIS
BSB216030301,천성IC 동중,35.03020362,128.8216681,2025-10-31,,21,부산광역시,부산BIS
BSB216050101,대금,34.96740293,128.7029967,2025-10-31,,21,부산광역시,부산BIS
BSB216060101,흥남,34.96014883,128.7119,2025-10-31,,21,부산광역시,부산BIS
BSB216070101,흥남,34.96024127,128.7120552,2025-10-31,,21,부산광역시,부산BIS
BSB216080101,관포,34.99299618,128.6892895,2025-10-31,,21,부산광역시,부산BIS
BSB216090101,외포,34.94253851,128.7163606,2025-10-31,,21,부산광역시,부산BIS
BSB216100101,소계,34.93773081,128.7124955,2025-10-31,,21,부산광역시,부산BIS
BSB216110101,소계,34.93775079,128.7126765,2025-10-31,,21,부산광역시,부산BIS
BSB216120101,관포,34.99268987,128.6902525,2025-10-31,,21,부산광역시,부산BIS
BSB216130101,연사,34.90928704,128.6459927,2025-10-31,,21,부산광역시,부산BIS
BSB216140101,연사,34.91025251,128.6465755,2025-10-31,,21,부산광역시,부산BIS
BSB216150101,연초,34.89953633,128.6439193,2025-10-31,,21,부산광역시,부산BIS
BSB216160101,외포,34.94243265,128.7165171,2025-10-31,,21,부산광역시,부산BIS
BSB216170101,덕포,34.91287719,128.7081224,2025-10-31,,21,부산광역시,부산BIS
BSB216180101,덕포,34.91263154,128.7082868,2025-10-31,,21,부산광역시,부산BIS
BSB216190101,옥포복지회관,34.89468708,128.6973813,2025-10-31,,21,부산광역시,부산BIS
BSB216200101,옥포복지회관,34.89429545,128.6963833,2025-10-31,,21,부산광역시,부산BIS
BSB216210101,옥포중앙시장,34.89372404,128.6904975,2025-10-31,,21,부산광역시,부산BIS
BSB216220101,옥포중앙시장,34.89341594,128.6902943,2025-10-31,,21,부산광역시,부산BIS
BSB216220201,거제소방서,34.89525278,128.6862026,2025-10-31,,21,부산광역시,부산BIS
BSB216240101,거제소방서,34.89534834,128.6858107,2025-10-31,,21,부산광역시,부산BIS
BSB216250101,송정,34.91428902,128.6720673,2025-10-31,,21,부산광역시,부산BIS
BSB216260101,송정,34.9139983,128.6719082,2025-10-31,,21,부산광역시,부산BIS
BSB216270101,연초면사무소,34.91420646,128.6570432,2025-10-31,,21,부산광역시,부산BIS
BSB216280101,연초면사무소,34.91391025,128.6562933,2025-10-31,,21,부산광역시,부산BIS
BSB216290101,대금,34.96732849,128.7028419,2025-10-31,,21,부산광역시,부산BIS
BSB216300101,연초,34.89950464,128.6442633,2025-10-31,,21,부산광역시,부산BIS
BSB216320101,석호가람휘,35.39639818,129.1640611,2025-10-31,,21,부산광역시,부산BIS
BSB216320201,명곡마을,35.39615576,129.1686575,2025-10-31,,21,부산광역시,부산BIS
BSB216330101,석호가람휘,35.39629854,129.1638384,2025-10-31,,21,부산광역시,부산BIS
BSB216350102,양산롯데캐슬,35.39454716,129.1593621,2025-10-31,,21,부산광역시,부산BIS
BSB216360103,양산롯데캐슬,35.39467969,129.1597618,2025-10-31,,21,부산광역시,부산BIS
BSB216400101,명곡마을,35.3963595,129.1686024,2025-10-31,,21,부산광역시,부산BIS
BSB216420101,동부산관광단지,35.19179777,129.2153776,2025-10-31,16300,21,부산광역시,부산BIS
BSB216420102,롯데몰,35.19438521,129.2130932,2025-10-31,16298,21,부산광역시,부산BIS
BSB216420202,롯데아울렛,35.19112859,129.2148901,2025-10-31,,21,부산광역시,부산BIS
BSB216420302,동부산아울렛,35.19267789,129.2146797,2025-10-31,,21,부산광역시,부산BIS
BSB216420303,오시리아역.국립부산과학관입구,35.19667999,129.2098127,2025-10-31,16348,21,부산광역시,부산BIS
BSB216420402,용궁사입구,35.19397252,129.220253,2025-10-31,,21,부산광역시,부산BIS
BSB216420403,동부산관광단지,35.19153081,129.2160537,2025-10-31,16350,21,부산광역시,부산BIS
BSB216430101,롯데몰,35.19467159,129.2122172,2025-10-31,16297,21,부산광역시,부산BIS
BSB216450101,신호초등학교사거리,35.08371616,128.8776066,2025-10-31,12416,21,부산광역시,부산BIS
BSB216450102,신호초등학교사거리,35.08381069,128.8776142,2025-10-31,,21,부산광역시,부산BIS
BSB216460101,신호초등학교사거리,35.08370308,128.8772883,2025-10-31,12417,21,부산광역시,부산BIS
BSB216460102,신호초등학교사거리,35.08377344,128.8772832,2025-10-31,,21,부산광역시,부산BIS
BSB216470101,부산신항만컨테이너터미널,35.06406543,128.8180195,2025-10-31,12428,21,부산광역시,부산BIS
BSB216490101,동일스위트3차정문,35.335666,129.1667866,2025-10-31,16299,21,부산광역시,부산BIS
BSB216490202,솔마루공원,35.33444075,129.1652443,2025-10-31,,21,부산광역시,부산BIS
BSB216490302,모전마을,35.33702922,129.1637555,2025-10-31,,21,부산광역시,부산BIS
BSB216500101,LH7단지,35.33869393,129.1670269,2025-10-31,16295,21,부산광역시,부산BIS
BSB216510101,우성전기,35.14609549,128.8612286,2025-10-31,12430,21,부산광역시,부산BIS
BSB511150000,다대포해수욕장,35.04837704,128.9657953,2025-10-31,,21,부산광역시,부산BIS
BSB511160000,미포.문탠로드입구,35.16141435,129.1725833,2025-10-31,,21,부산광역시,부산BIS
BSB511170000,부네치아 장림항,35.07913371,128.9513552,2025-10-31,,21,부산광역시,부산BIS
BSB511180000,부산현대미술관,35.10874723,128.9423555,2025-10-31,,21,부산광역시,부산BIS
BSB511190000,석당박물관,35.10482984,129.0199134,2025-10-31,,21,부산광역시,부산BIS
BSB511200000,송도해수욕장,35.07658895,129.0222233,2025-10-31,,21,부산광역시,부산BIS
BSB511210000,송도해수욕장,35.07673775,129.0224873,2025-10-31,,21,부산광역시,부산BIS
BSB511220000,송정해수욕장,35.18137935,129.1996407,2025-10-31,,21,부산광역시,부산BIS
BSB511230000,아난티코브,35.19918416,129.2240095,2025-10-31,,21,부산광역시,부산BIS
BSB511240000,아미산전망대,35.05227855,128.9608257,2025-10-31,,21,부산광역시,부산BIS
BSB511250000,암남공원,35.06282796,129.0189765,2025-10-31,,21,부산광역시,부산BIS
BSB511260000,영도대교,35.09727996,129.0356839,2025-10-31,,21,부산광역시,부산BIS
BSB511270000,영도해녀촌,35.06888006,129.0646883,2025-10-31,,21,부산광역시,부산BIS
BSB511280000,오시리아역,35.19654709,129.2094413,2025-10-31,,21,부산광역시,부산BIS
BSB511290000,오시리아테마파크,35.19388418,129.2196661,2025-10-31,,21,부산광역시,부산BIS
BSB511300000,용두산공원,35.10271536,129.0323841,2025-10-31,,21,부산광역시,부산BIS
BSB511310000,용호만유람선터미널,35.13292046,129.114258,2025-10-31,,21,부산광역시,부산BIS
BSB511320000,자갈치BIFF광장,35.09727127,129.0270625,2025-10-31,,21,부산광역시,부산BIS
BSB511330000,하늘전망대,35.07211288,129.0547509,2025-10-31,,21,부산광역시,부산BIS
BSB511340000,해동용궁사,35.19391155,129.2201388,2025-10-31,,21,부산광역시,부산BIS
BSB511350000,해운대해수욕장,35.15950688,129.1610877,2025-10-31,,21,부산광역시,부산BIS
BSB511360000,흰여울 문화마을,35.07989993,129.0435013,2025-10-31,,21,부산광역시,부산BIS
BSB511370000,서면역.롯데호텔백화점,35.15776525,129.0566948,2025-10-31,5718,21,부산광역시,부산BIS
BSB511380000,부산진우체국(가야1치안센터),35.15493781,129.0368344,2025-10-31,5724,21,부산광역시,부산BIS
BSB511390000,부산진우체국(가야1치안센터),35.15448893,129.035929,2025-10-31,5725,21,부산광역시,부산BIS
BSB511400000,서면역.롯데호텔백화점,35.15748116,129.0561774,2025-10-31,5719,21,부산광역시,부산BIS
BSB511410000,가야역,35.15613942,129.0436072,2025-10-31,5722,21,부산광역시,부산BIS
BSB511420000,가야역,35.15568011,129.0427892,2025-10-31,5723,21,부산광역시,부산BIS
BSB511430000,개금삼거리.개금골목시장,35.15302633,129.026149,2025-10-31,5729,21,부산광역시,부산BIS
BSB511440000,개금역,35.15336101,129.0239189,2025-10-31,5730,21,부산광역시,부산BIS
BSB511450000,개금역,35.15307205,129.0228748,2025-10-31,5731,21,부산광역시,부산BIS
BSB511460000,냉정고개,35.15209401,129.0169475,2025-10-31,5732,21,부산광역시,부산BIS
BSB511470000,냉정고개,35.15151743,129.0163956,2025-10-31,5733,21,부산광역시,부산BIS
BSB511480000,냉정역.동서대경남정보대,35.15154938,129.0139331,2025-10-31,15702,21,부산광역시,부산BIS
BSB511490000,냉정역.동서대경남정보대,35.15116989,129.0129088,2025-10-31,15701,21,부산광역시,부산BIS
BSB511500000,동의대역,35.15395182,129.0311535,2025-10-31,5726,21,부산광역시,부산BIS
BSB511510000,동의대역,35.15358893,129.0307604,2025-10-31,5727,21,부산광역시,부산BIS
BSB511520000,부암역,35.15722515,129.0489508,2025-10-31,5720,21,부산광역시,부산BIS
BSB511530000,부암역,35.1567741,129.0484457,2025-10-31,5721,21,부산광역시,부산BIS
BSB511540000,좋은삼선병원,35.15114088,129.0089581,2025-10-31,15704,21,부산광역시,부산BIS
BSB511550000,좋은삼선병원,35.15075898,129.0080764,2025-10-31,15703,21,부산광역시,부산BIS
BSB511560000,주례역,35.1508122,129.0048629,2025-10-31,15706,21,부산광역시,부산BIS
BSB511570000,주례역,35.15041309,129.0039314,2025-10-31,15705,21,부산광역시,부산BIS
BSB511580000,주례교차로,35.15032628,128.9990961,2025-10-31,15708,21,부산광역시,부산BIS
BSB511590000,냉정고개,35.15205916,129.0168753,2025-10-31,,21,부산광역시,부산BIS
BSB511600000,냉정고개,35.15154309,129.0164785,2025-10-31,,21,부산광역시,부산BIS
BSB511610000,냉정역.동서대경남정보대,35.15117295,129.0129967,2025-10-31,,21,부산광역시,부산BIS
BSB511620000,냉정역.동서대경남정보대,35.15154635,129.0138453,2025-10-31,,21,부산광역시,부산BIS
BSB511630000,좋은삼선병원,35.15076681,129.0081479,2025-10-31,,21,부산광역시,부산BIS
BSB511640000,좋은삼선병원,35.15113323,129.0088756,2025-10-31,,21,부산광역시,부산BIS
BSB511650000,주례역,35.15042074,129.0040139,2025-10-31,,21,부산광역시,부산BIS
BSB511660000,주례역,35.15080007,129.0047803,2025-10-31,,21,부산광역시,부산BIS
BSB511670000,개금삼거리.개금골목시장,35.15302789,129.0260557,2025-10-31,,21,부산광역시,부산BIS
BSB511680000,개금역,35.1530704,129.0229735,2025-10-31,,21,부산광역시,부산BIS
BSB511690000,개금역,35.15335815,129.0238201,2025-10-31,,21,부산광역시,부산BIS
BSB511700000,동의대역,35.15393086,129.0310597,2025-10-31,,21,부산광역시,부산BIS
BSB511710000,반여4동새마을금고,35.20897126,129.117837,2025-10-31,,21,부산광역시,부산BIS
BSB511720000,반여4동새마을금고,35.20870263,129.1187688,2025-10-31,,21,부산광역시,부산BIS
BSB511730000,반여4동행정복지센터,35.20905599,129.1171145,2025-10-31,,21,부산광역시,부산BIS
BSB511740000,삼어초등학교,35.2084688,129.116424,2025-10-31,,21,부산광역시,부산BIS
BSB511750000,센텀강변현대아파트,35.20875088,129.1196155,2025-10-31,,21,부산광역시,부산BIS
BSB511760000,센텀트루엘아파트103동,35.20730315,129.1184085,2025-10-31,,21,부산광역시,부산BIS
BSB511770000,센텀트루엘아파트203동,35.2075854,129.1169556,2025-10-31,,21,부산광역시,부산BIS
BSB511780000,국제화물청사,35.17821998,128.950464,2025-10-31,,21,부산광역시,부산BIS
BSB511790000,괴정초등학교 대티역,35.10303164,128.9992835,2025-10-31,,21,부산광역시,부산BIS
BSB511800000,괴정한신더휴101동,35.10798626,128.9987137,2025-10-31,,21,부산광역시,부산BIS
BSB511810000,괴정한신더휴상가,35.10631371,128.9987661,2025-10-31,,21,부산광역시,부산BIS
BSB511820000,괴정한신더휴상가,35.10586952,128.998651,2025-10-31,,21,부산광역시,부산BIS
BSB511830000,대티역 1번출구,35.1032859,128.999849,2025-10-31,,21,부산광역시,부산BIS
BSB511840000,동매역6번출구,35.08992753,128.9723866,2025-10-31,,21,부산광역시,부산BIS
BSB511850000,부산보건대건청관,35.1059205,128.9969251,2025-10-31,,21,부산광역시,부산BIS
BSB511860000,부산보건대석파문화관,35.1050134,128.9964643,2025-10-31,,21,부산광역시,부산BIS
BSB511870000,부산보건대체육관,35.10298782,128.9963382,2025-10-31,,21,부산광역시,부산BIS
BSB511880000,부산보건대학생회관,35.10366276,128.9974896,2025-10-31,,21,부산광역시,부산BIS
BSB511890000,사하뷰웰아파트,35.09449426,128.9711425,2025-10-31,,21,부산광역시,부산BIS
BSB511900000,신평초등학교,35.09312104,128.9727377,2025-10-31,,21,부산광역시,부산BIS
BSB511910000,신평초등학교,35.09298346,128.9726083,2025-10-31,,21,부산광역시,부산BIS
BSB511920000,참누리아파트입구,35.10442479,129.0012805,2025-10-31,,21,부산광역시,부산BIS
BSB511930000,광안역3번출구,35.15764525,129.1132601,2025-10-31,,21,부산광역시,부산BIS
BSB511940000,광안동,35.15089554,129.1114561,2025-10-31,,21,부산광역시,부산BIS
BSB511950000,광안동,35.15089639,129.1111489,2025-10-31,,21,부산광역시,부산BIS
BSB511960000,광안역4번출구,35.15768654,129.1129594,2025-10-31,,21,부산광역시,부산BIS
BSB511970000,수영현대아파트,35.16590705,129.1234053,2025-10-31,,21,부산광역시,부산BIS
BSB511980000,수영현대아파트,35.16611008,129.1236465,2025-10-31,,21,부산광역시,부산BIS
BSB511990000,센텀호텔,35.16880303,129.1319364,2025-10-31,,21,부산광역시,부산BIS
BSB512000000,올림픽교차로,35.16729,129.140314,2025-10-31,,21,부산광역시,부산BIS
BSB512010000,경남마리나아파트,35.1604913,129.1420726,2025-10-31,,21,부산광역시,부산BIS
BSB512020000,경남마리나아파트,35.16070243,129.1423634,2025-10-31,,21,부산광역시,부산BIS
BSB512030000,파크하얏트호텔,35.15672739,129.1411454,2025-10-31,,21,부산광역시,부산BIS
BSB512040000,해운대하이페리온,35.15676979,129.1491786,2025-10-31,,21,부산광역시,부산BIS
BSB512050000,해운대하이페리온,35.15707005,129.1490164,2025-10-31,,21,부산광역시,부산BIS
BSB512060000,동백섬입구,35.15771042,129.1515241,2025-10-31,,21,부산광역시,부산BIS
BSB512070000,그랜드호텔,35.15842759,129.1551558,2025-10-31,,21,부산광역시,부산BIS
BSB512080000,그랜드호텔,35.1586981,129.1551464,2025-10-31,,21,부산광역시,부산BIS
BSB512090000,해운대해수욕장,35.15977229,129.1611112,2025-10-31,,21,부산광역시,부산BIS
BSB512100000,노보텔앰베서더호텔,35.16053125,129.1627663,2025-10-31,,21,부산광역시,부산BIS
BSB203130301,아름공원,35.24130256,129.2148152,2025-10-31,16545,21,부산광역시,부산BIS
BSB203130302,아름공원,35.24131587,129.2147288,2025-10-31,,21,부산광역시,부산BIS
BSB203170101,기장기점,35.24568081,129.214236,2025-10-31,,21,부산광역시,부산BIS
BSB203180101,기장종점,35.25316,129.21804,2025-10-31,,21,부산광역시,부산BIS
BSB203190101,기장,35.25317,129.21802,2025-10-31,,21,부산광역시,부산BIS
BSB203200301,차고지,35.25430401,129.2187651,2025-10-31,,21,부산광역시,부산BIS
BSB203220101,차고지,35.25439811,129.2187704,2025-10-31,,21,부산광역시,부산BIS
BSB203230101,차고지,35.194905,129.2066217,2025-10-31,,21,부산광역시,부산BIS
BSB203240101,기장종점,35.24566599,129.2144212,2025-10-31,,21,부산광역시,부산BIS
BSB203310101,용원중앙병원,35.0993324,128.8228442,2025-10-31,12074,21,부산광역시,부산BIS
BSB203310102,강서삼성병원,35.09941333,128.8227617,2025-10-31,92048,21,부산광역시,부산BIS
BSB203310201,용원,35.09768401,128.8221568,2025-10-31,12072,21,부산광역시,부산BIS
BSB203310301,용원사거리,35.09826,128.82131,2025-10-31,12224,21,부산광역시,부산BIS
BSB203310302,용원사거리,35.0977845,128.8206185,2025-10-31,92464,21,부산광역시,부산BIS
BSB203310303,용원사거리,35.09828593,128.8213834,2025-10-31,,21,부산광역시,부산BIS
BSB203330201,영도산업,35.10019514,128.8240447,2025-10-31,,21,부산광역시,부산BIS
BSB203330301,용원중앙병원,35.09960828,128.8225138,2025-10-31,12098,21,부산광역시,부산BIS
BSB203330302,강서삼성병원,35.09958667,128.8225767,2025-10-31,92267,21,부산광역시,부산BIS
BSB203340201,(구)검문소,35.10360167,128.8374417,2025-10-31,12053,21,부산광역시,부산BIS
BSB203390101,월평고개,35.36457499,129.1453988,2025-10-31,16192,21,부산광역시,부산BIS
BSB204820201,용원사거리,35.09806641,128.8211497,2025-10-31,12055,21,부산광역시,부산BIS
BSB204820203,용원사거리,35.09806259,128.8212523,2025-10-31,,21,부산광역시,부산BIS
BSB204830101,해인로즈빌아파트,35.10771,128.805803,2025-10-31,,21,부산광역시,부산BIS
BSB204840201,해인로즈빌아파트,35.10776081,128.8055141,2025-10-31,,21,부산광역시,부산BIS
BSB204880301,코아루아파트,35.101525,128.8063617,2025-10-31,,21,부산광역시,부산BIS
BSB204880302,안골포초등학교,35.10378833,128.8065583,2025-10-31,,21,부산광역시,부산BIS
BSB204900201,안골포초등학교,35.10381833,128.8064083,2025-10-31,,21,부산광역시,부산BIS
BSB204900202,코아루아파트,35.10152,128.80639,2025-10-31,,21,부산광역시,부산BIS
BSB204900301,부영2차아파트,35.104345,128.8043433,2025-10-31,,21,부산광역시,부산BIS
BSB204910101,안청초등학교,35.099875,128.8075033,2025-10-31,,21,부산광역시,부산BIS
BSB204920201,안청초등학교,35.099955,128.8075633,2025-10-31,,21,부산광역시,부산BIS
BSB204930101,웅동농협하나로마트,35.10029846,128.8099563,2025-10-31,,21,부산광역시,부산BIS
BSB204950101,용원복지회관,35.09981,128.81299,2025-10-31,,21,부산광역시,부산BIS
BSB204950201,용원복지회관,35.10002463,128.812698,2025-10-31,,21,부산광역시,부산BIS
BSB204950202,웅동농협하나로마트,35.10056659,128.8099767,2025-10-31,,21,부산광역시,부산BIS
BSB204970101,반짓골 웅동2동행정복지센터,35.09935595,128.8146821,2025-10-31,,21,부산광역시,부산BIS
BSB204980201,반짓골 웅동2동행정복지센터,35.09968606,128.8143991,2025-10-31,,21,부산광역시,부산BIS
BSB204990101,용원초등학교,35.0988779,128.8172092,2025-10-31,,21,부산광역시,부산BIS
BSB205000101,기점,35.10020799,128.8195,2025-10-31,,21,부산광역시,부산BIS
BSB205000301,용원초등학교,35.09912024,128.8172748,2025-10-31,,21,부산광역시,부산BIS
BSB205030201,기점,35.099444,128.81918,2025-10-31,,21,부산광역시,부산BIS
BSB205100101,쌍용예가,35.195233,128.81443,2025-10-31,,21,부산광역시,부산BIS
BSB205100301,삼문마을,35.192377,128.810254,2025-10-31,,21,부산광역시,부산BIS
BSB205140101,분도입구,35.21737339,128.9184945,2025-10-31,92385,21,부산광역시,부산BIS
BSB205150101,분도,35.21929284,128.9224919,2025-10-31,92386,21,부산광역시,부산BIS
BSB205150201,분도입구,35.21738801,128.9175915,2025-10-31,92393,21,부산광역시,부산BIS
BSB205160201,분도,35.21950445,128.9226906,2025-10-31,92392,21,부산광역시,부산BIS
BSB205190101,불암역,35.22254677,128.9271114,2025-10-31,,21,부산광역시,부산BIS
BSB205200101,불암역,35.22210259,128.9275841,2025-10-31,,21,부산광역시,부산BIS
BSB205200201,불암동주민센터,35.22228657,128.9264737,2025-10-31,,21,부산광역시,부산BIS
BSB205200401,불암장어마을,35.22265623,128.9290737,2025-10-31,,21,부산광역시,부산BIS
BSB205210201,양장골,35.22488983,128.9260502,2025-10-31,,21,부산광역시,부산BIS
BSB205220101,양장골,35.22475125,128.925668,2025-10-31,,21,부산광역시,부산BIS
BSB205230201,지내역,35.22739192,128.9240954,2025-10-31,,21,부산광역시,부산BIS
BSB205240101,지내역,35.22753895,128.9234297,2025-10-31,,21,부산광역시,부산BIS
BSB205240201,지내동원아파트,35.22884411,128.922302,2025-10-31,,21,부산광역시,부산BIS
BSB205260301,지내동입구,35.2297175,128.9214766,2025-10-31,,21,부산광역시,부산BIS
BSB205280201,경남은행,35.22929218,128.9186321,2025-10-31,,21,부산광역시,부산BIS
BSB205290101,경남은행,35.22892464,128.9186741,2025-10-31,,21,부산광역시,부산BIS
BSB205290201,김해대학역,35.22918134,128.9156449,2025-10-31,,21,부산광역시,부산BIS
BSB205310101,김해대학역,35.22881413,128.9156915,2025-10-31,,21,부산광역시,부산BIS
BSB205330101,초선대,35.22847103,128.9093781,2025-10-31,,21,부산광역시,부산BIS
BSB205340201,초선대,35.22884253,128.9080461,2025-10-31,,21,부산광역시,부산BIS
BSB205410201,인제대역,35.22834069,128.9013427,2025-10-31,,21,부산광역시,부산BIS
BSB205420101,인제대역,35.22786101,128.9013812,2025-10-31,,21,부산광역시,부산BIS
BSB205430201,성모병원,35.22812572,128.8988583,2025-10-31,,21,부산광역시,부산BIS
BSB205440101,성모병원,35.22764818,128.8988657,2025-10-31,,21,부산광역시,부산BIS
BSB205480101,복음병원입구,35.22727811,128.8948971,2025-10-31,,21,부산광역시,부산BIS
BSB205480201,복음병원입구,35.22764007,128.893561,2025-10-31,,21,부산광역시,부산BIS
BSB205510201,김해시청,35.2273579,128.8902216,2025-10-31,,21,부산광역시,부산BIS
BSB205520101,김해시청,35.22688855,128.8903029,2025-10-31,,21,부산광역시,부산BIS
BSB205520201,한솔병원,35.22705739,128.887296,2025-10-31,,21,부산광역시,부산BIS
BSB205540201,부원역,35.22669736,128.8835725,2025-10-31,,21,부산광역시,부산BIS
BSB205550101,부원역,35.22623327,128.8836611,2025-10-31,,21,부산광역시,부산BIS
BSB205570101,금강병원,35.22739511,128.8824324,2025-10-31,,21,부산광역시,부산BIS
BSB205570201,금강병원,35.22835174,128.8825947,2025-10-31,,21,부산광역시,부산BIS
BSB205600101,중앙지구대,35.22975411,128.8820863,2025-10-31,,21,부산광역시,부산BIS
BSB205600201,중앙지구대,35.23001358,128.8822962,2025-10-31,,21,부산광역시,부산BIS
BSB205620101,신한은행,35.23190178,128.8817079,2025-10-31,,21,부산광역시,부산BIS
BSB205620201,신한은행,35.23255958,128.8818687,2025-10-31,,21,부산광역시,부산BIS
BSB205630301,동상동,35.23385388,128.8834993,2025-10-31,,21,부산광역시,부산BIS
BSB205630401,김해도서관,35.23246732,128.8741313,2025-10-31,,21,부산광역시,부산BIS
BSB205630402,수로왕릉,35.23299447,128.8784929,2025-10-31,,21,부산광역시,부산BIS
BSB205630403,분성사거리,35.23323403,128.8804754,2025-10-31,,21,부산광역시,부산BIS
BSB205640101,국민은행,35.23396435,128.8813483,2025-10-31,,21,부산광역시,부산BIS
BSB205650201,농협김해시지부,35.23512348,128.8813982,2025-10-31,,21,부산광역시,부산BIS
BSB205660101,농협김해시지부,35.23584399,128.8810339,2025-10-31,,21,부산광역시,부산BIS
BSB205690101,김해여고,35.23916001,128.879692,2025-10-31,,21,부산광역시,부산BIS
BSB205690201,김해여고,35.23981508,128.8795128,2025-10-31,,21,부산광역시,부산BIS
BSB205710201,김해시청소년센터,35.24134365,128.8784399,2025-10-31,,21,부산광역시,부산BIS
BSB205720101,김해시청소년센터,35.24126608,128.8782074,2025-10-31,,21,부산광역시,부산BIS
BSB205740201,광남백조아파트,35.24597395,128.8752771,2025-10-31,,21,부산광역시,부산BIS
BSB205750101,광남백조아파트,35.24574014,128.8751153,2025-10-31,,21,부산광역시,부산BIS
BSB205760201,구산동,35.24780904,128.873972,2025-10-31,,21,부산광역시,부산BIS
BSB205760202,구산동기점,35.24847183,128.873622,2025-10-31,,21,부산광역시,부산BIS
BSB205770201,구산동,35.24771732,128.8737791,2025-10-31,,21,부산광역시,부산BIS
BSB205770301,현대병원,35.24895908,128.8721291,2025-10-31,,21,부산광역시,부산BIS
BSB205770401,구산로타리,35.24772083,128.873197,2025-10-31,,21,부산광역시,부산BIS
BSB205770402,백조아파트후문,35.24519519,128.8727654,2025-10-31,,21,부산광역시,부산BIS
BSB205770501,구지마을,35.25659058,128.8701491,2025-10-31,,21,부산광역시,부산BIS
BSB216510201,조선해양기자재회관,35.15028299,128.8599634,2025-10-31,12433,21,부산광역시,부산BIS
BSB216520101,DSK,35.15746029,128.8605986,2025-10-31,12437,21,부산광역시,부산BIS
BSB216530101,DSK,35.15763382,128.860449,2025-10-31,12436,21,부산광역시,부산BIS
BSB216540101,탑동,35.1589362,128.8642481,2025-10-31,12439,21,부산광역시,부산BIS
BSB216550101,탑동,35.1590638,128.8644485,2025-10-31,12438,21,부산광역시,부산BIS
BSB216560101,강진산업,35.15330449,128.8592147,2025-10-31,12435,21,부산광역시,부산BIS
BSB216570101,강진산업,35.15330045,128.8594779,2025-10-31,12434,21,부산광역시,부산BIS
BSB216570201,조선해양기자재회관,35.15007044,128.8600134,2025-10-31,12432,21,부산광역시,부산BIS
BSB216580101,렛츠런파크관람대,35.15619254,128.8683114,2025-10-31,12445,21,부산광역시,부산BIS
BSB216590101,렛츠런파크관람대,35.15602137,128.8674296,2025-10-31,12446,21,부산광역시,부산BIS
BSB216600101,렛츠런파크에코랜드,35.15114053,128.8724477,2025-10-31,12444,21,부산광역시,부산BIS
BSB216600102,렛츠런파크정문,35.15156794,128.8768575,2025-10-31,12442,21,부산광역시,부산BIS
BSB216610101,렛츠런파크에코랜드,35.15136643,128.872409,2025-10-31,12443,21,부산광역시,부산BIS
BSB216610102,렛츠런파크정문,35.15180727,128.8768246,2025-10-31,12441,21,부산광역시,부산BIS
BSB216620102,지사산단입구,35.13591756,128.8577797,2025-10-31,,21,부산광역시,부산BIS
BSB216620301,지사산단입구,35.13524821,128.85794,2025-10-31,,21,부산광역시,부산BIS
BSB216640101,용당공영차고지,35.42630995,129.1827319,2025-10-31,,21,부산광역시,부산BIS
BSB216640201,편들마을,35.4250645,129.1813441,2025-10-31,52124,21,부산광역시,부산BIS
BSB216650101,용당공영차고지,35.42648105,129.1824888,2025-10-31,,21,부산광역시,부산BIS
BSB216660101,편들마을,35.42497367,129.1816334,2025-10-31,,21,부산광역시,부산BIS
BSB216670101,금강펜테리움아파트,35.10020121,128.9202435,2025-10-31,12458,21,부산광역시,부산BIS
BSB216670201,명지초교.명지중학교,35.10384125,128.9263357,2025-10-31,12473,21,부산광역시,부산BIS
BSB216670202,명지국제신도시입구,35.10431505,128.9220425,2025-10-31,12484,21,부산광역시,부산BIS
BSB216670301,"금강펜테리움2차아파트, 호반써밋명지국제아파트",35.10321019,128.920676,2025-10-31,12482,21,부산광역시,부산BIS
BSB216680101,에일린의뜰아파트,35.10003515,128.9204863,2025-10-31,12457,21,부산광역시,부산BIS
BSB216680201,더스퀘어,35.09838033,128.9186519,2025-10-31,,21,부산광역시,부산BIS
BSB216680301,호반베르디움아파트,35.09726358,128.9197442,2025-10-31,12476,21,부산광역시,부산BIS
BSB216680401,에밀린의뜰아파트,35.09921338,128.920393,2025-10-31,,21,부산광역시,부산BIS
BSB216680601,국민은행명지국제신도시지점,35.09771586,128.9210597,2025-10-31,,21,부산광역시,부산BIS
BSB216690101,장산성당,35.20636623,129.1259737,2025-10-31,9315,21,부산광역시,부산BIS
BSB216690201,영진종합사회복지관,35.20568761,129.1263869,2025-10-31,,21,부산광역시,부산BIS
BSB216690301,신동아아파트,35.2064344,129.1277349,2025-10-31,,21,부산광역시,부산BIS
BSB216700101,신촌입구,35.20745455,129.1242947,2025-10-31,9313,21,부산광역시,부산BIS
BSB216720101,더스퀘어,35.09797999,128.9186069,2025-10-31,,21,부산광역시,부산BIS
BSB216720201,중흥프라디움,35.0987193,128.9154525,2025-10-31,12505,21,부산광역시,부산BIS
BSB216720202,중흥S클래스프라디움,35.09870399,128.9155673,2025-10-31,,21,부산광역시,부산BIS
BSB216720301,베르디움101동,35.10003867,128.9178513,2025-10-31,,21,부산광역시,부산BIS
BSB216730101,부산항국제여객터미널,35.11776084,129.0483051,2025-10-31,3179,21,부산광역시,부산BIS
BSB216740101,부산항국제여객터미널입구,35.11762546,129.0475176,2025-10-31,3180,21,부산광역시,부산BIS
BSB216760101,부산시민공원남문,35.16610657,129.0586827,2025-10-31,5351,21,부산광역시,부산BIS
BSB216760102,부산진중학교,35.16487731,129.0557162,2025-10-31,5352,21,부산광역시,부산BIS
BSB216770101,우성,35.22498524,129.1183198,2025-10-31,11262,21,부산광역시,부산BIS
BSB216770301,회동동,35.22601925,129.1175442,2025-10-31,,21,부산광역시,부산BIS
BSB216780101,삼한전자,35.22530146,129.1182731,2025-10-31,11263,21,부산광역시,부산BIS
BSB216790101,동영테크윈,35.22275352,129.1195576,2025-10-31,9363,21,부산광역시,부산BIS
BSB216810101,(주)오토닉스,35.22069785,129.1188453,2025-10-31,9365,21,부산광역시,부산BIS
BSB216810201,삼원에프에이,35.22238872,129.1195481,2025-10-31,9364,21,부산광역시,부산BIS
BSB216820101,(주)오토닉스,35.22056848,129.1190286,2025-10-31,9366,21,부산광역시,부산BIS
BSB216830101,장안산업단지입구,35.34076619,129.2589819,2025-10-31,16315,21,부산광역시,부산BIS
BSB216840101,신성전기,35.33707016,129.2583402,2025-10-31,16317,21,부산광역시,부산BIS
BSB216840201,장안산업단지입구,35.3406717,129.2592157,2025-10-31,16316,21,부산광역시,부산BIS
BSB216850101,신성전기,35.33800659,129.2586192,2025-10-31,16318,21,부산광역시,부산BIS
BSB216860101,유일고무,35.32914988,129.2598846,2025-10-31,16319,21,부산광역시,부산BIS
BSB216870101,삼풍공업,35.33017922,129.2662688,2025-10-31,16320,21,부산광역시,부산BIS
BSB216890101,한국산업단지공단동부산사무소,35.33256146,129.2641691,2025-10-31,16321,21,부산광역시,부산BIS
BSB216900101,아산이노텍,35.33635045,129.2641759,2025-10-31,16322,21,부산광역시,부산BIS
BSB216920101,한라정공,35.33665242,129.2605609,2025-10-31,16323,21,부산광역시,부산BIS
BSB216940101,명례산업단지입구,35.36719401,129.254834,2025-10-31,16324,21,부산광역시,부산BIS
BSB216950101,명례산업단지입구,35.366936,129.2548983,2025-10-31,16325,21,부산광역시,부산BIS
BSB216960101,강림인슈,35.36932867,129.2536778,2025-10-31,16326,21,부산광역시,부산BIS
BSB216970101,에이앤티시스템,35.37425441,129.2536112,2025-10-31,16328,21,부산광역시,부산BIS
BSB216980101,강림인슈,35.3696528,129.2534503,2025-10-31,16327,21,부산광역시,부산BIS
BSB216990101,에이앤티시스템,35.37462642,129.2534731,2025-10-31,16329,21,부산광역시,부산BIS
BSB217000101,에스아이시스템,35.37691069,129.2563697,2025-10-31,16330,21,부산광역시,부산BIS
BSB217010101,도야마을,35.37604846,129.260796,2025-10-31,16332,21,부산광역시,부산BIS
BSB217010201,에스아이시스템,35.3770559,129.2563132,2025-10-31,16331,21,부산광역시,부산BIS
BSB217020101,국립부산과학관,35.20298022,129.213557,2025-10-31,16333,21,부산광역시,부산BIS
BSB217020202,오시리아역,35.19648705,129.209522,2025-10-31,16347,21,부산광역시,부산BIS
BSB217030101,국립부산과학관,35.20291913,129.2134483,2025-10-31,,21,부산광역시,부산BIS
BSB217040101,광어골,35.17425707,129.1965322,2025-10-31,9361,21,부산광역시,부산BIS
BSB217060101,조광요턴,35.14202705,128.8249167,2025-10-31,12460,21,부산광역시,부산BIS
BSB217060102,조광요턴,35.14224225,128.825289,2025-10-31,,21,부산광역시,부산BIS
BSB217070101,조광요턴,35.14187125,128.8250887,2025-10-31,12459,21,부산광역시,부산BIS
BSB217070201,(주)신영,35.13952164,128.8202776,2025-10-31,12486,21,부산광역시,부산BIS
BSB217100401,용당동,35.11598935,129.0947071,2025-10-31,,21,부산광역시,부산BIS
BSB217110101,연화교차로,35.21717283,129.2125781,2025-10-31,16335,21,부산광역시,부산BIS
BSB217120101,서암입구,35.21084176,129.2222057,2025-10-31,16336,21,부산광역시,부산BIS
BSB217140101,동선마을,35.05557414,128.8323612,2025-10-31,12316,21,부산광역시,부산BIS
BSB217140102,동선이주단지,35.05562456,128.8323048,2025-10-31,,21,부산광역시,부산BIS
BSB217150101,전망대,35.02291897,128.8215531,2025-10-31,12423,21,부산광역시,부산BIS
BSB217160102,세바지입구,35.01260464,128.8311227,2025-10-31,,21,부산광역시,부산BIS
BSB217160201,대항,35.01212131,128.829707,2025-10-31,,21,부산광역시,부산BIS
BSB217160202,대항방파제,35.01226496,128.8276509,2025-10-31,,21,부산광역시,부산BIS
BSB217170101,대항마을,35.01260928,128.8309639,2025-10-31,12424,21,부산광역시,부산BIS
BSB217170102,새바지입구,35.01272491,128.8312157,2025-10-31,,21,부산광역시,부산BIS
BSB217180101,지양곡,35.02265908,128.8217554,2025-10-31,,21,부산광역시,부산BIS
BSB217190102,용궁사입구,35.19403342,129.2198814,2025-10-31,,21,부산광역시,부산BIS
BSB217200101,금정공영차고지,35.28964085,129.0980873,2025-10-31,11275,21,부산광역시,부산BIS
BSB217210101,금정공영차고지,35.28990419,129.0982315,2025-10-31,,21,부산광역시,부산BIS
BSB217220102,단지내상가,35.05598761,128.9630132,2025-10-31,,21,부산광역시,부산BIS
BSB217220201,몰운대초등학교,35.05533232,128.9625755,2025-10-31,,21,부산광역시,부산BIS
BSB217250101,대방노블랜드아파트,35.09731604,128.9201292,2025-10-31,12475,21,부산광역시,부산BIS
BSB217250301,신명초등학교,35.09468803,128.9224689,2025-10-31,,21,부산광역시,부산BIS
BSB217270101,한국해양대.부산해사고,35.07212105,129.0774058,2025-10-31,4199,21,부산광역시,부산BIS
BSB217270201,국립수산물품질관리원,35.07894605,129.0751178,2025-10-31,4202,21,부산광역시,부산BIS
BSB217270202,한국해양수산연수원,35.07643306,129.0753063,2025-10-31,4200,21,부산광역시,부산BIS
BSB512110000,파라다이스호텔,35.16088094,129.1643776,2025-10-31,,21,부산광역시,부산BIS
BSB512120000,현대아파트,35.16561566,129.1783658,2025-10-31,,21,부산광역시,부산BIS
BSB512130000,현대아파트,35.16583169,129.1786295,2025-10-31,,21,부산광역시,부산BIS
BSB512140000,래미안해운대아파트,35.16245144,129.1759276,2025-10-31,,21,부산광역시,부산BIS
BSB512150000,래미안해운대아파트,35.16215645,129.1760459,2025-10-31,,21,부산광역시,부산BIS
BSB512160000,미포.문탠로드입구,35.16171708,129.1725365,2025-10-31,,21,부산광역시,부산BIS
BSB512170000,양운초등학교,35.17445003,129.1673906,2025-10-31,,21,부산광역시,부산BIS
BSB512180000,씨클라우드호텔,35.16022265,129.162385,2025-10-31,,21,부산광역시,부산BIS
BSB512190000,동백섬입구,35.15796208,129.1514347,2025-10-31,,21,부산광역시,부산BIS
BSB512200000,파크하얏트호텔,35.15660353,129.1413973,2025-10-31,,21,부산광역시,부산BIS
BSB512210000,올림픽교차로,35.16743672,129.14068,2025-10-31,,21,부산광역시,부산BIS
BSB512220000,가야홈플러스,35.15293467,129.0273383,2025-10-31,,21,부산광역시,부산BIS
BSB512230000,가야홈플러스,35.15341733,129.0273064,2025-10-31,,21,부산광역시,부산BIS
BSB512240000,가야현대아파트,35.15619721,129.0434067,2025-10-31,,21,부산광역시,부산BIS
BSB512250000,가야현대아파트,35.15573577,129.0435159,2025-10-31,,21,부산광역시,부산BIS
BSB512260000,백뱅원사거리,35.15282247,129.0194902,2025-10-31,,21,부산광역시,부산BIS
BSB512270000,백뱅원사거리,35.15329786,129.0193538,2025-10-31,,21,부산광역시,부산BIS
BSB512280000,베스트웨스턴유엘호텔,35.15231108,129.0589615,2025-10-31,,21,부산광역시,부산BIS
BSB512290000,교보생명,35.15159201,129.0593823,2025-10-31,,21,부산광역시,부산BIS
BSB512300000,쥬디스태화,35.15465201,129.0593497,2025-10-31,,21,부산광역시,부산BIS
BSB512310000,서면1번가,35.15739843,129.0576194,2025-10-31,,21,부산광역시,부산BIS
BSB512320000,현대백화점,35.1410973,129.0591562,2025-10-31,,21,부산광역시,부산BIS
BSB512330000,현대백화점,35.14109518,129.0595456,2025-10-31,,21,부산광역시,부산BIS
BSB512340000,부산진시장,35.13662636,129.0592246,2025-10-31,,21,부산광역시,부산BIS
BSB512350000,부산진시장,35.13662847,129.0596305,2025-10-31,,21,부산광역시,부산BIS
BSB512360000,토요코인호텔,35.10900572,129.0368211,2025-10-31,,21,부산광역시,부산BIS
BSB512370000,롯데백화점광복점,35.09970572,129.0368145,2025-10-31,,21,부산광역시,부산BIS
BSB512380000,영주동,35.11134011,129.0381404,2025-10-31,,21,부산광역시,부산BIS
BSB512390000,천마하늘길,35.09111072,129.0226723,2025-10-31,2197,21,부산광역시,부산BIS
BSB512400000,천마하늘길,35.09142895,129.0227734,2025-10-31,2198,21,부산광역시,부산BIS
BSB512410000,정관차고지,35.33174062,129.1801192,2025-10-31,,21,부산광역시,부산BIS
BSB512420000,정관차고지,35.33153999,129.1802513,2025-10-31,,21,부산광역시,부산BIS
BSB512430000,해운대보훈회관,35.16823351,129.1670802,2025-10-31,9392,21,부산광역시,부산BIS
BSB512440000,해운대세무서,35.16829061,129.1666592,2025-10-31,9393,21,부산광역시,부산BIS
BSB512450000,e편한세상서면더센트럴,35.15143178,129.0509093,2025-10-31,5372,21,부산광역시,부산BIS
BSB512460000,개천마을,35.35328822,129.2776935,2025-10-31,,21,부산광역시,부산BIS
BSB512470000,고무마을,35.34832269,129.2638172,2025-10-31,,21,부산광역시,부산BIS
BSB512480000,교리부전아파트,35.2542648,129.2191191,2025-10-31,,21,부산광역시,부산BIS
BSB512490000,기장국민체육센터,35.30548426,129.2427976,2025-10-31,,21,부산광역시,부산BIS
BSB512500000,기장국민체육센터,35.30557288,129.2426352,2025-10-31,,21,부산광역시,부산BIS
BSB512510000,기장시장,35.24501613,129.2151342,2025-10-31,,21,부산광역시,부산BIS
BSB512520000,기장시장,35.24524109,129.2157583,2025-10-31,,21,부산광역시,부산BIS
BSB512530000,기장역,35.24334167,129.2182264,2025-10-31,,21,부산광역시,부산BIS
BSB512540000,기장역,35.24332883,129.2184347,2025-10-31,,21,부산광역시,부산BIS
BSB512550000,기장전화국,35.24197576,129.2133452,2025-10-31,,21,부산광역시,부산BIS
BSB512560000,기장종합사회복지관,35.23608255,129.2133388,2025-10-31,,21,부산광역시,부산BIS
BSB512570000,기장종합사회복지관,35.23606055,129.2130636,2025-10-31,,21,부산광역시,부산BIS
BSB512580000,기장초등학교,35.24381081,129.2137686,2025-10-31,,21,부산광역시,부산BIS
BSB512590000,기장초등학교,35.24378911,129.2134769,2025-10-31,,21,부산광역시,부산BIS
BSB512600000,낙동초등학교,35.10497489,128.9736403,2025-10-31,,21,부산광역시,부산BIS
BSB512610000,낙동초등학교,35.10512084,128.9735368,2025-10-31,,21,부산광역시,부산BIS
BSB512620000,내동마을,35.21634295,129.201015,2025-10-31,,21,부산광역시,부산BIS
BSB512630000,내리,35.20055143,129.2064182,2025-10-31,,21,부산광역시,부산BIS
BSB512640000,내리초등학교,35.2044627,129.2061508,2025-10-31,,21,부산광역시,부산BIS
BSB512650000,대룡마을,35.37099463,129.2623547,2025-10-31,,21,부산광역시,부산BIS
BSB512660000,대청중학교,35.23377793,129.2132158,2025-10-31,,21,부산광역시,부산BIS
BSB512670000,대청중학교,35.23382328,129.2129534,2025-10-31,,21,부산광역시,부산BIS
BSB512680000,도야마을,35.37570917,129.2617767,2025-10-31,,21,부산광역시,부산BIS
BSB512690000,도야마을,35.37498602,129.2616575,2025-10-31,,21,부산광역시,부산BIS
BSB512700000,동백천,35.29584999,129.2450597,2025-10-31,,21,부산광역시,부산BIS
BSB512710000,동백천,35.2959947,129.2450307,2025-10-31,,21,부산광역시,부산BIS
BSB512720000,두명마을,35.35542957,129.1485188,2025-10-31,,21,부산광역시,부산BIS
BSB512730000,두명마을,35.35517621,129.1481726,2025-10-31,,21,부산광역시,부산BIS
BSB512740000,두명마을회관,35.36184697,129.1461455,2025-10-31,,21,부산광역시,부산BIS
BSB512750000,드림볼파크야구장정문,35.29692492,129.2437045,2025-10-31,,21,부산광역시,부산BIS
BSB512760000,드림볼파크야구장정문,35.29689676,129.2435223,2025-10-31,,21,부산광역시,부산BIS
BSB512770000,무곡마을,35.22658929,129.2121035,2025-10-31,,21,부산광역시,부산BIS
BSB512780000,무곡마을,35.22669698,129.2118813,2025-10-31,,21,부산광역시,부산BIS
BSB512790000,석산마을입구,35.2019824,129.2099756,2025-10-31,,21,부산광역시,부산BIS
BSB512800000,석산마을회관,35.20544592,129.2100475,2025-10-31,,21,부산광역시,부산BIS
BSB512810000,솔빛공원,35.34190295,129.1621912,2025-10-31,,21,부산광역시,부산BIS
BSB512820000,솔빛공원,35.3418273,129.1618868,2025-10-31,,21,부산광역시,부산BIS
BSB512830000,신리,35.35607093,129.2684442,2025-10-31,,21,부산광역시,부산BIS
BSB512840000,신리입구,35.35587357,129.2635935,2025-10-31,,21,부산광역시,부산BIS
BSB512850000,신명마을,35.38533858,129.2626728,2025-10-31,,21,부산광역시,부산BIS
BSB512860000,신명마을입구,35.38448425,129.25608,2025-10-31,,21,부산광역시,부산BIS
BSB512870000,오시리아역,35.1964291,129.209611,2025-10-31,,21,부산광역시,부산BIS
BSB512880000,오신,35.20798665,129.2085902,2025-10-31,,21,부산광역시,부산BIS
BSB512890000,용소마을,35.34365981,129.2459368,2025-10-31,,21,부산광역시,부산BIS
BSB512900000,월드컵빌리지,35.30003314,129.2417953,2025-10-31,,21,부산광역시,부산BIS
BSB512910000,월드컵빌리지,35.29988883,129.2418023,2025-10-31,,21,부산광역시,부산BIS
BSB512920000,월평교차로,35.35748752,129.1417334,2025-10-31,,21,부산광역시,부산BIS
BSB512930000,월평교차로,35.35787314,129.1402983,2025-10-31,,21,부산광역시,부산BIS
BSB512940000,월평마을,35.36208385,129.1378684,2025-10-31,,21,부산광역시,부산BIS
BSB512950000,판곡,35.35970667,129.265092,2025-10-31,,21,부산광역시,부산BIS
BSB512960000,포스코아파트,35.24771288,129.218675,2025-10-31,,21,부산광역시,부산BIS
BSB512970000,포스코아파트,35.24768633,129.218894,2025-10-31,,21,부산광역시,부산BIS
BSB512980000,하나 부산은행,35.09140597,128.9729101,2025-10-31,,21,부산광역시,부산BIS
BSB512990000,하나 부산은행,35.09165816,128.9731958,2025-10-31,,21,부산광역시,부산BIS
BSB513000000,대계마을,34.93081746,128.7152627,2025-10-31,,21,부산광역시,부산BIS
BSB513010000,대계마을,34.93082987,128.7150222,2025-10-31,,21,부산광역시,부산BIS
BSB513020000,대계펜션촌,34.91597658,128.7211194,2025-10-31,,21,부산광역시,부산BIS
BSB513030000,대계펜션촌,34.91592477,128.7209596,2025-10-31,,21,부산광역시,부산BIS
BSB513040000,신어차고지,35.26991983,128.8554725,2025-10-31,,21,부산광역시,부산BIS
BSB513050000,신명초등학교,35.27073237,128.8647518,2025-10-31,,21,부산광역시,부산BIS
BSB513060000,신명초등학교,35.27100825,128.8649779,2025-10-31,,21,부산광역시,부산BIS
BSB513070000,어방동,35.23272043,128.9052424,2025-10-31,,21,부산광역시,부산BIS
BSB513080000,어방동,35.23268508,128.904912,2025-10-31,,21,부산광역시,부산BIS
BSB513090000,신어볼링장,35.23484694,128.9049736,2025-10-31,,21,부산광역시,부산BIS
BSB513100000,신어볼링장,35.23482077,128.9046325,2025-10-31,,21,부산광역시,부산BIS
BSB205770502,매정마을,35.25358069,128.8713104,2025-10-31,,21,부산광역시,부산BIS
BSB205770503,구산신주공아파트,35.25068009,128.8723972,2025-10-31,,21,부산광역시,부산BIS
BSB205780101,초정,35.24332978,128.9729042,2025-10-31,,21,부산광역시,부산BIS
BSB205780103,대동면행정복지센터,35.24225392,128.9806582,2025-10-31,,21,부산광역시,부산BIS
BSB205790101,원지마을,35.24161566,128.9826197,2025-10-31,,21,부산광역시,부산BIS
BSB205790201,대동면행정복지센터,35.24231327,128.9812487,2025-10-31,,21,부산광역시,부산BIS
BSB205790202,초정,35.24344949,128.9728493,2025-10-31,,21,부산광역시,부산BIS
BSB205800101,마산입구,35.23848804,128.9815618,2025-10-31,,21,부산광역시,부산BIS
BSB205810101,원지마을,35.24156566,128.9827962,2025-10-31,,21,부산광역시,부산BIS
BSB205810201,운하교,35.23665663,128.9836912,2025-10-31,,21,부산광역시,부산BIS
BSB205820101,안막1구,35.23662564,128.9869956,2025-10-31,,21,부산광역시,부산BIS
BSB205820102,목욕탕입구,35.23697798,128.9889095,2025-10-31,,21,부산광역시,부산BIS
BSB205820103,대동농협,35.23738353,128.9907768,2025-10-31,,21,부산광역시,부산BIS
BSB205820201,운하교,35.23679125,128.9836879,2025-10-31,,21,부산광역시,부산BIS
BSB205820202,마산입구,35.2384578,128.9817394,2025-10-31,,21,부산광역시,부산BIS
BSB205830201,대동농협,35.23752553,128.9906946,2025-10-31,,21,부산광역시,부산BIS
BSB205830202,목욕탕입구,35.23709343,128.9888695,2025-10-31,,21,부산광역시,부산BIS
BSB205830203,안막1구,35.23671442,128.9864928,2025-10-31,,21,부산광역시,부산BIS
BSB205840101,대동중학교,35.23741248,128.9934823,2025-10-31,,21,부산광역시,부산BIS
BSB205850101,안막3구,35.23679197,128.9945355,2025-10-31,,21,부산광역시,부산BIS
BSB205850102,대동보건소,35.23442032,128.9938796,2025-10-31,,21,부산광역시,부산BIS
BSB205850201,대동중학교,35.23756438,128.9934696,2025-10-31,,21,부산광역시,부산BIS
BSB205860101,안막3구,35.23674548,128.9946894,2025-10-31,,21,부산광역시,부산BIS
BSB205880101,현대병원,35.24865275,128.8713151,2025-10-31,,21,부산광역시,부산BIS
BSB205910101,연지공원,35.24698572,128.8676543,2025-10-31,,21,부산광역시,부산BIS
BSB205920201,연지공원,35.24622575,128.8669332,2025-10-31,,21,부산광역시,부산BIS
BSB205940301,김해문화의전당,35.24459532,128.8701811,2025-10-31,,21,부산광역시,부산BIS
BSB205940302,학생체육관,35.24469316,128.8679314,2025-10-31,,21,부산광역시,부산BIS
BSB205960201,법원등기소입구,35.24384683,128.8660728,2025-10-31,,21,부산광역시,부산BIS
BSB205970101,연지공원,35.24374293,128.8664376,2025-10-31,,21,부산광역시,부산BIS
BSB205970201,연지공원,35.24351155,128.8656633,2025-10-31,,21,부산광역시,부산BIS
BSB205980101,법원등기소입구,35.24327777,128.8659035,2025-10-31,,21,부산광역시,부산BIS
BSB206000201,내동사거리,35.24224034,128.8641166,2025-10-31,,21,부산광역시,부산BIS
BSB206010101,내동사거리,35.24209569,128.8644373,2025-10-31,,21,부산광역시,부산BIS
BSB206050201,서김해새마을금고,35.24030203,128.861684,2025-10-31,,21,부산광역시,부산BIS
BSB206060101,서김해새마을금고,35.24006384,128.8619045,2025-10-31,,21,부산광역시,부산BIS
BSB206120201,내외문화의집,35.23769117,128.8583973,2025-10-31,,21,부산광역시,부산BIS
BSB206130101,내외문화의집,35.23735543,128.8585014,2025-10-31,,21,부산광역시,부산BIS
BSB206130201,김해생명과학고,35.23663962,128.8570784,2025-10-31,,21,부산광역시,부산BIS
BSB206140101,김해생명과학고,35.23599158,128.8567598,2025-10-31,,21,부산광역시,부산BIS
BSB206140201,외동축협,35.23387048,128.8551868,2025-10-31,,21,부산광역시,부산BIS
BSB206160301,외동사거리,35.23300989,128.8529454,2025-10-31,,21,부산광역시,부산BIS
BSB206170201,외동축협,35.23402117,128.8553768,2025-10-31,,21,부산광역시,부산BIS
BSB206190101,외동초등학교,35.23304962,128.8580887,2025-10-31,,21,부산광역시,부산BIS
BSB206200201,외동초등학교,35.23327244,128.8580701,2025-10-31,,21,부산광역시,부산BIS
BSB206220101,한국2차아파트,35.23222308,128.8644465,2025-10-31,,21,부산광역시,부산BIS
BSB206240201,대동아파트,35.23232816,128.8654314,2025-10-31,,21,부산광역시,부산BIS
BSB206260201,무접마을,35.22976102,128.8669099,2025-10-31,,21,부산광역시,부산BIS
BSB206260202,무접마을,35.22976821,128.8671388,2025-10-31,,21,부산광역시,부산BIS
BSB206260301,임호성당,35.23020515,128.8607126,2025-10-31,,21,부산광역시,부산BIS
BSB206260302,조흥그린,35.22970935,128.86482,2025-10-31,,21,부산광역시,부산BIS
BSB206270201,한국1차아파트,35.2300057,128.8669623,2025-10-31,,21,부산광역시,부산BIS
BSB206290301,김해보건소,35.23077857,128.8696991,2025-10-31,,21,부산광역시,부산BIS
BSB206300101,무접,35.22926883,128.8703283,2025-10-31,,21,부산광역시,부산BIS
BSB206300201,무접,35.2298912,128.8698422,2025-10-31,,21,부산광역시,부산BIS
BSB206330101,동아그린아파트,35.22645537,128.8725059,2025-10-31,,21,부산광역시,부산BIS
BSB206330301,봉황역,35.22711431,128.8732558,2025-10-31,,21,부산광역시,부산BIS
BSB206350201,동아그린앞,35.22571293,128.8731762,2025-10-31,,21,부산광역시,부산BIS
BSB206350301,봉황역,35.22668351,128.8740147,2025-10-31,,21,부산광역시,부산BIS
BSB206380101,김해중부경찰서,35.22576496,128.878887,2025-10-31,,21,부산광역시,부산BIS
BSB206390201,김해중부경찰서,35.22623991,128.878898,2025-10-31,,21,부산광역시,부산BIS
BSB206420101,김해세무서,35.22834178,128.8849503,2025-10-31,,21,부산광역시,부산BIS
BSB206420201,김해세무서,35.22912823,128.8850838,2025-10-31,,21,부산광역시,부산BIS
BSB206480101,김해천주교회,35.23278247,128.8846935,2025-10-31,,21,부산광역시,부산BIS
BSB206490101,김해천주교회,35.23293743,128.8843964,2025-10-31,,21,부산광역시,부산BIS
BSB206490301,동광초등학교,35.23428036,128.8867823,2025-10-31,,21,부산광역시,부산BIS
BSB206490401,동상동,35.2336042,128.8833288,2025-10-31,,21,부산광역시,부산BIS
BSB206520101,김해동상시장,35.23626831,128.8842776,2025-10-31,,21,부산광역시,부산BIS
BSB206520201,김해동상시장,35.23718187,128.8845648,2025-10-31,,21,부산광역시,부산BIS
BSB206560201,김해향교,35.23868964,128.8823169,2025-10-31,,21,부산광역시,부산BIS
BSB206570101,김해향교,35.23845445,128.8823037,2025-10-31,,21,부산광역시,부산BIS
BSB206610301,롯데캐슬,35.24042112,128.8854749,2025-10-31,,21,부산광역시,부산BIS
BSB206630101,한덕아파트,35.2366059,128.8889172,2025-10-31,,21,부산광역시,부산BIS
BSB206640201,한덕아파트,35.23682828,128.8892336,2025-10-31,,21,부산광역시,부산BIS
BSB206670101,활천고개,35.23457409,128.8905122,2025-10-31,,21,부산광역시,부산BIS
BSB206670301,동광초등학교,35.23409111,128.88736,2025-10-31,,21,부산광역시,부산BIS
BSB206680201,활천고개,35.2348865,128.8911026,2025-10-31,,21,부산광역시,부산BIS
BSB206690101,선거관리위원회,35.23477158,128.8938304,2025-10-31,,21,부산광역시,부산BIS
BSB206690301,약수터,35.23709707,128.8962609,2025-10-31,,21,부산광역시,부산BIS
BSB206690302,어방동원아파트,35.24032347,128.8996973,2025-10-31,,21,부산광역시,부산BIS
BSB206690303,대우유토피아후문,35.24218827,128.900312,2025-10-31,,21,부산광역시,부산BIS
BSB206700201,선거관리위원회,35.23504688,128.8939666,2025-10-31,,21,부산광역시,부산BIS
BSB206730101,미소지움아파트,35.23506818,128.898887,2025-10-31,,21,부산광역시,부산BIS
BSB206740201,미소지움아파트,35.23534869,128.8987424,2025-10-31,,21,부산광역시,부산BIS
BSB206760101,SK브로드밴드,35.23531714,128.9022943,2025-10-31,,21,부산광역시,부산BIS
BSB206780201,SK브로드밴드,35.23564091,128.9034096,2025-10-31,,21,부산광역시,부산BIS
BSB206810201,자성공원,35.23851395,128.9045396,2025-10-31,,21,부산광역시,부산BIS
BSB206820101,자성공원,35.23842169,128.9041933,2025-10-31,,21,부산광역시,부산BIS
BSB206850101,어방마을,35.24172659,128.9041506,2025-10-31,,21,부산광역시,부산BIS
BSB206850201,어방마을,35.24107528,128.9038753,2025-10-31,,21,부산광역시,부산BIS
BSB206860301,약수터,35.23677139,128.8963412,2025-10-31,,21,부산광역시,부산BIS
BSB206860302,어방동원아파트,35.24004976,128.8999106,2025-10-31,,21,부산광역시,부산BIS
BSB206860303,대우유토피아후문,35.24216439,128.9006849,2025-10-31,,21,부산광역시,부산BIS
BSB206870201,대우유토피아,35.24331484,128.9037545,2025-10-31,,21,부산광역시,부산BIS
BSB206880101,인제대학교,35.24465509,128.9040569,2025-10-31,,21,부산광역시,부산BIS
BSB206910201,인제대학교,35.24664749,128.9037419,2025-10-31,,21,부산광역시,부산BIS
BSB206930101,인제공원,35.24804185,128.9045091,2025-10-31,,21,부산광역시,부산BIS
BSB206950101,인제공원,35.24850283,128.9042926,2025-10-31,,21,부산광역시,부산BIS
BSB206970101,삼방동장애인복지관,35.25134349,128.9033198,2025-10-31,,21,부산광역시,부산BIS
BSB206980101,영운초등학교,35.25189592,128.9054678,2025-10-31,,21,부산광역시,부산BIS
BSB206980201,삼방동장애인복지관,35.25132666,128.9030302,2025-10-31,,21,부산광역시,부산BIS
BSB217280101,국립수산물품질관리원,35.0788798,129.0747763,2025-10-31,4203,21,부산광역시,부산BIS
BSB217280102,한국해양수산연수원,35.07646627,129.0749454,2025-10-31,4201,21,부산광역시,부산BIS
BSB217290101,죽전마을,35.25110925,129.0544449,2025-10-31,,21,부산광역시,부산BIS
BSB217290103,마을회관,35.2509867,129.0549044,2025-10-31,,21,부산광역시,부산BIS
BSB217290201,포구나무집,35.25149163,129.053537,2025-10-31,,21,부산광역시,부산BIS
BSB217290202,연수암,35.25049036,129.0500241,2025-10-31,,21,부산광역시,부산BIS
BSB217310301,도시철도해운대역,35.16387137,129.1609903,2025-10-31,,21,부산광역시,부산BIS
BSB217320101,수산과학관 해동용궁사,35.192665,129.2238233,2025-10-31,,21,부산광역시,부산BIS
BSB217330101,연제공용버스차고지,35.18567,129.05352,2025-10-31,,21,부산광역시,부산BIS
BSB217340101,오륙도선착장,35.10027925,129.1225814,2025-10-31,,21,부산광역시,부산BIS
BSB217360101,화성리사이클링,35.12907728,129.052408,2025-10-31,,21,부산광역시,부산BIS
BSB217370101,부산대본관,35.23296008,129.0834273,2025-10-31,,21,부산광역시,부산BIS
BSB217380101,범일5동주민센터,35.13059008,129.0538062,2025-10-31,,21,부산광역시,부산BIS
BSB217390101,센텀강변현대아파트,35.20805561,129.1195819,2025-10-31,,21,부산광역시,부산BIS
BSB217390102,벽산한솔타운아파트,35.20668606,129.1191969,2025-10-31,,21,부산광역시,부산BIS
BSB217390201,센텀강변현대아파트,35.20876623,129.1199478,2025-10-31,,21,부산광역시,부산BIS
BSB217390202,신동아파트,35.21019123,129.1200293,2025-10-31,,21,부산광역시,부산BIS
BSB217390203,신동아파트후문,35.21140606,129.1197967,2025-10-31,,21,부산광역시,부산BIS
BSB217390204,우신아파트,35.21322849,129.1187049,2025-10-31,,21,부산광역시,부산BIS
BSB217400101,금사역,35.2158531,129.1158834,2025-10-31,,21,부산광역시,부산BIS
BSB217400201,대우아파트,35.21467132,129.1167557,2025-10-31,,21,부산광역시,부산BIS
BSB217410101,대우아파트,35.2147751,129.1167892,2025-10-31,,21,부산광역시,부산BIS
BSB217410201,우신아파트,35.21316451,129.118523,2025-10-31,,21,부산광역시,부산BIS
BSB217410202,신동아파트,35.21051918,129.1198047,2025-10-31,,21,부산광역시,부산BIS
BSB217410203,신동아파트후문,35.21138452,129.1196126,2025-10-31,,21,부산광역시,부산BIS
BSB217420101,대림아파트,35.18523248,129.0479332,2025-10-31,,21,부산광역시,부산BIS
BSB217430101,신동아아파트,35.20655343,129.1276282,2025-10-31,,21,부산광역시,부산BIS
BSB217440101,오륙도선착장,35.10016821,129.1225513,2025-10-31,,21,부산광역시,부산BIS
BSB217460101,장전역2번출구,35.23788727,129.0884226,2025-10-31,,21,부산광역시,부산BIS
BSB217460201,장전역4번출구,35.23886111,129.088604,2025-10-31,,21,부산광역시,부산BIS
BSB217470101,초읍대진아파트,35.18755477,129.0488916,2025-10-31,,21,부산광역시,부산BIS
BSB217480101,초읍대진아파트,35.18744951,129.0489878,2025-10-31,,21,부산광역시,부산BIS
BSB217480201,대진세탁소,35.18684506,129.0484951,2025-10-31,,21,부산광역시,부산BIS
BSB217490101,대진세탁소,35.1866318,129.048583,2025-10-31,,21,부산광역시,부산BIS
BSB217500101,부산외국어대학교정문,35.26604273,129.0843814,2025-10-31,,21,부산광역시,부산BIS
BSB217510101,부산외국어대학교캠퍼스,35.26718153,129.0802599,2025-10-31,,21,부산광역시,부산BIS
BSB217520101,명장초등학교,35.20770259,129.0980556,2025-10-31,,21,부산광역시,부산BIS
BSB217520201,조양삼거리,35.20630246,129.1001311,2025-10-31,,21,부산광역시,부산BIS
BSB217520301,유림아파트,35.20787226,129.0993822,2025-10-31,,21,부산광역시,부산BIS
BSB217530101,수남경로당,35.12723643,129.0520217,2025-10-31,,21,부산광역시,부산BIS
BSB217540101,부산의료원,35.18751337,129.0590333,2025-10-31,,21,부산광역시,부산BIS
BSB217560101,부산대경암체육관,35.23368565,129.0755545,2025-10-31,,21,부산광역시,부산BIS
BSB217570101,부산과학고등학교,35.26413255,129.08489,2025-10-31,,21,부산광역시,부산BIS
BSB217570201,부산외국어대학교정문,35.26575616,129.0853217,2025-10-31,,21,부산광역시,부산BIS
BSB217590301,우리은행온천점,35.20941724,129.0732126,2025-10-31,,21,부산광역시,부산BIS
BSB217640101,기룡교차로,35.35146352,129.256082,2025-10-31,16343,21,부산광역시,부산BIS
BSB217720201,경남정보대분수대,35.14756193,129.0112071,2025-10-31,,21,부산광역시,부산BIS
BSB217730101,경남정보대분수대,35.14749493,129.0114441,2025-10-31,,21,부산광역시,부산BIS
BSB217740201,한신휴플러스,35.07975712,128.9006284,2025-10-31,,21,부산광역시,부산BIS
BSB217750201,두산위브112동,35.08188392,128.8980412,2025-10-31,,21,부산광역시,부산BIS
BSB217790201,금강웰테크,35.08379961,128.8818157,2025-10-31,,21,부산광역시,부산BIS
BSB217820301,금강웰테크,35.08313261,128.8821129,2025-10-31,,21,부산광역시,부산BIS
BSB217840101,신호소방서,35.08475643,128.8799739,2025-10-31,,21,부산광역시,부산BIS
BSB217850101,모던홈마트,35.22115418,129.1524676,2025-10-31,,21,부산광역시,부산BIS
BSB217850201,느티나무요양원,35.2201837,129.1530734,2025-10-31,,21,부산광역시,부산BIS
BSB217860101,느티나무요양원,35.22031587,129.1532416,2025-10-31,,21,부산광역시,부산BIS
BSB217860201,경찰특공대입구,35.21976203,129.1534741,2025-10-31,,21,부산광역시,부산BIS
BSB217870101,경찰특공대입구,35.21969213,129.153604,2025-10-31,,21,부산광역시,부산BIS
BSB217890101,보경사,35.22004597,129.1508915,2025-10-31,,21,부산광역시,부산BIS
BSB217900201,달산마을,35.32213259,129.1908258,2025-10-31,16352,21,부산광역시,부산BIS
BSB218500101,사하구민 장례식장,35.0806317,128.9627009,2025-10-31,,21,부산광역시,부산BIS
BSB218510101,홈플러스,35.09596425,129.0447637,2025-10-31,,21,부산광역시,부산BIS
BSB218530201,성북새동네,35.06009784,128.8323883,2025-10-31,,21,부산광역시,부산BIS
BSB218530202,천가농협,35.06475579,128.8345613,2025-10-31,,21,부산광역시,부산BIS
BSB218530203,천가동우체국,35.06250263,128.8342725,2025-10-31,,21,부산광역시,부산BIS
BSB218530204,한전,35.06340696,128.8346627,2025-10-31,,21,부산광역시,부산BIS
BSB218590101,강림인슈,35.05695861,128.957162,2025-10-31,,21,부산광역시,부산BIS
BSB218590301,명보기업,35.05649784,128.9580716,2025-10-31,,21,부산광역시,부산BIS
BSB218600201,다대포꿈의낙조분수대,35.05201567,128.9582714,2025-10-31,,21,부산광역시,부산BIS
BSB218610101,4단지관리사무소,35.18331142,129.0022336,2025-10-31,,21,부산광역시,부산BIS
BSB218610102,약수터,35.18254555,129.0022257,2025-10-31,,21,부산광역시,부산BIS
BSB218620101,폴리텍대학부산캠퍼스,35.21580864,129.0203636,2025-10-31,,21,부산광역시,부산BIS
BSB218620201,일동파크맨션,35.21503261,129.0215002,2025-10-31,,21,부산광역시,부산BIS
BSB218630101,일동파크맨션,35.21518131,129.0215119,2025-10-31,,21,부산광역시,부산BIS
BSB218640101,명보기업,35.05679662,128.9579856,2025-10-31,,21,부산광역시,부산BIS
BSB218730201,동래문화회관,35.21403049,129.0895984,2025-10-31,,21,부산광역시,부산BIS
BSB218730202,명륜2차아이파크1단지,35.21556583,129.0877941,2025-10-31,,21,부산광역시,부산BIS
BSB218740101,덕포신익.벽산하나로아파트,35.17402308,128.9896481,2025-10-31,,21,부산광역시,부산BIS
BSB218740102,오양힐타운아파트,35.17284745,128.9889743,2025-10-31,,21,부산광역시,부산BIS
BSB218740201,굿마트,35.17659656,128.9898772,2025-10-31,,21,부산광역시,부산BIS
BSB218740202,덕상초등학교,35.17498663,128.9899633,2025-10-31,,21,부산광역시,부산BIS
BSB218750101,굿마트,35.17721992,128.989435,2025-10-31,,21,부산광역시,부산BIS
BSB218750102,덕상초등학교,35.17579109,128.9897904,2025-10-31,,21,부산광역시,부산BIS
BSB218750201,사상도서관,35.17848981,128.9894138,2025-10-31,,21,부산광역시,부산BIS
BSB218780201,둔치도입구,35.16290784,128.8924544,2025-10-31,,21,부산광역시,부산BIS
BSB218790201,둔치도,35.16051322,128.8931561,2025-10-31,,21,부산광역시,부산BIS
BSB218800101,둔치도,35.16055921,128.8930968,2025-10-31,,21,부산광역시,부산BIS
BSB218800201,죽전가,35.16117551,128.8994924,2025-10-31,,21,부산광역시,부산BIS
BSB218810101,죽전가,35.16120142,128.8995643,2025-10-31,,21,부산광역시,부산BIS
BSB218820101,둔치도종점,35.14942695,128.8984402,2025-10-31,,21,부산광역시,부산BIS
BSB218830101,휴먼시아아파트,35.21422054,129.0316,2025-10-31,,21,부산광역시,부산BIS
BSB218830201,협성대진아파트,35.21388042,129.0272282,2025-10-31,,21,부산광역시,부산BIS
BSB218840201,만덕중학교,35.21442047,129.0316977,2025-10-31,,21,부산광역시,부산BIS
BSB218850101,농협만덕지점,35.21417739,129.0346971,2025-10-31,,21,부산광역시,부산BIS
BSB218890101,동항초등학교,35.11384134,129.0815628,2025-10-31,,21,부산광역시,부산BIS
BSB218910101,구평방파제,35.04821427,129.0001381,2025-10-31,,21,부산광역시,부산BIS
BSB218910102,대일조선,35.0491888,128.9997892,2025-10-31,,21,부산광역시,부산BIS
BSB219040101,동서대스튜던트프라자,35.14612906,129.0090351,2025-10-31,,21,부산광역시,부산BIS
BSB219040201,경남정보대미래관,35.14625642,129.010865,2025-10-31,,21,부산광역시,부산BIS
BSB219060101,만덕1동주민센터,35.21398352,129.0364453,2025-10-31,,21,부산광역시,부산BIS
BSB219060201,농협만덕지점,35.21437382,129.0347032,2025-10-31,,21,부산광역시,부산BIS
BSB513110000,부경양돈농협 신어지점,35.23559625,128.9063201,2025-10-31,,21,부산광역시,부산BIS
BSB513120000,부경양돈농협 신어지점,35.23590186,128.907228,2025-10-31,,21,부산광역시,부산BIS
BSB513130000,안동공단북측,35.23589092,128.9122034,2025-10-31,,21,부산광역시,부산BIS
BSB513140000,안동공단북측,35.23612557,128.9121815,2025-10-31,,21,부산광역시,부산BIS
BSB513150000,대우이안아파트,35.27259527,128.8652093,2025-10-31,,21,부산광역시,부산BIS
BSB513160000,대우이안아파트,35.27273406,128.8652674,2025-10-31,,21,부산광역시,부산BIS
BSB513170000,한라비발디센텀시티,35.27168986,128.868694,2025-10-31,,21,부산광역시,부산BIS
BSB513180000,한라비발디센텀시티,35.27174502,128.868915,2025-10-31,,21,부산광역시,부산BIS
BSB513190000,김해종합운동장,35.25687631,128.8738142,2025-10-31,,21,부산광역시,부산BIS
BSB513200000,김해종합운동장,35.25697634,128.8740473,2025-10-31,,21,부산광역시,부산BIS
BSB513210000,구산고등학교,35.2514469,128.8749636,2025-10-31,,21,부산광역시,부산BIS
BSB513220000,구산고등학교,35.25209399,128.8750774,2025-10-31,,21,부산광역시,부산BIS
BSB513230000,롯데캐슬1단지,35.24132095,128.884029,2025-10-31,,21,부산광역시,부산BIS
BSB513240000,롯데캐슬1단지,35.24143353,128.8843227,2025-10-31,,21,부산광역시,부산BIS
BSB513250000,선만고개,35.23033163,128.9438141,2025-10-31,,21,부산광역시,부산BIS
BSB513260000,선만고개,35.23046799,128.9437404,2025-10-31,,21,부산광역시,부산BIS
BSB513270000,경동메르빌아파트,35.07576935,128.9829148,2025-10-31,,21,부산광역시,부산BIS
BSB513280000,동원타워아파트,35.07629762,128.9795402,2025-10-31,,21,부산광역시,부산BIS
BSB513290000,동원타워아파트,35.07615736,128.9795752,2025-10-31,,21,부산광역시,부산BIS
BSB513300000,마실마트,35.07742185,128.9780217,2025-10-31,,21,부산광역시,부산BIS
BSB513310000,새마을금고,35.0776076,128.9779604,2025-10-31,,21,부산광역시,부산BIS
BSB513320000,센텀휴요양병원,35.07711492,128.9786062,2025-10-31,,21,부산광역시,부산BIS
BSB513330000,신세대지큐빌,35.07623247,128.9810459,2025-10-31,,21,부산광역시,부산BIS
BSB513340000,신세대지큐빌,35.07618659,128.9808201,2025-10-31,,21,부산광역시,부산BIS
BSB513350000,영남중학교,35.07587111,128.9816511,2025-10-31,,21,부산광역시,부산BIS
BSB513360000,영남중학교,35.0757277,128.9816038,2025-10-31,,21,부산광역시,부산BIS
BSB513370000,탑마트,35.07595639,128.9767037,2025-10-31,,21,부산광역시,부산BIS
BSB513380000,대동맨션입구,35.07609893,128.9770799,2025-10-31,,21,부산광역시,부산BIS
BSB513390000,현대빌라,35.07667301,128.9789025,2025-10-31,,21,부산광역시,부산BIS
BSB513400000,더샵퍼스트월드 3단지,35.09488501,128.9045678,2025-10-31,,21,부산광역시,부산BIS
BSB513410000,더샵퍼스트월드 3단지,35.09494674,128.9040813,2025-10-31,,21,부산광역시,부산BIS
BSB513420000,명지철새탐조대,35.08486611,128.9117133,2025-10-31,,21,부산광역시,부산BIS
BSB513430000,명지철새탐조대,35.08494397,128.9113479,2025-10-31,,21,부산광역시,부산BIS
BSB513440000,명지환승센터,35.09501255,128.9117802,2025-10-31,,21,부산광역시,부산BIS
BSB513450000,서부주공아파트,35.24450052,129.2102998,2025-10-31,,21,부산광역시,부산BIS
BSB513460000,CGV,35.09313883,128.9038584,2025-10-31,12581,21,부산광역시,부산BIS
BSB513470000,CGV,35.09304134,128.9043276,2025-10-31,12582,21,부산광역시,부산BIS
BSB513480000,가락동행정복지센터,35.19609254,128.9016144,2025-10-31,12611,21,부산광역시,부산BIS
BSB513490000,가락파출소,35.19512782,128.90234,2025-10-31,12610,21,부산광역시,부산BIS
BSB513500000,가락중앙경로당,35.19700607,128.894505,2025-10-31,12608,21,부산광역시,부산BIS
BSB513510000,가락중앙경로당,35.19720356,128.8951299,2025-10-31,12609,21,부산광역시,부산BIS
BSB513520000,강동동행정복지센터,35.21401323,128.9356833,2025-10-31,12657,21,부산광역시,부산BIS
BSB513530000,강동동행정복지센터,35.21416026,128.9355057,2025-10-31,12658,21,부산광역시,부산BIS
BSB513540000,강동병원앞교차로,35.08910022,128.9775308,2025-10-31,10304,21,부산광역시,부산BIS
BSB513550000,강동치안센터,35.21614139,128.9367222,2025-10-31,12645,21,부산광역시,부산BIS
BSB513560000,강동치안센터,35.21609727,128.9369463,2025-10-31,12644,21,부산광역시,부산BIS
BSB513570000,강서공영차고지,35.09919289,128.8655923,2025-10-31,12562,21,부산광역시,부산BIS
BSB513580000,강서공영차고지,35.10053034,128.8662314,2025-10-31,12561,21,부산광역시,부산BIS
BSB513590000,강서공영차고지,35.10027066,128.866708,2025-10-31,12625,21,부산광역시,부산BIS
BSB513600000,강서해수랜드,35.19787871,128.9257269,2025-10-31,12652,21,부산광역시,부산BIS
BSB513610000,강서해수랜드,35.19795577,128.9259812,2025-10-31,12651,21,부산광역시,부산BIS
BSB513620000,강진정비,35.09809676,128.8431375,2025-10-31,12571,21,부산광역시,부산BIS
BSB513630000,강진정비,35.09783325,128.8432796,2025-10-31,12572,21,부산광역시,부산BIS
BSB513640000,경일고등학교,35.11255087,128.9238152,2025-10-31,12605,21,부산광역시,부산BIS
BSB513650000,경일고등학교,35.11237499,128.9241072,2025-10-31,12604,21,부산광역시,부산BIS
BSB513660000,국민은행명지국제신도시지점,35.0977051,128.9211691,2025-10-31,12589,21,부산광역시,부산BIS
BSB513670000,국민은행명지국제신도시지점,35.09813727,128.9211957,2025-10-31,12590,21,부산광역시,부산BIS
BSB513680000,국제휠타,35.09683338,128.8301645,2025-10-31,12578,21,부산광역시,부산BIS
BSB513690000,국제휠타,35.09715818,128.8301388,2025-10-31,12577,21,부산광역시,부산BIS
BSB513700000,국회도서관입구,35.10236835,128.9054986,2025-10-31,12597,21,부산광역시,부산BIS
BSB513710000,금강펜테리움202동,35.10450614,128.9197935,2025-10-31,12594,21,부산광역시,부산BIS
BSB513720000,금강펜테리움3차.중흥에듀오션,35.10292594,128.9239673,2025-10-31,12593,21,부산광역시,부산BIS
BSB513730000,녹산농협,35.11230249,128.8777414,2025-10-31,12631,21,부산광역시,부산BIS
BSB513740000,녹산농협,35.11265112,128.8773436,2025-10-31,12632,21,부산광역시,부산BIS
BSB513750000,농협공판장,35.21146968,128.9338496,2025-10-31,12656,21,부산광역시,부산BIS
BSB513760000,농협공판장,35.21127778,128.9340152,2025-10-31,12655,21,부산광역시,부산BIS
BSB513770000,대방디엠시티,35.0916794,128.9095534,2025-10-31,12583,21,부산광역시,부산BIS
BSB513780000,대한제강,35.09786544,128.8615158,2025-10-31,12566,21,부산광역시,부산BIS
BSB513790000,더샵퍼스트월드2단지,35.09797591,128.9044369,2025-10-31,12659,21,부산광역시,부산BIS
BSB513800000,더샵퍼스트월드2단지,35.09817953,128.904957,2025-10-31,12660,21,부산광역시,부산BIS
BSB513810000,더샵퍼스트월드3단지,35.09515141,128.9041025,2025-10-31,12661,21,부산광역시,부산BIS
BSB513820000,더샵퍼스트월드3단지,35.0951078,128.904584,2025-10-31,12662,21,부산광역시,부산BIS
BSB513830000,더스퀘어,35.0979642,128.9187518,2025-10-31,12587,21,부산광역시,부산BIS
BSB513840000,더스퀘어,35.09836924,128.9187833,2025-10-31,12588,21,부산광역시,부산BIS
BSB513850000,덕계마을입구,35.19152011,128.9161194,2025-10-31,12650,21,부산광역시,부산BIS
BSB513860000,덕계마을입구,35.19127611,128.9158776,2025-10-31,12649,21,부산광역시,부산BIS
BSB513870000,동아밸브,35.09810842,128.8497664,2025-10-31,12569,21,부산광역시,부산BIS
BSB513880000,득천사거리,35.18921487,128.9216913,2025-10-31,12641,21,부산광역시,부산BIS
BSB513890000,득천사거리,35.18943227,128.9210542,2025-10-31,12648,21,부산광역시,부산BIS
BSB513900000,딴치,35.20348602,128.9289995,2025-10-31,12654,21,부산광역시,부산BIS
BSB513910000,딴치,35.2033254,128.9291823,2025-10-31,12653,21,부산광역시,부산BIS
BSB513920000,롯데마트,35.08508691,128.9723249,2025-10-31,,21,부산광역시,부산BIS
BSB513930000,명일초등학교,35.11003931,128.923641,2025-10-31,12602,21,부산광역시,부산BIS
BSB513940000,명지노인종합복지관,35.11031433,128.923631,2025-10-31,12603,21,부산광역시,부산BIS
BSB513950000,명지대방노블랜드2차,35.09497023,128.9173111,2025-10-31,12627,21,부산광역시,부산BIS
BSB513960000,명지더웨스턴아파트,35.098074,128.9119449,2025-10-31,12585,21,부산광역시,부산BIS
BSB513970000,명지더힐시그니쳐,35.0926965,128.9143467,2025-10-31,12626,21,부산광역시,부산BIS
BSB513980000,명지스위트팰리스,35.1087798,128.9215168,2025-10-31,12601,21,부산광역시,부산BIS
BSB513990000,명지스위트팰리스,35.10881538,128.9218302,2025-10-31,12600,21,부산광역시,부산BIS
BSB514000000,명지철새탐조대,35.08493601,128.9117095,2025-10-31,12563,21,부산광역시,부산BIS
BSB514010000,명지철새탐조대,35.08486055,128.9113514,2025-10-31,12564,21,부산광역시,부산BIS
BSB514020000,명지초등학교,35.10156354,128.9233596,2025-10-31,12596,21,부산광역시,부산BIS
BSB207020101,활천초등학교,35.23208675,128.9209326,2025-10-31,,21,부산광역시,부산BIS
BSB207020201,활천초등학교,35.23284161,128.9212165,2025-10-31,,21,부산광역시,부산BIS
BSB207050101,못안마을,35.23444754,128.9207467,2025-10-31,,21,부산광역시,부산BIS
BSB207050201,못안마을,35.23509689,128.9207697,2025-10-31,,21,부산광역시,부산BIS
BSB207070201,안동육거리,35.23611508,128.9181234,2025-10-31,,21,부산광역시,부산BIS
BSB207080101,안동육거리,35.23584786,128.9180928,2025-10-31,,21,부산광역시,부산BIS
BSB207090101,한일여고,35.23833819,128.9167372,2025-10-31,,21,부산광역시,부산BIS
BSB207090201,한일여고,35.23950511,128.9161996,2025-10-31,,21,부산광역시,부산BIS
BSB207100201,계내,35.24093048,128.9150866,2025-10-31,,21,부산광역시,부산BIS
BSB207120101,계내,35.24169026,128.9141317,2025-10-31,,21,부산광역시,부산BIS
BSB207120201,한샘베스트빌라,35.24293912,128.9135092,2025-10-31,,21,부산광역시,부산BIS
BSB207160101,신어중학교,35.24435568,128.9123679,2025-10-31,,21,부산광역시,부산BIS
BSB207160201,신어중학교,35.24485181,128.9125052,2025-10-31,,21,부산광역시,부산BIS
BSB207170201,동성아파트,35.24636978,128.911875,2025-10-31,,21,부산광역시,부산BIS
BSB207180101,동성아파트,35.24631544,128.9115995,2025-10-31,,21,부산광역시,부산BIS
BSB207200201,삼방시장,35.2487493,128.9108975,2025-10-31,,21,부산광역시,부산BIS
BSB207220101,삼방시장,35.24930051,128.9104079,2025-10-31,,21,부산광역시,부산BIS
BSB207230201,화인아파트,35.25172497,128.9096819,2025-10-31,,21,부산광역시,부산BIS
BSB207250101,화인아파트,35.25186833,128.909149,2025-10-31,,21,부산광역시,부산BIS
BSB207410101,수가마을,35.17510013,128.8678728,2025-10-31,,21,부산광역시,부산BIS
BSB207410201,수가마을,35.17518379,128.8679397,2025-10-31,,21,부산광역시,부산BIS
BSB207420201,용곡,35.17682693,128.8495145,2025-10-31,,21,부산광역시,부산BIS
BSB207420202,태정,35.17720118,128.847845,2025-10-31,,21,부산광역시,부산BIS
BSB207430201,쌍용예가,35.195478,128.814685,2025-10-31,,21,부산광역시,부산BIS
BSB207430301,무계교,35.19730843,128.816497,2025-10-31,,21,부산광역시,부산BIS
BSB207450101,하봉마을,35.194596,128.818107,2025-10-31,,21,부산광역시,부산BIS
BSB207460101,장유중학교,35.19063334,128.8204715,2025-10-31,,21,부산광역시,부산BIS
BSB207460102,신문,35.18791243,128.8215304,2025-10-31,,21,부산광역시,부산BIS
BSB207460201,범동포,35.19431,128.818467,2025-10-31,,21,부산광역시,부산BIS
BSB207470201,장유중학교,35.19071561,128.8207281,2025-10-31,,21,부산광역시,부산BIS
BSB207470202,신문,35.18737964,128.8219424,2025-10-31,,21,부산광역시,부산BIS
BSB207480101,용산마을,35.18431,128.8223,2025-10-31,,21,부산광역시,부산BIS
BSB207480201,용산마을,35.18417,128.82224,2025-10-31,,21,부산광역시,부산BIS
BSB207500101,응달,35.17724432,128.8351983,2025-10-31,,21,부산광역시,부산BIS
BSB207500102,응달마을,35.17734487,128.8379815,2025-10-31,,21,부산광역시,부산BIS
BSB207500103,장유모산마을,35.17503705,128.8293972,2025-10-31,,21,부산광역시,부산BIS
BSB207500201,율하2지구입구,35.17397414,128.8225922,2025-10-31,,21,부산광역시,부산BIS
BSB207510101,용곡,35.1766957,128.8494962,2025-10-31,,21,부산광역시,부산BIS
BSB207510102,태정,35.17706038,128.8477769,2025-10-31,,21,부산광역시,부산BIS
BSB207510201,응달마을,35.17752268,128.8384009,2025-10-31,,21,부산광역시,부산BIS
BSB207510202,응달,35.17744201,128.8352069,2025-10-31,,21,부산광역시,부산BIS
BSB207510203,장유모산마을,35.1751698,128.82941,2025-10-31,,21,부산광역시,부산BIS
BSB207540201,영운초등학교,35.25211902,128.9058314,2025-10-31,,21,부산광역시,부산BIS
BSB207580101,무계교,35.19725766,128.8162186,2025-10-31,,21,부산광역시,부산BIS
BSB207590101,장유농협,35.20015939,128.8151023,2025-10-31,,21,부산광역시,부산BIS
BSB207590301,풍류2통,35.20772819,128.8431253,2025-10-31,,21,부산광역시,부산BIS
BSB207590302,명법2통,35.20511862,128.8363467,2025-10-31,,21,부산광역시,부산BIS
BSB207590303,내덕,35.20570633,128.8278833,2025-10-31,,21,부산광역시,부산BIS
BSB207600201,장유우체국,35.200343,128.813436,2025-10-31,,21,부산광역시,부산BIS
BSB207610201,장유우체국,35.200287,128.813755,2025-10-31,,21,부산광역시,부산BIS
BSB207610301,장유농협,35.20033602,128.8153859,2025-10-31,,21,부산광역시,부산BIS
BSB207620101,삼문마을,35.192287,128.81023,2025-10-31,,21,부산광역시,부산BIS
BSB207620201,장유온천,35.1894,128.80725,2025-10-31,,21,부산광역시,부산BIS
BSB207630101,장유온천,35.18907508,128.8070684,2025-10-31,,21,부산광역시,부산BIS
BSB207630201,장유온천(종점),35.18826295,128.8063909,2025-10-31,,21,부산광역시,부산BIS
BSB207630301,대청초등학교,35.18865477,128.8057215,2025-10-31,,21,부산광역시,부산BIS
BSB207630302,대청고등학교,35.18670516,128.7998713,2025-10-31,,21,부산광역시,부산BIS
BSB207640101,장유온천(기점),35.18856679,128.8065575,2025-10-31,,21,부산광역시,부산BIS
BSB207690401,영천초등학교,35.30914262,129.1088187,2025-10-31,52002,21,부산광역시,부산BIS
BSB207700101,동면우체국,35.3079207,129.1083291,2025-10-31,52003,21,부산광역시,부산BIS
BSB207700201,영천사거리,35.3071139,129.1084461,2025-10-31,,21,부산광역시,부산BIS
BSB207700301,동면우체국,35.30639234,129.1072182,2025-10-31,52001,21,부산광역시,부산BIS
BSB207700302,영천사거리,35.30690098,129.1074786,2025-10-31,,21,부산광역시,부산BIS
BSB207710101,개곡마을,35.34618422,129.1275114,2025-10-31,52010,21,부산광역시,부산BIS
BSB207740201,창기마을,35.33406154,129.1225147,2025-10-31,52007,21,부산광역시,부산BIS
BSB207750101,임기마을,35.32276798,129.1161437,2025-10-31,52005,21,부산광역시,부산BIS
BSB207750102,창기마을,35.33441966,129.1229647,2025-10-31,52008,21,부산광역시,부산BIS
BSB207750201,임기마을,35.32262566,129.1152742,2025-10-31,52006,21,부산광역시,부산BIS
BSB207760201,월평고개,35.36469314,129.1450095,2025-10-31,16191,21,부산광역시,부산BIS
BSB207780201,덕계상설시장,35.36972816,129.1478409,2025-10-31,52019,21,부산광역시,부산BIS
BSB207790101,덕계상설시장,35.3701906,129.1483962,2025-10-31,52020,21,부산광역시,부산BIS
BSB207800101,동일2차아파트,35.37168837,129.1492,2025-10-31,52021,21,부산광역시,부산BIS
BSB207800201,동일2차아파트,35.37115255,129.1485907,2025-10-31,52022,21,부산광역시,부산BIS
BSB207820101,덕계메가마트,35.37328165,129.1503135,2025-10-31,52023,21,부산광역시,부산BIS
BSB207830101,덕계사거리,35.37465253,129.151714,2025-10-31,52026,21,부산광역시,부산BIS
BSB207830201,덕계메가마트,35.37311413,129.1498525,2025-10-31,52024,21,부산광역시,부산BIS
BSB207850101,덕계마을.덕계다리,35.37715807,129.1541991,2025-10-31,52027,21,부산광역시,부산BIS
BSB207850201,덕계사거리,35.37520055,129.1519509,2025-10-31,52025,21,부산광역시,부산BIS
BSB207860102,신원아침도시,35.41531783,129.1666656,2025-10-31,52106,21,부산광역시,부산BIS
BSB207860201,양산영어도서관,35.41362555,129.1643315,2025-10-31,52071,21,부산광역시,부산BIS
BSB207860202,소남마을,35.41248917,129.1631843,2025-10-31,52073,21,부산광역시,부산BIS
BSB207870101,소남마을,35.41248517,129.163521,2025-10-31,52067,21,부산광역시,부산BIS
BSB207870102,양산영어도서관,35.41353132,129.1644918,2025-10-31,52068,21,부산광역시,부산BIS
BSB207870301,천성리버타운후문,35.40901778,129.1600934,2025-10-31,52075,21,부산광역시,부산BIS
BSB207870302,소남다리.아이존빌,35.41109803,129.1620178,2025-10-31,52074,21,부산광역시,부산BIS
BSB207870303,천성리버타운정문,35.40725557,129.1588632,2025-10-31,52076,21,부산광역시,부산BIS
BSB207880101,새웅상요양병원,35.4108927,129.1671634,2025-10-31,52046,21,부산광역시,부산BIS
BSB207880301,그랜드볼링장,35.40802968,129.1652834,2025-10-31,52060,21,부산광역시,부산BIS
BSB207880302,웅상중앙병원,35.40587205,129.1647226,2025-10-31,52061,21,부산광역시,부산BIS
BSB207890101,웅상중앙병원,35.4056244,129.1649177,2025-10-31,52044,21,부산광역시,부산BIS
BSB207890102,그랜드볼링장,35.40804668,129.1655497,2025-10-31,52045,21,부산광역시,부산BIS
BSB207890201,명동마을,35.39969942,129.1627471,2025-10-31,52043,21,부산광역시,부산BIS
BSB207890202,웅상문화체육센터입구,35.39766505,129.1612893,2025-10-31,52041,21,부산광역시,부산BIS
BSB207890203,주진마을,35.39257538,129.1584458,2025-10-31,52040,21,부산광역시,부산BIS
BSB207890204,웅상도서관,35.39006235,129.1571563,2025-10-31,52083,21,부산광역시,부산BIS
BSB207890205,혜인병원,35.38519537,129.1553088,2025-10-31,52037,21,부산광역시,부산BIS
BSB207890206,신명마을,35.38276068,129.1548518,2025-10-31,52035,21,부산광역시,부산BIS
BSB207900101,농협중앙회웅상지점,35.41459426,129.1710738,2025-10-31,52048,21,부산광역시,부산BIS
BSB219090201,현대아파트113동,35.17279287,129.0640531,2025-10-31,,21,부산광역시,부산BIS
BSB219100101,현대아파트209동,35.17194955,129.0659897,2025-10-31,,21,부산광역시,부산BIS
BSB219100201,현대아파트207동,35.17227805,129.0649843,2025-10-31,,21,부산광역시,부산BIS
BSB219110101,현대아파트113동,35.17278323,129.0643704,2025-10-31,,21,부산광역시,부산BIS
BSB219110201,현대아파트205동,35.17214584,129.0648191,2025-10-31,,21,부산광역시,부산BIS
BSB219150102,동부지청어귀교차로,35.18271362,129.1224952,2025-10-31,9707,21,부산광역시,부산BIS
BSB219150202,동해선센텀역,35.18017321,129.1245036,2025-10-31,9710,21,부산광역시,부산BIS
BSB219160101,동아대학교구덕캠퍼스,35.12069845,129.0171382,2025-10-31,,21,부산광역시,부산BIS
BSB219200201,이마트문현점,35.14510621,129.0645347,2025-10-31,,21,부산광역시,부산BIS
BSB219210101,문현시장,35.14267908,129.0652098,2025-10-31,,21,부산광역시,부산BIS
BSB219230201,"호반써밋명지국제,금강펜테리움2차",35.10220878,128.9179,2025-10-31,12493,21,부산광역시,부산BIS
BSB219230301,협성휴포레,35.10684056,128.9190614,2025-10-31,12492,21,부산광역시,부산BIS
BSB219270101,온천장역,35.2178092,129.0857411,2025-10-31,,21,부산광역시,부산BIS
BSB219280101,강서예술촌 황라도,35.1364019,128.9248865,2025-10-31,,21,부산광역시,부산BIS
BSB219290101,덕포신익.벽산하나로아파트,35.17343753,128.9895447,2025-10-31,,21,부산광역시,부산BIS
BSB219290201,덕포경동1차아파트,35.17081223,128.9904774,2025-10-31,,21,부산광역시,부산BIS
BSB219290202,덕포경동2차아파트,35.17050028,128.9908155,2025-10-31,,21,부산광역시,부산BIS
BSB219310101,강서등기소,35.21548664,128.978731,2025-10-31,,21,부산광역시,부산BIS
BSB219310201,대저소방서 대저1동주민센터,35.21499145,128.9770499,2025-10-31,,21,부산광역시,부산BIS
BSB219320101,대저소방서 대저1동주민센터,35.21479668,128.9771111,2025-10-31,,21,부산광역시,부산BIS
BSB219320201,부산은행대저지점,35.21380274,128.9803043,2025-10-31,,21,부산광역시,부산BIS
BSB219340101,부경대용당캠퍼스,35.11539383,129.090673,2025-10-31,,21,부산광역시,부산BIS
BSB219350101,남성한빛.대신더샵,35.11659065,129.0105386,2025-10-31,,21,부산광역시,부산BIS
BSB219350102,대신롯데캐슬아파트,35.11531114,129.0105291,2025-10-31,,21,부산광역시,부산BIS
BSB219370101,솔개다리,35.11266158,129.0817796,2025-10-31,,21,부산광역시,부산BIS
BSB219380101,동양아파트13동,35.14401777,128.9920024,2025-10-31,,21,부산광역시,부산BIS
BSB219380102,동양아파트16동,35.14332091,128.9905372,2025-10-31,,21,부산광역시,부산BIS
BSB219380103,세원사거리,35.14231758,128.988527,2025-10-31,,21,부산광역시,부산BIS
BSB219390101,오션초등학교,35.07972887,128.9061586,2025-10-31,,21,부산광역시,부산BIS
BSB219400301,오션초등학교,35.07947562,128.9092223,2025-10-31,,21,부산광역시,부산BIS
BSB219450101,복천박물관,35.20819084,129.0914253,2025-10-31,,21,부산광역시,부산BIS
BSB219450202,학산여자고등학교,35.20731198,129.0947313,2025-10-31,,21,부산광역시,부산BIS
BSB219470101,미소락펜션,35.02513419,128.8150589,2025-10-31,,21,부산광역시,부산BIS
BSB219480201,동양메이져,35.13997776,128.8490333,2025-10-31,,21,부산광역시,부산BIS
BSB219490301,명지환승센터,35.09526397,128.9122631,2025-10-31,12503,21,부산광역시,부산BIS
BSB219500101,한신아파트,35.09774193,128.9666345,2025-10-31,,21,부산광역시,부산BIS
BSB219540101,구덕대림아파트,35.13618771,128.9930069,2025-10-31,,21,부산광역시,부산BIS
BSB219550101,동래문화회관,35.21225464,129.0892666,2025-10-31,,21,부산광역시,부산BIS
BSB219550102,센트럴파크,35.21080151,129.0862647,2025-10-31,,21,부산광역시,부산BIS
BSB219560101,명륜아이파크1차정문,35.2103618,129.0835414,2025-10-31,,21,부산광역시,부산BIS
BSB219570101,무량사,35.20748872,129.0902607,2025-10-31,,21,부산광역시,부산BIS
BSB219570201,복천박물관,35.20790468,129.0915666,2025-10-31,,21,부산광역시,부산BIS
BSB219580101,부경대용당캠퍼스,35.11635534,129.0902143,2025-10-31,,21,부산광역시,부산BIS
BSB219610101,서전기아타운,35.18030565,129.0881438,2025-10-31,,21,부산광역시,부산BIS
BSB219620101,한일레포츠,35.18155802,129.0873745,2025-10-31,,21,부산광역시,부산BIS
BSB219620201,연제구국민체육센터,35.18402845,129.0873005,2025-10-31,,21,부산광역시,부산BIS
BSB219620202,한일유앤아이,35.18297869,129.0872956,2025-10-31,,21,부산광역시,부산BIS
BSB219630101,서전기아타운,35.18003232,129.0880954,2025-10-31,,21,부산광역시,부산BIS
BSB219630201,한일레포츠,35.18165379,129.0875691,2025-10-31,,21,부산광역시,부산BIS
BSB219640201,동래문화회관,35.21210929,129.0893342,2025-10-31,,21,부산광역시,부산BIS
BSB219640202,센트럴파크,35.21062577,129.0862657,2025-10-31,,21,부산광역시,부산BIS
BSB219660101,화인아파트104동,35.17368014,129.0587941,2025-10-31,,21,부산광역시,부산BIS
BSB219670101,하나로교회,35.1730207,129.0579009,2025-10-31,,21,부산광역시,부산BIS
BSB219690101,수도암입구,35.1154216,129.0087754,2025-10-31,,21,부산광역시,부산BIS
BSB219690102,신풍빌라,35.11322045,129.0088512,2025-10-31,,21,부산광역시,부산BIS
BSB219690103,협성르네상스후문,35.11095469,129.0089446,2025-10-31,,21,부산광역시,부산BIS
BSB219690201,민방위교육장,35.12036554,129.0097868,2025-10-31,,21,부산광역시,부산BIS
BSB219690202,효목빌라,35.11884617,129.0095685,2025-10-31,,21,부산광역시,부산BIS
BSB219700101,명륜2차아이파크2단지,35.21350066,129.0916585,2025-10-31,,21,부산광역시,부산BIS
BSB219700201,동래문화회관,35.21407324,129.0900485,2025-10-31,,21,부산광역시,부산BIS
BSB219700202,명륜2차아이파크1단지,35.21539576,129.088391,2025-10-31,,21,부산광역시,부산BIS
BSB219700203,온천장입구,35.2167458,129.0866978,2025-10-31,,21,부산광역시,부산BIS
BSB219750201,개금3동사무소,35.15604308,129.0228979,2025-10-31,,21,부산광역시,부산BIS
BSB219770201,부산구치소,35.14631796,128.9946532,2025-10-31,,21,부산광역시,부산BIS
BSB219770202,주남교,35.14803421,128.998464,2025-10-31,,21,부산광역시,부산BIS
BSB219790101,"호반써밋명지국제,금강펜테리움2차",35.10217412,128.9183817,2025-10-31,12494,21,부산광역시,부산BIS
BSB219790201,베르디움101동,35.1011923,128.9179557,2025-10-31,,21,부산광역시,부산BIS
BSB219800201,명지초등학교,35.10042125,128.9203488,2025-10-31,,21,부산광역시,부산BIS
BSB219800301,금강펜테리움2차아파트,35.10319183,128.9209826,2025-10-31,12481,21,부산광역시,부산BIS
BSB219810201,명지초등학교,35.10138157,128.9237501,2025-10-31,,21,부산광역시,부산BIS
BSB219810301,에일린의뜰아파트112동,35.09959093,128.9230117,2025-10-31,,21,부산광역시,부산BIS
BSB219820101,명지초등학교,35.10143317,128.9233401,2025-10-31,,21,부산광역시,부산BIS
BSB219820201,국제신도시교차로,35.10406258,128.9240379,2025-10-31,,21,부산광역시,부산BIS
BSB219830101,국제신도시교차로,35.10392848,128.9236839,2025-10-31,,21,부산광역시,부산BIS
BSB219880101,만덕시장,35.21490139,129.035216,2025-10-31,,21,부산광역시,부산BIS
BSB219890101,유림노르웨이숲,35.19696659,129.0026291,2025-10-31,,21,부산광역시,부산BIS
BSB219940101,대항,35.01197704,128.829712,2025-10-31,,21,부산광역시,부산BIS
BSB219940102,대항방파제,35.01214321,128.8276564,2025-10-31,,21,부산광역시,부산BIS
BSB219960101,장전SK뷰아파트106동,35.22780484,129.08111,2025-10-31,,21,부산광역시,부산BIS
BSB219990101,농심가슈퍼,35.20905723,129.0982435,2025-10-31,,21,부산광역시,부산BIS
BSB219990102,대명여자고등학교,35.21052635,129.0965787,2025-10-31,,21,부산광역시,부산BIS
BSB219990201,유림아파트,35.20805221,129.0990087,2025-10-31,,21,부산광역시,부산BIS
BSB220000201,농심가슈퍼,35.20933887,129.0977098,2025-10-31,,21,부산광역시,부산BIS
BSB220010101,명륜2차아이파크2단지,35.21313237,129.0930882,2025-10-31,,21,부산광역시,부산BIS
BSB220010102,용인고등학교,35.21279472,129.0936099,2025-10-31,,21,부산광역시,부산BIS
BSB220010201,대명여자고등학교,35.21116684,129.095621,2025-10-31,,21,부산광역시,부산BIS
BSB220010202,용인고등학교,35.21198288,129.0944524,2025-10-31,,21,부산광역시,부산BIS
BSB220020301,동항초등학교,35.11392617,129.0813457,2025-10-31,,21,부산광역시,부산BIS
BSB220040101,수녀원,35.18162596,129.0878757,2025-10-31,,21,부산광역시,부산BIS
BSB220040201,대진그린타워,35.18106478,129.0890632,2025-10-31,,21,부산광역시,부산BIS
BSB220080101,한신아파트,35.22864205,129.0793248,2025-10-31,,21,부산광역시,부산BIS
BSB220090201,그린하노이,35.1739352,129.0618105,2025-10-31,,21,부산광역시,부산BIS
BSB220090202,현대아파트101동,35.17432229,129.0639495,2025-10-31,,21,부산광역시,부산BIS
BSB220090203,현대아파트106동,35.17412938,129.0623148,2025-10-31,,21,부산광역시,부산BIS
BSB220100101,현대아파트101동,35.17447718,129.0641153,2025-10-31,,21,부산광역시,부산BIS
BSB514030000,명지협성휴포레,35.1058035,128.9213811,2025-10-31,12598,21,부산광역시,부산BIS
BSB514040000,명지협성휴포레,35.10624415,128.9211557,2025-10-31,12599,21,부산광역시,부산BIS
BSB514050000,봉림교차로,35.17679327,128.900775,2025-10-31,12616,21,부산광역시,부산BIS
BSB514060000,봉림교차로,35.17553247,128.9012944,2025-10-31,12617,21,부산광역시,부산BIS
BSB514070000,부산소프트웨어마이스터고,35.18907878,128.904069,2025-10-31,12614,21,부산광역시,부산BIS
BSB514080000,부산소프트웨어마이스터고,35.18923558,128.904413,2025-10-31,12615,21,부산광역시,부산BIS
BSB514090000,사암마을,35.11089857,128.8805222,2025-10-31,12633,21,부산광역시,부산BIS
BSB514100000,사암마을,35.11110025,128.8805927,2025-10-31,12634,21,부산광역시,부산BIS
BSB514110000,사암입바위,35.10127166,128.8684196,2025-10-31,12629,21,부산광역시,부산BIS
BSB514120000,사암입바위,35.10157557,128.8682894,2025-10-31,12630,21,부산광역시,부산BIS
BSB514130000,산양마을입구,35.11173123,128.8727272,2025-10-31,12646,21,부산광역시,부산BIS
BSB514140000,삼계서희,35.27530382,128.8647384,2025-10-31,,21,부산광역시,부산BIS
BSB514150000,삼계서희,35.27527842,128.8649247,2025-10-31,,21,부산광역시,부산BIS
BSB514160000,삼정그린코아더베스트,35.09761368,128.9114188,2025-10-31,12586,21,부산광역시,부산BIS
BSB514170000,서부시외버스터미널(사상역),35.16175832,128.9863226,2025-10-31,15290,21,부산광역시,부산BIS
BSB514180000,성일여자고등하교,35.08840175,128.9778099,2025-10-31,10305,21,부산광역시,부산BIS
BSB514190000,송산마을,35.20327272,128.8919826,2025-10-31,12606,21,부산광역시,부산BIS
BSB514200000,송산마을,35.20353282,128.8923509,2025-10-31,12607,21,부산광역시,부산BIS
BSB514210000,쇠내마을,35.2163181,128.88761,2025-10-31,,21,부산광역시,부산BIS
BSB514220000,쇠내마을,35.21675484,128.8876311,2025-10-31,,21,부산광역시,부산BIS
BSB514230000,시민공원부설주차장,35.16685909,129.0610008,2025-10-31,5373,21,부산광역시,부산BIS
BSB514240000,신덕복지회관,35.20020584,128.9270115,2025-10-31,12643,21,부산광역시,부산BIS
BSB514250000,신덕복지회관,35.20014839,128.9272243,2025-10-31,12642,21,부산광역시,부산BIS
BSB514260000,신호중학교,35.08117421,128.8757504,2025-10-31,12628,21,부산광역시,부산BIS
BSB514270000,에일린의뜰아파트112동,35.09946949,128.9229979,2025-10-31,12592,21,부산광역시,부산BIS
BSB514280000,에일린의뜰아파트112동,35.09942624,128.9234519,2025-10-31,12591,21,부산광역시,부산BIS
BSB514290000,우방아이유쉘아파트,35.11097506,128.8864736,2025-10-31,12579,21,부산광역시,부산BIS
BSB514300000,우방아이유쉘아파트,35.11124759,128.8866225,2025-10-31,12580,21,부산광역시,부산BIS
BSB514310000,제나우스오피스텔,35.09175866,128.9079544,2025-10-31,12584,21,부산광역시,부산BIS
BSB514320000,제일전기,35.08527121,128.96625,2025-10-31,,21,부산광역시,부산BIS
BSB514330000,조만포,35.16239695,128.8889556,2025-10-31,12620,21,부산광역시,부산BIS
BSB514340000,조만포,35.16210431,128.8892287,2025-10-31,12621,21,부산광역시,부산BIS
BSB514350000,죽림삼거리,35.19268684,128.9035714,2025-10-31,12613,21,부산광역시,부산BIS
BSB514360000,죽림삼거리,35.19244221,128.9033681,2025-10-31,12612,21,부산광역시,부산BIS
BSB514370000,통전,35.1799241,128.900826,2025-10-31,12640,21,부산광역시,부산BIS
BSB514380000,통전,35.17947017,128.9013258,2025-10-31,12639,21,부산광역시,부산BIS
BSB514390000,해포,35.17199189,128.900076,2025-10-31,12618,21,부산광역시,부산BIS
BSB514400000,해포,35.17033804,128.8992254,2025-10-31,12619,21,부산광역시,부산BIS
BSB514410000,협성휴포레123동,35.10496698,128.9194314,2025-10-31,12595,21,부산광역시,부산BIS
BSB514420000,일신차고지 기점,35.20250583,129.1319361,2025-10-31,,21,부산광역시,부산BIS
BSB514430000,일신차고지 종점,35.20231121,129.1319859,2025-10-31,,21,부산광역시,부산BIS
BSB514440000,경제자유구역청,35.08680341,128.8392104,2025-10-31,,21,부산광역시,부산BIS
BSB514450000,성북마을,35.0570572,128.8321751,2025-10-31,,21,부산광역시,부산BIS
BSB514460000,성북마을,35.05719593,128.8322385,2025-10-31,,21,부산광역시,부산BIS
BSB514470000,숙등역2번출구,35.2125914,129.0146605,2025-10-31,,21,부산광역시,부산BIS
BSB514480000,백양디이스트301동,35.2087236,129.0341641,2025-10-31,,21,부산광역시,부산BIS
BSB514490000,민락역,35.16618771,129.1234593,2025-10-31,,21,부산광역시,부산BIS
BSB514500000,금산빌라,35.26212357,129.0865553,2025-10-31,,21,부산광역시,부산BIS
BSB514510000,남산역3번출구,35.26504046,129.0921952,2025-10-31,,21,부산광역시,부산BIS
BSB514520000,범어사역3번출구,35.27293439,129.0924587,2025-10-31,,21,부산광역시,부산BIS
BSB514530000,부산외국어대학교정문,35.2665852,129.08467,2025-10-31,,21,부산광역시,부산BIS
BSB514540000,외성생활관,35.27000767,129.0853016,2025-10-31,,21,부산광역시,부산BIS
BSB514550000,만덕119안전센터,35.20522279,129.0317382,2025-10-31,8250,21,부산광역시,부산BIS
BSB514560000,만덕119안전센터,35.20537736,129.0324612,2025-10-31,8249,21,부산광역시,부산BIS
BSB514570000,덕양초등학교,35.20990873,129.0231367,2025-10-31,8255,21,부산광역시,부산BIS
BSB514580000,덕양초등학교,35.20976367,129.022919,2025-10-31,8256,21,부산광역시,부산BIS
BSB514590000,럭키아파트후문,35.20800317,129.026614,2025-10-31,8253,21,부산광역시,부산BIS
BSB514600000,럭키아파트후문,35.20782522,129.0264778,2025-10-31,8254,21,부산광역시,부산BIS
BSB514610000,만덕도서관,35.20825476,129.0376605,2025-10-31,8257,21,부산광역시,부산BIS
BSB514620000,백양초등학교,35.20825176,129.0346245,2025-10-31,8258,21,부산광역시,부산BIS
BSB514630000,부산노인전문병원,35.20640537,129.0283914,2025-10-31,8252,21,부산광역시,부산BIS
BSB514640000,부산노인전문병원,35.20650979,129.0286136,2025-10-31,8251,21,부산광역시,부산BIS
BSB514650000,산양마을입구,35.11158852,128.8730694,2025-10-31,12665,21,부산광역시,부산BIS
BSB514660000,연제공용버스차고지,35.18528406,129.0532665,2025-10-31,13185,21,부산광역시,부산BIS
BSB514670000,은산터미널,35.1108724,128.8839488,2025-10-31,12666,21,부산광역시,부산BIS
BSB514680000,은산터미널,35.11111291,128.8841299,2025-10-31,12667,21,부산광역시,부산BIS
BSB514690000,다대포,35.04957801,128.9607748,2025-10-31,10306,21,부산광역시,부산BIS
BSB514700000,동자,35.13099323,128.9436393,2025-10-31,12670,21,부산광역시,부산BIS
BSB514710000,동자,35.13040685,128.9439599,2025-10-31,12671,21,부산광역시,부산BIS
BSB514720000,맥도자연생태공원,35.15086011,128.9531188,2025-10-31,12669,21,부산광역시,부산BIS
BSB514730000,맥도자연생태공원,35.15066192,128.9536737,2025-10-31,12668,21,부산광역시,부산BIS
BSB514740000,신평파출소,35.0928595,128.9631797,2025-10-31,10307,21,부산광역시,부산BIS
BSB514750000,가유부산2공장,35.14577829,128.8619318,2025-10-31,12698,21,부산광역시,부산BIS
BSB514760000,가유부산2공장,35.14553497,128.8619317,2025-10-31,12697,21,부산광역시,부산BIS
BSB514770000,국제신도시교차로,35.10374824,128.9241127,2025-10-31,,21,부산광역시,부산BIS
BSB514780000,국제신도시교차로,35.10383637,128.9236707,2025-10-31,,21,부산광역시,부산BIS
BSB514790000,두산위브아파트102동,35.08378307,128.8958897,2025-10-31,12680,21,부산광역시,부산BIS
BSB514800000,두산위브아파트102동,35.0837103,128.8962224,2025-10-31,12681,21,부산광역시,부산BIS
BSB514810000,명지가온 오션유치원,35.08149465,128.9076276,2025-10-31,12690,21,부산광역시,부산BIS
BSB514820000,명지가온 오션유치원,35.08118438,128.9078725,2025-10-31,12691,21,부산광역시,부산BIS
BSB514830000,명호중고등학교,35.08021886,128.8993428,2025-10-31,12684,21,부산광역시,부산BIS
BSB514840000,명호중고등학교,35.08036823,128.8995874,2025-10-31,12685,21,부산광역시,부산BIS
BSB514850000,부산한솔학교,35.08188183,128.8981754,2025-10-31,12682,21,부산광역시,부산BIS
BSB514860000,부산한솔학교,35.0820859,128.8980924,2025-10-31,12683,21,부산광역시,부산BIS
BSB514870000,부영2차아파트,35.10406218,128.8047005,2025-10-31,,21,부산광역시,부산BIS
BSB514880000,삼진월텍,35.15035522,128.8661069,2025-10-31,12701,21,부산광역시,부산BIS
BSB514890000,삼창파크멘션,35.07566401,129.0724559,2025-10-31,4214,21,부산광역시,부산BIS
BSB514900000,에일린의뜰2단지아파트,35.07380151,129.0746559,2025-10-31,4213,21,부산광역시,부산BIS
BSB514910000,오션초등학교,35.07977847,128.906442,2025-10-31,12689,21,부산광역시,부산BIS
BSB514920000,오션초등학교,35.07947883,128.906298,2025-10-31,12688,21,부산광역시,부산BIS
BSB514930000,용원시외버스정류장,35.10639086,128.8085436,2025-10-31,,21,부산광역시,부산BIS
BSB207900102,서창동주민센터,35.41696017,129.173558,2025-10-31,25062,21,부산광역시,부산BIS
BSB207900201,농협중앙회웅상지점,35.4144702,129.1705018,2025-10-31,52103,21,부산광역시,부산BIS
BSB207900301,대진아파트,35.4148977,129.1704644,2025-10-31,52052,21,부산광역시,부산BIS
BSB207910101,천성리버타운정문,35.40721404,129.1591703,2025-10-31,52064,21,부산광역시,부산BIS
BSB207910102,천성리버타운후문,35.40928854,129.1605739,2025-10-31,52065,21,부산광역시,부산BIS
BSB207910103,소남다리.아이존빌,35.41096556,129.1621188,2025-10-31,52066,21,부산광역시,부산BIS
BSB207920202,신원아침도시,35.41541754,129.1664671,2025-10-31,52105,21,부산광역시,부산BIS
BSB207930301,롯데마트,35.41505611,129.1691595,2025-10-31,52053,21,부산광역시,부산BIS
BSB207950201,웅상중앙병원,35.40610613,129.1635704,2025-10-31,52062,21,부산광역시,부산BIS
BSB207950301,웅상중앙병원,35.40661398,129.1633555,2025-10-31,52063,21,부산광역시,부산BIS
BSB207960101,혜인병원,35.38496436,129.1555732,2025-10-31,52038,21,부산광역시,부산BIS
BSB207960102,웅상도서관,35.38966697,129.1572873,2025-10-31,52082,21,부산광역시,부산BIS
BSB207960103,주진마을,35.39247976,129.1587417,2025-10-31,52039,21,부산광역시,부산BIS
BSB207960104,신명마을,35.38262209,129.1551453,2025-10-31,52036,21,부산광역시,부산BIS
BSB207960105,명동마을,35.39935773,129.1629685,2025-10-31,52042,21,부산광역시,부산BIS
BSB207960106,웅상문화체육센터입구,35.39728145,129.1613085,2025-10-31,,21,부산광역시,부산BIS
BSB207960201,덕계마을.덕계다리,35.37753965,129.1540595,2025-10-31,52028,21,부산광역시,부산BIS
BSB207960301,신명마을,35.38169694,129.153995,2025-10-31,52080,21,부산광역시,부산BIS
BSB207970101,북부마을,35.41955847,129.1761677,2025-10-31,52050,21,부산광역시,부산BIS
BSB207970301,서창동주민센터,35.41606995,129.1723373,2025-10-31,52057,21,부산광역시,부산BIS
BSB207990101,새진흥7차 입구,35.38332143,129.1488754,2025-10-31,52032,21,부산광역시,부산BIS
BSB207990201,태원아파트후문,35.38565452,129.1463477,2025-10-31,52034,21,부산광역시,부산BIS
BSB207990202,봉우아파트,35.38718733,129.1435987,2025-10-31,,21,부산광역시,부산BIS
BSB207990204,태원아파트정문,35.38635565,129.1449736,2025-10-31,,21,부산광역시,부산BIS
BSB208020101,평산농협,35.38156382,129.1514225,2025-10-31,52031,21,부산광역시,부산BIS
BSB208020201,새진흥7차 입구,35.38323946,129.1493943,2025-10-31,52033,21,부산광역시,부산BIS
BSB208030101,신명마을,35.3814555,129.1542097,2025-10-31,52090,21,부산광역시,부산BIS
BSB208030201,평산농협,35.3817844,129.1513089,2025-10-31,52030,21,부산광역시,부산BIS
BSB208040201,마을회관,35.41882333,129.1772167,2025-10-31,52097,21,부산광역시,부산BIS
BSB208040202,대동아파트,35.416415,129.1778017,2025-10-31,52098,21,부산광역시,부산BIS
BSB208040301,삼용부락,35.41824921,129.174508,2025-10-31,52056,21,부산광역시,부산BIS
BSB208040302,북부마을,35.41960757,129.1758848,2025-10-31,,21,부산광역시,부산BIS
BSB208060301,삼신교통차고지,35.42025357,129.1747941,2025-10-31,52102,21,부산광역시,부산BIS
BSB208070101,삼신교통차고지,35.42010167,129.1747817,2025-10-31,,21,부산광역시,부산BIS
BSB208080201,봉우아파트,35.38701064,129.1435185,2025-10-31,52029,21,부산광역시,부산BIS
BSB208080202,태원아파트정문,35.38612778,129.1450116,2025-10-31,52091,21,부산광역시,부산BIS
BSB208080203,태원아파트후문,35.385203,129.1464744,2025-10-31,52092,21,부산광역시,부산BIS
BSB208080301,기점,35.38794138,129.1424453,2025-10-31,,21,부산광역시,부산BIS
BSB208090101,기점,35.38777519,129.1423549,2025-10-31,52054,21,부산광역시,부산BIS
BSB208120101,동구노인종합복지관.덕림아파트,35.12631553,129.0384861,2025-10-31,3151,21,부산광역시,부산BIS
BSB208120102,수정아파트,35.12726284,129.0410562,2025-10-31,3035,21,부산광역시,부산BIS
BSB208130101,이진아파트,35.24893553,129.2093399,2025-10-31,,21,부산광역시,부산BIS
BSB208140101,좌천초등학교,35.31062014,129.2416065,2025-10-31,16269,21,부산광역시,부산BIS
BSB208140102,좌천초등학교,35.31054031,129.241509,2025-10-31,,21,부산광역시,부산BIS
BSB208160201,마지회관,35.27439836,129.165061,2025-10-31,,21,부산광역시,부산BIS
BSB208160202,보림,35.27188756,129.1597042,2025-10-31,16134,21,부산광역시,부산BIS
BSB208170101,사구,35.15887221,128.8861881,2025-10-31,12155,21,부산광역시,부산BIS
BSB208180101,녹산동행정복지센터,35.15411287,128.8837857,2025-10-31,12480,21,부산광역시,부산BIS
BSB208180102,범방주유소,35.15567886,128.8848833,2025-10-31,92367,21,부산광역시,부산BIS
BSB208180103,녹산동행정복지센터,35.15406371,128.8837126,2025-10-31,,21,부산광역시,부산BIS
BSB208180201,녹산동행정복지센터,35.1544072,128.8834889,2025-10-31,12479,21,부산광역시,부산BIS
BSB208180202,녹산동행정복지센터,35.15446281,128.8835463,2025-10-31,,21,부산광역시,부산BIS
BSB208190201,은하수공원,35.17425401,129.0315267,2025-10-31,5315,21,부산광역시,부산BIS
BSB208220101,반여동부산은행,35.1963556,129.1186637,2025-10-31,9196,21,부산광역시,부산BIS
BSB208220102,왕자아파트,35.19651727,129.1186834,2025-10-31,,21,부산광역시,부산BIS
BSB208220301,영원프라자,35.19497193,129.1182254,2025-10-31,,21,부산광역시,부산BIS
BSB208230101,무정삼거리,35.19574695,129.1212955,2025-10-31,9302,21,부산광역시,부산BIS
BSB208230102,무정리,35.19512517,129.1203438,2025-10-31,,21,부산광역시,부산BIS
BSB208230103,무정삼거리,35.19623684,129.1219712,2025-10-31,,21,부산광역시,부산BIS
BSB208250101,중고차매매시장,35.15105076,128.9877997,2025-10-31,15205,21,부산광역시,부산BIS
BSB208260201,망미주공아파트종점,35.18047236,129.1082774,2025-10-31,13089,21,부산광역시,부산BIS
BSB208270201,아름다운교회,35.10299767,129.0108115,2025-10-31,2072,21,부산광역시,부산BIS
BSB208270202,까치새길입구,35.1013347,129.0113731,2025-10-31,2073,21,부산광역시,부산BIS
BSB208270302,금화맨션삼거리,35.10430669,129.0081478,2025-10-31,,21,부산광역시,부산BIS
BSB208270303,까치고개 87번종점,35.10457658,129.0114154,2025-10-31,,21,부산광역시,부산BIS
BSB208270304,동보하이츠아파트(사하구치매안심센터),35.10393197,129.0059458,2025-10-31,,21,부산광역시,부산BIS
BSB208270305,아미까치공영주차장,35.10484331,129.0100252,2025-10-31,,21,부산광역시,부산BIS
BSB208280201,대우2차아파트,35.17256409,129.1822328,2025-10-31,9257,21,부산광역시,부산BIS
BSB208630201,수영강푸르지오아파트,35.18460069,129.1119113,2025-10-31,13161,21,부산광역시,부산BIS
BSB208650101,수영자동차학원,35.1829765,129.1155555,2025-10-31,,21,부산광역시,부산BIS
BSB208780101,롯데캐슬215동앞,35.0564686,128.9646254,2025-10-31,10220,21,부산광역시,부산BIS
BSB208780102,롯데캐슬211동앞,35.05749767,128.9651688,2025-10-31,10219,21,부산광역시,부산BIS
BSB208780103,롯데캐슬211동,35.05734846,128.9650979,2025-10-31,,21,부산광역시,부산BIS
BSB208780104,롯데캐슬215동,35.05630281,128.9645578,2025-10-31,,21,부산광역시,부산BIS
BSB208780201,롯데캐슬201동,35.05929208,128.9644458,2025-10-31,,21,부산광역시,부산BIS
BSB208800101,롯데캐슬201동앞,35.05903024,128.9644139,2025-10-31,10218,21,부산광역시,부산BIS
BSB208800102,롯데캐슬201동,35.05903416,128.9642341,2025-10-31,,21,부산광역시,부산BIS
BSB208800301,롯데캐슬상가,35.05607539,128.9627413,2025-10-31,,21,부산광역시,부산BIS
BSB208810101,롯데캐슬상가앞,35.05613237,128.9631177,2025-10-31,10221,21,부산광역시,부산BIS
BSB208810301,롯데캐슬211동,35.05730361,128.9653626,2025-10-31,,21,부산광역시,부산BIS
BSB208810302,롯데캐슬215동,35.05622229,128.9647997,2025-10-31,,21,부산광역시,부산BIS
BSB208830101,중앙공원.민주공원,35.11270585,129.0286552,2025-10-31,1058,21,부산광역시,부산BIS
BSB208850101,감천119안전센터,35.08656985,129.0052515,2025-10-31,10233,21,부산광역시,부산BIS
BSB208850102,감천초등학교,35.08215055,129.006177,2025-10-31,,21,부산광역시,부산BIS
BSB208850103,대한수산,35.08194246,129.005918,2025-10-31,,21,부산광역시,부산BIS
BSB208850104,원스탑마트,35.08457501,129.0060406,2025-10-31,,21,부산광역시,부산BIS
BSB208850201,한일냉장,35.08015233,129.0052534,2025-10-31,2158,21,부산광역시,부산BIS
BSB208850202,동양레미콘,35.07583477,129.0058571,2025-10-31,2166,21,부산광역시,부산BIS
BSB208850203,인성글로벌냉장,35.07253608,129.0065529,2025-10-31,2157,21,부산광역시,부산BIS
BSB208850204,감천항동편부두,35.08168839,129.0053457,2025-10-31,10235,21,부산광역시,부산BIS
BSB208880201,풍산금속,35.21291161,129.1256096,2025-10-31,9211,21,부산광역시,부산BIS
BSB208910101,안창마을입구,35.14537932,129.0464629,2025-10-31,,21,부산광역시,부산BIS
BSB220110201,그린하노이,35.17405788,129.0617505,2025-10-31,,21,부산광역시,부산BIS
BSB220110202,현대아파트106동,35.17442961,129.0626763,2025-10-31,,21,부산광역시,부산BIS
BSB220120101,유림아파트,35.09083943,129.0507707,2025-10-31,,21,부산광역시,부산BIS
BSB220130101,봉래지구대,35.0918756,129.0514257,2025-10-31,,21,부산광역시,부산BIS
BSB220130201,시영아파트정문,35.09188702,129.0520659,2025-10-31,,21,부산광역시,부산BIS
BSB220140101,동원로얄듀크101동앞,35.07771523,128.9648299,2025-10-31,,21,부산광역시,부산BIS
BSB220140102,동원로얄듀크아파트종점,35.07696796,128.9647846,2025-10-31,,21,부산광역시,부산BIS
BSB220150201,삼정그린코아아파트,35.20592005,129.0584715,2025-10-31,,21,부산광역시,부산BIS
BSB220170101,울만신평 하리,35.19701905,128.9314649,2025-10-31,,21,부산광역시,부산BIS
BSB220240101,스포원파크,35.2922933,129.1031818,2025-10-31,11273,21,부산광역시,부산BIS
BSB220250101,문화그린맨션,35.25640468,129.2159306,2025-10-31,,21,부산광역시,부산BIS
BSB220280101,금정체육공원,35.29149468,129.1024687,2025-10-31,11274,21,부산광역시,부산BIS
BSB220320101,만덕성당,35.21240098,129.033549,2025-10-31,,21,부산광역시,부산BIS
BSB220320102,만덕역,35.21264735,129.0360875,2025-10-31,,21,부산광역시,부산BIS
BSB220330101,두호마을,35.24132498,129.2463895,2025-10-31,,21,부산광역시,부산BIS
BSB220360201,백양디이스트204동,35.20534914,129.0341788,2025-10-31,,21,부산광역시,부산BIS
BSB220360202,백양초등학교,35.20681358,129.0341769,2025-10-31,,21,부산광역시,부산BIS
BSB220370101,부산진구청정문,35.16315001,129.0524272,2025-10-31,5360,21,부산광역시,부산BIS
BSB220380101,용당동,35.11584907,129.0947418,2025-10-31,,21,부산광역시,부산BIS
BSB220390101,산학협력관,35.11729886,128.9682919,2025-10-31,,21,부산광역시,부산BIS
BSB220410101,생활관,35.11832329,128.9691412,2025-10-31,,21,부산광역시,부산BIS
BSB220460101,사하e편한세상아파트101동,35.08140767,128.9869568,2025-10-31,,21,부산광역시,부산BIS
BSB220460102,사하e편한세상아파트입구,35.08221888,128.9855732,2025-10-31,,21,부산광역시,부산BIS
BSB220460103,구평동주민센터,35.0813905,128.9867673,2025-10-31,10278,21,부산광역시,부산BIS
BSB220470101,사하e편한세상아파트101동,35.08159739,128.9869285,2025-10-31,,21,부산광역시,부산BIS
BSB220470102,사하e편한세상아파트입구,35.0823097,128.9858056,2025-10-31,,21,부산광역시,부산BIS
BSB220470103,구평동주민센터,35.08157571,128.9867389,2025-10-31,10277,21,부산광역시,부산BIS
BSB220480103,구평동,35.07588495,128.9902951,2025-10-31,10274,21,부산광역시,부산BIS
BSB220480104,구평삼거리,35.07928117,128.9900981,2025-10-31,10276,21,부산광역시,부산BIS
BSB220490102,구평e편한세상입구,35.08223938,128.9858341,2025-10-31,10279,21,부산광역시,부산BIS
BSB220590201,중흥1차.더힐시그니처동문,35.09618821,128.9162266,2025-10-31,12500,21,부산광역시,부산BIS
BSB220610101,지법서부지원.지검서부지청,35.09667143,128.9081621,2025-10-31,12496,21,부산광역시,부산BIS
BSB220690101,(주)신영,35.13930754,128.8204319,2025-10-31,12485,21,부산광역시,부산BIS
BSB220710101,두송대선터널앞,35.0542883,128.9952121,2025-10-31,10263,21,부산광역시,부산BIS
BSB220710102,한국선박수리공업,35.05737995,128.9954517,2025-10-31,10265,21,부산광역시,부산BIS
BSB220710201,대선조선,35.0535626,128.9924875,2025-10-31,10262,21,부산광역시,부산BIS
BSB220720101,법원검찰청사거리,35.09599464,128.9116497,2025-10-31,12502,21,부산광역시,부산BIS
BSB220720301,지법서부지원.지검서부지청,35.09705378,128.9082039,2025-10-31,12495,21,부산광역시,부산BIS
BSB220720401,중흥1차.더힐시그니처동문,35.09585083,128.9161913,2025-10-31,12501,21,부산광역시,부산BIS
BSB221280101,동명대학교정문,35.12295244,129.1008603,2025-10-31,,21,부산광역시,부산BIS
BSB221290201,한국토지주택공사,35.09881907,128.9105588,2025-10-31,,21,부산광역시,부산BIS
BSB221300101,국민은행명지국제신도시지점,35.09814351,128.9210862,2025-10-31,,21,부산광역시,부산BIS
BSB221300201,에일린의뜰아파트112동,35.09953408,128.9234709,2025-10-31,,21,부산광역시,부산BIS
BSB221300301,대방노블랜드오션뷰,35.09647544,128.9225602,2025-10-31,,21,부산광역시,부산BIS
BSB221310402,명지초교.명지중학교,35.10383052,128.9264505,2025-10-31,,21,부산광역시,부산BIS
BSB221370101,신명초등학교,35.09498169,128.9221359,2025-10-31,,21,부산광역시,부산BIS
BSB221370201,대방노블랜드오션뷰,35.09643678,128.9230089,2025-10-31,,21,부산광역시,부산BIS
BSB221390101,부산문화회관(주차동),35.12594097,129.0933715,2025-10-31,,21,부산광역시,부산BIS
BSB221410201,부산문화회관(주차동),35.12592024,129.09353,2025-10-31,,21,부산광역시,부산BIS
BSB221420101,유엔평화기념관.일제강제동원역사관,35.12521687,129.0935558,2025-10-31,,21,부산광역시,부산BIS
BSB221480201,가락동주민센터,35.19595296,128.900892,2025-10-31,,21,부산광역시,부산BIS
BSB221490101,부산산업과학고등학교,35.18928146,128.9036456,2025-10-31,,21,부산광역시,부산BIS
BSB221490201,신기마을,35.19191495,128.9009352,2025-10-31,,21,부산광역시,부산BIS
BSB221500101,신기마을,35.1917993,128.9008391,2025-10-31,,21,부산광역시,부산BIS
BSB221520201,봉림마을,35.19436262,128.8954152,2025-10-31,,21,부산광역시,부산BIS
BSB221530101,봉림마을,35.19424384,128.8952313,2025-10-31,,21,부산광역시,부산BIS
BSB300010000,차이나타운,35.11599939,129.0399537,2025-10-31,,21,부산광역시,부산BIS
BSB300020000,40계단,35.10689961,129.0360557,2025-10-31,,21,부산광역시,부산BIS
BSB300030000,영도대교,35.10333473,129.037529,2025-10-31,,21,부산광역시,부산BIS
BSB300040000,영도,35.09459844,129.0399328,2025-10-31,,21,부산광역시,부산BIS
BSB300050000,영도할매,35.0928969,129.0452034,2025-10-31,,21,부산광역시,부산BIS
BSB300060000,부산항대교,35.09831108,129.0563644,2025-10-31,,21,부산광역시,부산BIS
BSB300070000,부산항,35.10236719,129.0609916,2025-10-31,,21,부산광역시,부산BIS
BSB300080000,신선대부두,35.10846523,129.0788748,2025-10-31,,21,부산광역시,부산BIS
BSB300090000,UN기념공원,35.12194506,129.0983498,2025-10-31,,21,부산광역시,부산BIS
BSB300100000,부산박물관,35.12761624,129.0951804,2025-10-31,,21,부산광역시,부산BIS
BSB300110000,UN조각공원,35.13014559,129.0938315,2025-10-31,,21,부산광역시,부산BIS
BSB300120000,이기대주변,35.13053611,129.1037889,2025-10-31,,21,부산광역시,부산BIS
BSB300130000,용호만유람선터미널,35.13252438,129.1090847,2025-10-31,,21,부산광역시,부산BIS
BSB300140000,광안대교,35.1347798,129.1126387,2025-10-31,,21,부산광역시,부산BIS
BSB300150000,남천벗꽃길,35.13933349,129.1148598,2025-10-31,,21,부산광역시,부산BIS
BSB300160000,광안리해수욕장,35.14571369,129.1148656,2025-10-31,,21,부산광역시,부산BIS
BSB300170000,어방축제,35.15393876,129.1190718,2025-10-31,,21,부산광역시,부산BIS
BSB300180000,영화촬영소,35.16323231,129.138184,2025-10-31,,21,부산광역시,부산BIS
BSB300190000,마린시티,35.160697,129.141857,2025-10-31,,21,부산광역시,부산BIS
BSB300200000,동백섬,35.153558,129.14664,2025-10-31,,21,부산광역시,부산BIS
BSB300210000,해운대해수욕장,35.15804741,129.1528202,2025-10-31,,21,부산광역시,부산BIS
BSB300220000,해운대시장,35.159601,129.1614125,2025-10-31,,21,부산광역시,부산BIS
BSB300230000,해운대온천,35.16239201,129.1650536,2025-10-31,,21,부산광역시,부산BIS
BSB300240000,센텀시티,35.16947069,129.1381654,2025-10-31,,21,부산광역시,부산BIS
BSB300250000,벡스코,35.167727,129.129862,2025-10-31,,21,부산광역시,부산BIS
BSB300260000,시립미술관,35.16807,129.133249,2025-10-31,,21,부산광역시,부산BIS
BSB300270000,광안대교,35.16820592,129.1380417,2025-10-31,,21,부산광역시,부산BIS
BSB300280000,수영만요트경기장,35.16256822,129.1335657,2025-10-31,,21,부산광역시,부산BIS
BSB300290000,이기대,35.13881065,129.1216046,2025-10-31,,21,부산광역시,부산BIS
BSB300300000,평화공원,35.134168,129.109473,2025-10-31,,21,부산광역시,부산BIS
BSB300310000,부산항대교,35.10936776,129.0913883,2025-10-31,,21,부산광역시,부산BIS
BSB300320000,영도대교,35.091471,129.041778,2025-10-31,,21,부산광역시,부산BIS
BSB300330000,광복로,35.09396172,129.0370695,2025-10-31,,21,부산광역시,부산BIS
BSB300340000,부산역,35.10689339,129.0362377,2025-10-31,,21,부산광역시,부산BIS
BSB300350000,자갈치,35.0991963,129.0365104,2025-10-31,,21,부산광역시,부산BIS
BSB300360000,비프광장,35.098184,129.031517,2025-10-31,,21,부산광역시,부산BIS
BSB300370000,공동어시장,35.08963566,129.0242321,2025-10-31,,21,부산광역시,부산BIS
BSB300380000,송도해수욕장,35.082782,129.024984,2025-10-31,,21,부산광역시,부산BIS
BSB300390000,암남공원,35.07044741,129.0180729,2025-10-31,,21,부산광역시,부산BIS
BSB300400000,냉동공장,35.0645,129.0135779,2025-10-31,,21,부산광역시,부산BIS
BSB300410000,감천문화마을,35.07884567,129.0057001,2025-10-31,,21,부산광역시,부산BIS
BSB300420000,잔잔한음악_긴거,35.088037,129.003503,2025-10-31,,21,부산광역시,부산BIS
BSB514940000,용원시외버스정류장,35.10700756,128.8076798,2025-10-31,,21,부산광역시,부산BIS
BSB514950000,용원택지교차로,35.10383038,128.8113273,2025-10-31,,21,부산광역시,부산BIS
BSB514960000,용원택지교차로,35.10334461,128.8118703,2025-10-31,,21,부산광역시,부산BIS
BSB514970000,지티에스,35.15002428,128.8662365,2025-10-31,12702,21,부산광역시,부산BIS
BSB514980000,진해용원고등학교,35.10223803,128.8189628,2025-10-31,,21,부산광역시,부산BIS
BSB514990000,진해용원고등학교,35.10206634,128.8180927,2025-10-31,,21,부산광역시,부산BIS
BSB515000000,퀸덤링컨아파트201동,35.08627071,128.8958706,2025-10-31,12678,21,부산광역시,부산BIS
BSB515010000,태야공원,35.14615639,128.8686881,2025-10-31,12700,21,부산광역시,부산BIS
BSB515020000,태야공원,35.14602553,128.8689923,2025-10-31,12699,21,부산광역시,부산BIS
BSB515030000,한신휴플러스아파트,35.07975412,128.9005325,2025-10-31,12687,21,부산광역시,부산BIS
BSB515040000,한신휴플러스아파트,35.07948521,128.9004385,2025-10-31,12686,21,부산광역시,부산BIS
BSB515050000,해광테크,35.09452482,128.8274237,2025-10-31,,21,부산광역시,부산BIS
BSB515060000,해광테크,35.09453093,128.8270181,2025-10-31,,21,부산광역시,부산BIS
BSB515070000,천주교아파트,35.10019083,129.0135624,2025-10-31,,21,부산광역시,부산BIS
BSB515080000,퀸덤링컨아파트201동,35.08622018,128.8962202,2025-10-31,12679,21,부산광역시,부산BIS
BSB515090000,데레사여자고등학교,35.13770551,129.0562961,2025-10-31,3191,21,부산광역시,부산BIS
BSB515100000,부산생탁,35.07377658,128.9749794,2025-10-31,,21,부산광역시,부산BIS
BSB515110000,사하정비,35.07399675,128.9750176,2025-10-31,,21,부산광역시,부산BIS
BSB515120000,신장림역,35.07449178,128.9764382,2025-10-31,,21,부산광역시,부산BIS
BSB515130000,신한냉동,35.07380539,128.9737633,2025-10-31,,21,부산광역시,부산BIS
BSB515140000,고현터미널,34.88993537,128.6253382,2025-10-31,,21,부산광역시,부산BIS
BSB515150000,신현교,34.88839359,128.6260571,2025-10-31,,21,부산광역시,부산BIS
BSB515160000,풍영산업,35.09100464,128.8396994,2025-10-31,12706,21,부산광역시,부산BIS
BSB515170000,봉림양수장,35.18652043,128.9033545,2025-10-31,12708,21,부산광역시,부산BIS
BSB515180000,봉림양수장,35.18580666,128.9026107,2025-10-31,12707,21,부산광역시,부산BIS
BSB515190000,에덴금호아파트,35.07172713,129.0768859,2025-10-31,4215,21,부산광역시,부산BIS
BSB515200000,주포마을,35.11659305,128.8359313,2025-10-31,,21,부산광역시,부산BIS
BSB515210000,부산의료원 정문,35.18795629,129.0589711,2025-10-31,13186,21,부산광역시,부산BIS
BSB515220000,녹산주민문화회관,35.1447969,128.8757448,2025-10-31,12709,21,부산광역시,부산BIS
BSB515230000,녹산주민문화회관,35.14476461,128.8763749,2025-10-31,12710,21,부산광역시,부산BIS
BSB515240000,서편마을회관,35.32567723,129.2024199,2025-10-31,,21,부산광역시,부산BIS
BSB515250000,서편마을회관,35.3255138,129.2027344,2025-10-31,,21,부산광역시,부산BIS
BSB515260000,예림마을회관,35.32606345,129.2057015,2025-10-31,,21,부산광역시,부산BIS
BSB515270000,예림마을회관,35.32592342,129.2062145,2025-10-31,,21,부산광역시,부산BIS
BSB515280000,금정시장,35.20187677,129.0738744,2025-10-31,,21,부산광역시,부산BIS
BSB515290000,삼밭골,35.23793761,129.0714313,2025-10-31,,21,부산광역시,부산BIS
BSB515300000,삼밭골,35.2380487,129.071522,2025-10-31,,21,부산광역시,부산BIS
BSB515310000,하단SK뷰아파트앞,35.11687476,128.9627685,2025-10-31,10308,21,부산광역시,부산BIS
BSB515320000,호반써밋,35.13954024,128.908515,2025-10-31,,21,부산광역시,부산BIS
BSB515330000,호반써밋,35.13960016,128.9081434,2025-10-31,,21,부산광역시,부산BIS
BSB515340000,함께하는교회,35.25400049,129.1011084,2025-10-31,11298,21,부산광역시,부산BIS
BSB515360000,동부산농협자재센터,35.28347506,129.2331623,2025-10-31,16411,21,부산광역시,부산BIS
BSB515380000,강동농협,35.21754751,128.9382545,2025-10-31,,21,부산광역시,부산BIS
BSB515390000,내눌,35.06528078,128.8409524,2025-10-31,,21,부산광역시,부산BIS
BSB515400000,내눌,35.06536979,128.8410257,2025-10-31,,21,부산광역시,부산BIS
BSB515410000,녹산주민문화회관 앞,35.14458278,128.8735674,2025-10-31,,21,부산광역시,부산BIS
BSB515420000,녹산주민문화회관 앞,35.1446265,128.872197,2025-10-31,,21,부산광역시,부산BIS
BSB515430000,눌차어촌계,35.07453958,128.8389515,2025-10-31,,21,부산광역시,부산BIS
BSB515440000,눌차어촌계,35.07465153,128.8389979,2025-10-31,,21,부산광역시,부산BIS
BSB515450000,눌차입구,35.06729724,128.836942,2025-10-31,,21,부산광역시,부산BIS
BSB515460000,눌차입구,35.06740718,128.8368239,2025-10-31,,21,부산광역시,부산BIS
BSB515470000,눌차초등학교,35.06963954,128.8420478,2025-10-31,,21,부산광역시,부산BIS
BSB515480000,눌차초등학교,35.06971445,128.8421591,2025-10-31,,21,부산광역시,부산BIS
BSB515490000,대흥마을,35.17713148,128.8882318,2025-10-31,,21,부산광역시,부산BIS
BSB515500000,덕계마을입구,35.19128445,128.915779,2025-10-31,,21,부산광역시,부산BIS
BSB515510000,덕계마을입구,35.19151181,128.916218,2025-10-31,,21,부산광역시,부산BIS
BSB515520000,동선새바지길사거리,35.05247079,128.8334645,2025-10-31,,21,부산광역시,부산BIS
BSB515530000,동선이주단지,35.05557303,128.8321365,2025-10-31,,21,부산광역시,부산BIS
BSB515540000,득천사거리,35.18947196,128.9209673,2025-10-31,,21,부산광역시,부산BIS
BSB515550000,봉림이주단지,35.17591087,128.8959855,2025-10-31,,21,부산광역시,부산BIS
BSB515560000,생교,35.05255843,128.8374995,2025-10-31,,21,부산광역시,부산BIS
BSB515570000,생교경로당,35.05400897,128.8416857,2025-10-31,,21,부산광역시,부산BIS
BSB515580000,외눌,35.06692503,128.8394986,2025-10-31,,21,부산광역시,부산BIS
BSB515590000,외눌,35.06702839,128.8395174,2025-10-31,,21,부산광역시,부산BIS
BSB515600000,정거,35.06888857,128.8514141,2025-10-31,,21,부산광역시,부산BIS
BSB515610000,죽림,35.19163694,128.9037171,2025-10-31,,21,부산광역시,부산BIS
BSB515620000,죽림,35.19136793,128.9042048,2025-10-31,,21,부산광역시,부산BIS
BSB515630000,천가교입구,35.06528986,128.8347048,2025-10-31,,21,부산광역시,부산BIS
BSB515640000,천가교입구,35.06537711,128.8345971,2025-10-31,,21,부산광역시,부산BIS
BSB515650000,천가어린이집,35.05465809,128.8351299,2025-10-31,,21,부산광역시,부산BIS
BSB515660000,태야공원,35.14611345,128.8689889,2025-10-31,,21,부산광역시,부산BIS
BSB515670000,태야공원,35.14605955,128.8686859,2025-10-31,,21,부산광역시,부산BIS
BSB515680000,향월마을회관,35.0733527,128.8402568,2025-10-31,,21,부산광역시,부산BIS
BSB515690000,향월마을회관,35.07341836,128.8403843,2025-10-31,,21,부산광역시,부산BIS
BSB515710000,갑을녹산병원,35.0897571,128.8528232,2025-10-31,,21,부산광역시,부산BIS
BSB515720000,갑을녹산병원,35.08968689,128.8524049,2025-10-31,,21,부산광역시,부산BIS
BSB515730000,강서평생학습관,35.08291012,128.8732028,2025-10-31,,21,부산광역시,부산BIS
BSB515740000,삼성전기기숙사,35.09292943,128.8528182,2025-10-31,,21,부산광역시,부산BIS
BSB515750000,삼성전기기숙사,35.09308903,128.8523997,2025-10-31,,21,부산광역시,부산BIS
BSB515760000,송정동회관,35.10302066,128.8420311,2025-10-31,,21,부산광역시,부산BIS
BSB515770000,송정동회관,35.10294617,128.8418924,2025-10-31,,21,부산광역시,부산BIS
BSB515780000,송정방근입구,35.10106515,128.8435059,2025-10-31,,21,부산광역시,부산BIS
BSB515790000,송정방근입구,35.10107248,128.8433196,2025-10-31,,21,부산광역시,부산BIS
BSB515800000,송정중학교,35.10555003,128.8422306,2025-10-31,,21,부산광역시,부산BIS
BSB515810000,송정중학교,35.10543975,128.8423707,2025-10-31,,21,부산광역시,부산BIS
BSB515820000,신호부영3차.5차아파트,35.08323577,128.8757482,2025-10-31,,21,부산광역시,부산BIS
BSB515830000,옥포마을,35.11639769,128.8450852,2025-10-31,,21,부산광역시,부산BIS
BSB515840000,옥포마을,35.11681828,128.8446889,2025-10-31,,21,부산광역시,부산BIS
BSB515850000,둔치도입구,35.16284676,128.8926149,2025-10-31,,21,부산광역시,부산BIS
BSB515860000,통전마을회관,35.17629692,128.8952151,2025-10-31,,21,부산광역시,부산BIS
BSB515870000,더샵퍼스트월드2단지,35.09808886,128.9049429,2025-10-31,,21,부산광역시,부산BIS
BSB515880000,더샵퍼스트월드2단지,35.09808734,128.9044659,2025-10-31,,21,부산광역시,부산BIS
BSB515890000,명지1동 행정복지센터,35.09917389,128.9072928,2025-10-31,,21,부산광역시,부산BIS
BSB515900000,명지1동 행정복지센터,35.09953061,128.9075314,2025-10-31,,21,부산광역시,부산BIS
BSB515910000,삼정그린코아더베스트,35.09773376,128.91147,2025-10-31,,21,부산광역시,부산BIS
BSB515920000,대방노블랜드아파트,35.0972148,128.920071,2025-10-31,,21,부산광역시,부산BIS
BSB515930000,호반베르디움아파트,35.09715019,128.9197909,2025-10-31,,21,부산광역시,부산BIS
BSB208910102,보각사,35.14546574,129.0461667,2025-10-31,,21,부산광역시,부산BIS
BSB208910103,안창삼거리,35.14443439,129.0478106,2025-10-31,,21,부산광역시,부산BIS
BSB208910201,안창마을,35.14482971,129.040153,2025-10-31,,21,부산광역시,부산BIS
BSB208920101,휴게소,35.06607619,129.0192006,2025-10-31,2144,21,부산광역시,부산BIS
BSB208920102,암남공원,35.06322521,129.0191284,2025-10-31,2084,21,부산광역시,부산BIS
BSB208920201,현대아파트,35.07090221,129.0175323,2025-10-31,2171,21,부산광역시,부산BIS
BSB208920202,혜성아파트,35.0714393,129.0162424,2025-10-31,2142,21,부산광역시,부산BIS
BSB208930101,서부교육청,35.11729116,129.0122008,2025-10-31,2005,21,부산광역시,부산BIS
BSB208930102,경성전자고등학교,35.11628599,129.0127928,2025-10-31,2150,21,부산광역시,부산BIS
BSB208930103,경성전자고등학교,35.11635592,129.0127218,2025-10-31,,21,부산광역시,부산BIS
BSB208930104,금호아파트,35.11892213,129.0113169,2025-10-31,,21,부산광역시,부산BIS
BSB208930105,남성한빛.대신더샵,35.11736946,129.0121618,2025-10-31,,21,부산광역시,부산BIS
BSB208940102,차고지,35.06336769,129.0812649,2025-10-31,4024,21,부산광역시,부산BIS
BSB208950101,북구청,35.19662124,128.987845,2025-10-31,15279,21,부산광역시,부산BIS
BSB208950201,삼락동,35.19521198,128.9854105,2025-10-31,15001,21,부산광역시,부산BIS
BSB208960201,신라대학교,35.16702596,128.9950596,2025-10-31,15261,21,부산광역시,부산BIS
BSB208980101,구평화신아파트,35.0863929,128.9934291,2025-10-31,10020,21,부산광역시,부산BIS
BSB208980102,구평고개,35.08797289,128.9942619,2025-10-31,10021,21,부산광역시,부산BIS
BSB208980103,감천삼거리,35.09146568,128.993697,2025-10-31,10022,21,부산광역시,부산BIS
BSB208980104,유림아파트,35.09082949,128.9939585,2025-10-31,10212,21,부산광역시,부산BIS
BSB208980105,구평고개,35.08790148,128.9942212,2025-10-31,,21,부산광역시,부산BIS
BSB208980106,구평화신아파트,35.08626467,128.9933589,2025-10-31,,21,부산광역시,부산BIS
BSB208980107,유림아파트,35.09074337,128.9939893,2025-10-31,,21,부산광역시,부산BIS
BSB208980301,구평초등학교,35.08594461,128.9903625,2025-10-31,10016,21,부산광역시,부산BIS
BSB208980302,구평초등학교,35.0860089,128.9903044,2025-10-31,,21,부산광역시,부산BIS
BSB209010201,부산종합터미널.노포역,35.2837006,129.0943678,2025-10-31,11006,21,부산광역시,부산BIS
BSB209010202,부산종합터미널.노포역,35.28361594,129.0943371,2025-10-31,,21,부산광역시,부산BIS
BSB209020201,유림아시아드아파트.거제초교,35.1765225,129.0674057,2025-10-31,13035,21,부산광역시,부산BIS
BSB209030101,하단역환승센터,35.10611708,128.9652591,2025-10-31,10078,21,부산광역시,부산BIS
BSB209030102,하단역,35.10612419,128.9649359,2025-10-31,90023,21,부산광역시,부산BIS
BSB209030103,하단역,35.10618533,128.965855,2025-10-31,,21,부산광역시,부산BIS
BSB209040101,감전동(종점),35.15718534,128.9793641,2025-10-31,,21,부산광역시,부산BIS
BSB209040201,감전동종점,35.15690785,128.9794878,2025-10-31,15256,21,부산광역시,부산BIS
BSB209050101,초읍초등학교,35.18054726,129.0506445,2025-10-31,5041,21,부산광역시,부산BIS
BSB209050102,시민도서관,35.18058639,129.0505624,2025-10-31,,21,부산광역시,부산BIS
BSB209060101,윗반송역,35.23316641,129.1554483,2025-10-31,9326,21,부산광역시,부산BIS
BSB209060102,윗반송역,35.23286606,129.154952,2025-10-31,9240,21,부산광역시,부산BIS
BSB209060202,윗반송역,35.23305212,129.1545425,2025-10-31,9239,21,부산광역시,부산BIS
BSB209060203,반송본동,35.23119048,129.1513644,2025-10-31,9238,21,부산광역시,부산BIS
BSB209060204,반송본동,35.23115623,129.1512944,2025-10-31,,21,부산광역시,부산BIS
BSB209110101,대동2차아파트,35.41539833,129.1789917,2025-10-31,52051,21,부산광역시,부산BIS
BSB209110301,마을회관,35.41907167,129.177235,2025-10-31,52093,21,부산광역시,부산BIS
BSB209120101,서창중학교,35.413885,129.1784517,2025-10-31,52095,21,부산광역시,부산BIS
BSB209120201,흥룡사,35.41222167,129.1759817,2025-10-31,52099,21,부산광역시,부산BIS
BSB209130101,대동아파트,35.41600833,129.1784933,2025-10-31,52094,21,부산광역시,부산BIS
BSB209130201,서창중학교,35.41380667,129.1781517,2025-10-31,52101,21,부산광역시,부산BIS
BSB209140101,흥룡사,35.41181833,129.1757117,2025-10-31,52096,21,부산광역시,부산BIS
BSB209140201,그린빌아파트,35.40821,129.1739917,2025-10-31,52088,21,부산광역시,부산BIS
BSB209150201,대우푸르지오,35.40738544,129.1721759,2025-10-31,,21,부산광역시,부산BIS
BSB209150401,화성파크드림2차,35.40458302,129.1708094,2025-10-31,,21,부산광역시,부산BIS
BSB209160101,그린빌아파트,35.40778,129.1736883,2025-10-31,52087,21,부산광역시,부산BIS
BSB209160201,대우푸르지오,35.40802578,129.1715319,2025-10-31,,21,부산광역시,부산BIS
BSB209210301,효암고.개운중학교,35.41294448,129.1687642,2025-10-31,52058,21,부산광역시,부산BIS
BSB209230101,중앙중학교,35.32221833,129.1856283,2025-10-31,16127,21,부산광역시,부산BIS
BSB209230201,중앙중학교,35.32200899,129.1844559,2025-10-31,16190,21,부산광역시,부산BIS
BSB209230301,덕산마을,35.32279588,129.1833841,2025-10-31,16037,21,부산광역시,부산BIS
BSB209240101,중앙중학교,35.32214675,129.1848228,2025-10-31,16093,21,부산광역시,부산BIS
BSB209260301,구연동,35.31967384,129.1806071,2025-10-31,16109,21,부산광역시,부산BIS
BSB209270201,달산초등학교,35.31974947,129.1876968,2025-10-31,16292,21,부산광역시,부산BIS
BSB209270202,달산초등학교,35.31980023,129.1877641,2025-10-31,,21,부산광역시,부산BIS
BSB209270401,정관산업단지,35.31732716,129.1842674,2025-10-31,16241,21,부산광역시,부산BIS
BSB209270501,구연마을,35.32009631,129.1842555,2025-10-31,16219,21,부산광역시,부산BIS
BSB209270502,구연마을,35.32018099,129.1842671,2025-10-31,,21,부산광역시,부산BIS
BSB209270503,중앙중학교,35.32207719,129.1848019,2025-10-31,,21,부산광역시,부산BIS
BSB209270601,정관센트럴파크아파트,35.31957377,129.1837347,2025-10-31,16239,21,부산광역시,부산BIS
BSB209360101,금관빌라드앞,35.33552218,129.2841884,2025-10-31,16275,21,부산광역시,부산BIS
BSB209360201,고원1차아파트,35.3320584,129.2827151,2025-10-31,,21,부산광역시,부산BIS
BSB209380201,금관빌라드앞,35.33558907,129.2839868,2025-10-31,16276,21,부산광역시,부산BIS
BSB209380301,고원3차아파트,35.33806009,129.2837559,2025-10-31,16092,21,부산광역시,부산BIS
BSB209400101,효암고.개운중학교,35.41282484,129.1689886,2025-10-31,52047,21,부산광역시,부산BIS
BSB209400301,새웅상요양병원,35.41078655,129.1667787,2025-10-31,52059,21,부산광역시,부산BIS
BSB209420101,호산나교회.엘크루4단지,35.08420696,128.9082243,2025-10-31,12254,21,부산광역시,부산BIS
BSB209420401,차량등록사업소,35.08732862,128.9038351,2025-10-31,12637,21,부산광역시,부산BIS
BSB209420402,롯데캐슬,35.08560622,128.9037848,2025-10-31,,21,부산광역시,부산BIS
BSB209430101,낙동강철새도래지,35.08993242,128.9173842,2025-10-31,12086,21,부산광역시,부산BIS
BSB209430103,낙동강철새도래지,35.08978122,128.9169503,2025-10-31,92013,21,부산광역시,부산BIS
BSB209430104,전등,35.09176209,128.9226422,2025-10-31,92014,21,부산광역시,부산BIS
BSB209430201,행복마을,35.08660841,128.911592,2025-10-31,12278,21,부산광역시,부산BIS
BSB209430202,행복마을,35.08793764,128.9119299,2025-10-31,92026,21,부산광역시,부산BIS
BSB209440101,행복마을,35.08652767,128.9119393,2025-10-31,12277,21,부산광역시,부산BIS
BSB209440102,행복마을,35.08765258,128.9121934,2025-10-31,92012,21,부산광역시,부산BIS
BSB209440301,호산나교회.삼정그린코아,35.08444243,128.9081881,2025-10-31,12255,21,부산광역시,부산BIS
BSB209440302,남명초등학교,35.08447198,128.9100838,2025-10-31,12279,21,부산광역시,부산BIS
BSB209440303,호산나교회,35.08445259,128.9072613,2025-10-31,92028,21,부산광역시,부산BIS
BSB209440304,남명초등학교,35.0844512,128.9104483,2025-10-31,92027,21,부산광역시,부산BIS
BSB209450101,퀸덤아파트201동,35.08606333,128.8962083,2025-10-31,92005,21,부산광역시,부산BIS
BSB209460101,르노자동차정문,35.08881484,128.8767389,2025-10-31,12070,21,부산광역시,부산BIS
BSB209460103,신호하수처리장,35.08881717,128.8725057,2025-10-31,92435,21,부산광역시,부산BIS
BSB209460104,르노자동차정문,35.08881002,128.876635,2025-10-31,92436,21,부산광역시,부산BIS
BSB209460301,신호하수처리장,35.08915823,128.8726652,2025-10-31,12208,21,부산광역시,부산BIS
BSB209470301,부영2차아파트,35.08626849,128.8728218,2025-10-31,12477,21,부산광역시,부산BIS
BSB209470302,신호부영2차아파트,35.08651628,128.8728248,2025-10-31,,21,부산광역시,부산BIS
BSB209470401,부영2차아파트,35.08727676,128.8750021,2025-10-31,12468,21,부산광역시,부산BIS
BSB300430000,다대포해수욕장,35.048571,128.964944,2025-10-31,,21,부산광역시,부산BIS
BSB300440000,다대포,35.05113232,128.9705408,2025-10-31,,21,부산광역시,부산BIS
BSB300450000,아미산전망대,35.05752326,128.962498,2025-10-31,,21,부산광역시,부산BIS
BSB300460000,부네치아,35.06916433,128.9537967,2025-10-31,,21,부산광역시,부산BIS
BSB300470000,현대미술관,35.10310884,128.956502,2025-10-31,,21,부산광역시,부산BIS
BSB300480000,낙동강에코센터,35.11037784,128.934168,2025-10-31,,21,부산광역시,부산BIS
BSB300490000,낙동강하구둑,35.10765922,128.9484246,2025-10-31,,21,부산광역시,부산BIS
BSB300500000,하단역,35.10618551,128.9617542,2025-10-31,,21,부산광역시,부산BIS
BSB300510000,음악,35.1037949,128.9728942,2025-10-31,,21,부산광역시,부산BIS
BSB300520000,석당박물관,35.109912,129.017528,2025-10-31,,21,부산광역시,부산BIS
BSB300530000,국제시장,35.10327892,129.0218297,2025-10-31,,21,부산광역시,부산BIS
BSB300540000,용두산공원,35.103012,129.027069,2025-10-31,,21,부산광역시,부산BIS
BSB300550000,부산역(종점),35.11428,129.0409,2025-10-31,,21,부산광역시,부산BIS
BSB300560000,영도대교,35.101438,129.036406,2025-10-31,,21,부산광역시,부산BIS
BSB300570000,깡깡이마을,35.093921,129.037015,2025-10-31,,21,부산광역시,부산BIS
BSB300580000,흰여울마을,35.0849,129.042285,2025-10-31,,21,부산광역시,부산BIS
BSB300590000,하늘전망대,35.075905,129.048491,2025-10-31,,21,부산광역시,부산BIS
BSB300600000,해녀촌,35.071194,129.057025,2025-10-31,,21,부산광역시,부산BIS
BSB300610000,태종대,35.070884,129.079228,2025-10-31,,21,부산광역시,부산BIS
BSB300620000,해양박물관,35.07833,129.074971,2025-10-31,,21,부산광역시,부산BIS
BSB300630000,아르떼뮤지엄,35.081826,129.0765,2025-10-31,,21,부산광역시,부산BIS
BSB300640000,부산항대교,35.098404,129.059187,2025-10-31,,21,부산광역시,부산BIS
BSB300650000,신선대_오륙도음악,35.116565,129.095174,2025-10-31,,21,부산광역시,부산BIS
BSB300660000,오륙도스카이워크,35.107365,129.110727,2025-10-31,,21,부산광역시,부산BIS
BSB300670000,이기대주변,35.12449,129.112598,2025-10-31,,21,부산광역시,부산BIS
BSB300680000,용호만유람선,35.12824,129.11504,2025-10-31,,21,부산광역시,부산BIS
BSB300690000,남항대교_음악,35.107224,129.066237,2025-10-31,,21,부산광역시,부산BIS
BSB300700000,남항대교,35.081728,129.038281,2025-10-31,,21,부산광역시,부산BIS
BSB300710000,송도해수욕장,35.075666,129.016123,2025-10-31,,21,부산광역시,부산BIS
BSB300720000,공동어시장,35.088006,129.024524,2025-10-31,,21,부산광역시,부산BIS
BSB300730000,자갈치_비프,35.095544,129.024405,2025-10-31,,21,부산광역시,부산BIS
BSB300740000,이기대 설명,35.127052,129.101771,2025-10-31,,21,부산광역시,부산BIS
BSB300750000,수영2호교,35.16071,129.130146,2025-10-31,,21,부산광역시,부산BIS
BSB300760000,시립미술관_벡스코,35.167966,129.137032,2025-10-31,,21,부산광역시,부산BIS
BSB300770000,잔잔한음악,35.154923,129.136669,2025-10-31,,21,부산광역시,부산BIS
BSB300780000,송도구름산책로,35.07597,129.016714,2025-10-31,,21,부산광역시,부산BIS
BSB300790000,송도_더미1,35.079815,129.025022,2025-10-31,,21,부산광역시,부산BIS
BSB300800000,송도_더미2,35.076278,129.023897,2025-10-31,,21,부산광역시,부산BIS
BSB300810000,송도_더미3,35.076278,129.023897,2025-10-31,,21,부산광역시,부산BIS
BSB300820000,송도_더미4,35.079815,129.025022,2025-10-31,,21,부산광역시,부산BIS
BSB300830000,송도_더미5,35.079062,129.026663,2025-10-31,,21,부산광역시,부산BIS
BSB300840000,낙동강 설명,35.0803,128.95101,2025-10-31,,21,부산광역시,부산BIS
BSB400000000,광안대교더미1,35.152201,129.134193,2025-10-31,,21,부산광역시,부산BIS
BSB400010000,광안대교더미2,35.141246,129.123578,2025-10-31,,21,부산광역시,부산BIS
BSB400020000,광안대교더미3,35.15225,129.134947,2025-10-31,,21,부산광역시,부산BIS
BSB400030000,광안대교더미4,35.141102,129.123988,2025-10-31,,21,부산광역시,부산BIS
BSB400040000,구포대교더미1,35.2096483,128.9853253,2025-10-31,,21,부산광역시,부산BIS
BSB400050000,구포대교더미2,35.2069308,128.9894666,2025-10-31,,21,부산광역시,부산BIS
BSB400060000,구포대교더미3,35.2044411,128.9931841,2025-10-31,,21,부산광역시,부산BIS
BSB400070000,구포대교더미4,35.201291,128.997952,2025-10-31,,21,부산광역시,부산BIS
BSB400080000,네오스포더미1,35.1544521,129.0524369,2025-10-31,,21,부산광역시,부산BIS
BSB500000000,백양초등학교,35.20809657,129.0345877,2025-10-31,8205,21,부산광역시,부산BIS
BSB500010000,인각사,35.14554532,129.0758532,2025-10-31,,21,부산광역시,부산BIS
BSB500020000,인각사,35.1453859,129.07569,2025-10-31,,21,부산광역시,부산BIS
BSB500030000,금련산역,35.15006676,129.1114402,2025-10-31,,21,부산광역시,부산BIS
BSB500040000,동백역,35.16176896,129.147387,2025-10-31,9723,21,부산광역시,부산BIS
BSB500050000,동백역,35.16158548,129.1473164,2025-10-31,9724,21,부산광역시,부산BIS
BSB500060000,부산문화여고,35.16314782,129.1443288,2025-10-31,9722,21,부산광역시,부산BIS
BSB500070000,부산문화여고,35.16320006,129.1446868,2025-10-31,9721,21,부산광역시,부산BIS
BSB500080000,올림픽교차로,35.16780212,129.1400064,2025-10-31,9720,21,부산광역시,부산BIS
BSB500090000,올림픽교차로,35.16760003,129.1404785,2025-10-31,9719,21,부산광역시,부산BIS
BSB500100000,장림역,35.0830759,128.9775251,2025-10-31,,21,부산광역시,부산BIS
BSB500110000,한신아파트후문,35.24935255,129.2145565,2025-10-31,,21,부산광역시,부산BIS
BSB500120000,효성자동차정비,35.11087973,129.0853066,2025-10-31,,21,부산광역시,부산BIS
BSB500130000,정관농협기업지점,35.32082398,129.177223,2025-10-31,16355,21,부산광역시,부산BIS
BSB500140000,정관농협기업지점,35.32108721,129.1773675,2025-10-31,16356,21,부산광역시,부산BIS
BSB500150000,청사포,35.16052811,129.1928792,2025-10-31,,21,부산광역시,부산BIS
BSB500160000,LH4단지,35.320747,129.1915773,2025-10-31,,21,부산광역시,부산BIS
BSB500170000,LH4단지,35.3207896,129.1912157,2025-10-31,,21,부산광역시,부산BIS
BSB500180000,광산입구,35.30929207,129.2323905,2025-10-31,,21,부산광역시,부산BIS
BSB500190000,광산입구,35.30924273,129.2325498,2025-10-31,,21,부산광역시,부산BIS
BSB500200000,구연동,35.32003778,129.1804701,2025-10-31,,21,부산광역시,부산BIS
BSB500210000,구연동,35.31973234,129.1804179,2025-10-31,,21,부산광역시,부산BIS
BSB500220000,기룡,35.35503936,129.2519114,2025-10-31,,21,부산광역시,부산BIS
BSB500230000,기룡,35.35532898,129.2515194,2025-10-31,,21,부산광역시,부산BIS
BSB500240000,기장군청,35.2446114,129.2206869,2025-10-31,,21,부산광역시,부산BIS
BSB500250000,기장군청,35.24449019,129.2210531,2025-10-31,,21,부산광역시,부산BIS
BSB500260000,기장체육관,35.24976222,129.2206042,2025-10-31,,21,부산광역시,부산BIS
BSB500270000,내덕,35.33120054,129.2197231,2025-10-31,,21,부산광역시,부산BIS
BSB500280000,원자력의학원,35.32076626,129.2421093,2025-10-31,,21,부산광역시,부산BIS
BSB500290000,원자력의학원,35.32096484,129.2423347,2025-10-31,,21,부산광역시,부산BIS
BSB500300000,동부산관광호텔,35.3434207,129.2523666,2025-10-31,,21,부산광역시,부산BIS
BSB500310000,동부산관광호텔,35.34360525,129.2523772,2025-10-31,,21,부산광역시,부산BIS
BSB500320000,동일스위트3차정문,35.33586972,129.1667316,2025-10-31,,21,부산광역시,부산BIS
BSB500330000,동일스위트3차,35.33844831,129.1669049,2025-10-31,,21,부산광역시,부산BIS
BSB500340000,동해선일광역입구,35.26671068,129.2336057,2025-10-31,,21,부산광역시,부산BIS
BSB500350000,롯데캐슬,35.32771577,129.169304,2025-10-31,,21,부산광역시,부산BIS
BSB500360000,문중,35.30192104,129.2572857,2025-10-31,,21,부산광역시,부산BIS
BSB500370000,방곡마을,35.32400521,129.1861924,2025-10-31,,21,부산광역시,부산BIS
BSB500380000,방곡마을,35.32422796,129.186083,2025-10-31,,21,부산광역시,부산BIS
BSB500390000,상리,35.30467886,129.2310414,2025-10-31,,21,부산광역시,부산BIS
BSB500400000,상장안,35.37049018,129.2437483,2025-10-31,,21,부산광역시,부산BIS
BSB500410000,서희스타힐스정문,35.32552477,129.1891142,2025-10-31,,21,부산광역시,부산BIS
BSB500420000,서희스타힐스정문,35.32552034,129.1888611,2025-10-31,,21,부산광역시,부산BIS
BSB500430000,선암,35.33154337,129.2297922,2025-10-31,,21,부산광역시,부산BIS
BSB500440000,선우아파트,35.26118206,129.2331685,2025-10-31,,21,부산광역시,부산BIS
BSB500450000,선우아파트,35.2608507,129.2334998,2025-10-31,,21,부산광역시,부산BIS
BSB500460000,센트럴파크,35.31958263,129.1835941,2025-10-31,,21,부산광역시,부산BIS
BSB500480000,소두방공원,35.32347272,129.1848669,2025-10-31,,21,부산광역시,부산BIS
BSB500490000,소두방공원,35.32348468,129.1852026,2025-10-31,,21,부산광역시,부산BIS
BSB500500000,용소삼거리,35.34124063,129.2500802,2025-10-31,,21,부산광역시,부산BIS
BSB500510000,용소삼거리,35.34105796,129.2506541,2025-10-31,,21,부산광역시,부산BIS
BSB500520000,원당,35.30566357,129.2475741,2025-10-31,,21,부산광역시,부산BIS
BSB515940000,명지더웨스턴아파트,35.09796384,128.9119314,2025-10-31,,21,부산광역시,부산BIS
BSB515950000,외양포,35.00542926,128.8240513,2025-10-31,,21,부산광역시,부산BIS
BSB515960000,외양포,35.00552639,128.8241849,2025-10-31,,21,부산광역시,부산BIS
BSB515970000,외양포주차장,35.0070931,128.8269744,2025-10-31,,21,부산광역시,부산BIS
BSB515980000,외양포주차장,35.00703726,128.8267925,2025-10-31,,21,부산광역시,부산BIS
BSB515990000,두문지구,35.0387741,128.8144647,2025-10-31,,21,부산광역시,부산BIS
BSB516000000,동앙이엠텍,35.14256804,128.8811628,2025-10-31,,21,부산광역시,부산BIS
BSB516010000,동앙이엠텍,35.14283788,128.8811965,2025-10-31,,21,부산광역시,부산BIS
BSB516020000,하나은행(미음공단지점),35.13596944,128.8585105,2025-10-31,,21,부산광역시,부산BIS
BSB516030000,LG CNS,35.13694872,128.8598821,2025-10-31,,21,부산광역시,부산BIS
BSB516040000,LG CNS,35.1371502,128.8596728,2025-10-31,,21,부산광역시,부산BIS
BSB516050000,경동,35.1419107,128.8615859,2025-10-31,,21,부산광역시,부산BIS
BSB516060000,경동,35.14190675,128.8612566,2025-10-31,,21,부산광역시,부산BIS
BSB516070000,우성전기,35.14629018,128.8616088,2025-10-31,,21,부산광역시,부산BIS
BSB516080000,우성전기,35.14625019,128.8612787,2025-10-31,,21,부산광역시,부산BIS
BSB516090000,조선해양기자재회관,35.15006541,128.8599008,2025-10-31,,21,부산광역시,부산BIS
BSB516100000,조선해양기자재회관,35.1502836,128.8600704,2025-10-31,,21,부산광역시,부산BIS
BSB516110000,강진산업,35.15320798,128.8594841,2025-10-31,,21,부산광역시,부산BIS
BSB516120000,강진산업,35.15321202,128.8592208,2025-10-31,,21,부산광역시,부산BIS
BSB516130000,DJF,35.15531033,128.8593179,2025-10-31,,21,부산광역시,부산BIS
BSB516140000,DJF,35.15519191,128.8591068,2025-10-31,,21,부산광역시,부산BIS
BSB516150000,DSK,35.15740079,128.8605122,2025-10-31,,21,부산광역시,부산BIS
BSB516160000,DSK,35.15769324,128.8605409,2025-10-31,,21,부산광역시,부산BIS
BSB516170000,탑동,35.15886967,128.8643261,2025-10-31,,21,부산광역시,부산BIS
BSB516180000,탑동,35.15913042,128.864365,2025-10-31,,21,부산광역시,부산BIS
BSB516190000,렛츠런파크관람대,35.15594193,128.867469,2025-10-31,,21,부산광역시,부산BIS
BSB516200000,렛츠런파크관람대,35.15615548,128.868231,2025-10-31,,21,부산광역시,부산BIS
BSB516210000,렛츠런파크에코랜드,35.15114105,128.8725602,2025-10-31,,21,부산광역시,부산BIS
BSB516220000,렛츠런파크에코랜드,35.15135666,128.8723128,2025-10-31,,21,부산광역시,부산BIS
BSB516230000,렛츠런파크정문,35.15157313,128.8769592,2025-10-31,,21,부산광역시,부산BIS
BSB516240000,렛츠런파크정문,35.15179291,128.8767338,2025-10-31,,21,부산광역시,부산BIS
BSB516250000,에코델타 수자인,35.13903033,128.9151295,2025-10-31,,21,부산광역시,부산BIS
BSB516260000,에코델타 수자인,35.13918512,128.9153141,2025-10-31,,21,부산광역시,부산BIS
BSB516270000,서부산유통지구역,35.16659147,128.9549985,2025-10-31,,21,부산광역시,부산BIS
BSB516280000,금호마을,35.16272163,128.9541157,2025-10-31,,21,부산광역시,부산BIS
BSB516290000,금호마을,35.16291266,128.9540051,2025-10-31,,21,부산광역시,부산BIS
BSB516300000,득천사거리,35.18907424,128.9216111,2025-10-31,,21,부산광역시,부산BIS
BSB516310000,가유부산2공장,35.14553103,128.8620414,2025-10-31,,21,부산광역시,부산BIS
BSB516320000,가유부산2공장,35.14577747,128.8618385,2025-10-31,,21,부산광역시,부산BIS
BSB516330000,명지대방노블랜드2차,35.09487357,128.9172978,2025-10-31,,21,부산광역시,부산BIS
BSB516340000,경일중학교,35.09424211,128.9167677,2025-10-31,,21,부산광역시,부산BIS
BSB516350000,두문입구,35.03277375,128.8119325,2025-10-31,,21,부산광역시,부산BIS
BSB516360000,두문입구,35.03290136,128.812138,2025-10-31,,21,부산광역시,부산BIS
BSB516370000,서번산업,35.09915411,128.8784595,2025-10-31,,21,부산광역시,부산BIS
BSB516380000,서번산업,35.09902459,128.8780947,2025-10-31,,21,부산광역시,부산BIS
BSB516390000,맥도길입구,35.13080639,128.9428986,2025-10-31,,21,부산광역시,부산BIS
BSB516400000,맥도길입구,35.1306801,128.9429066,2025-10-31,,21,부산광역시,부산BIS
BSB516410000,송백마을,35.13078233,128.9384937,2025-10-31,,21,부산광역시,부산BIS
BSB516420000,송백마을,35.1307801,128.938351,2025-10-31,,21,부산광역시,부산BIS
BSB516430000,동협구판장,35.13496196,128.9383295,2025-10-31,,21,부산광역시,부산BIS
BSB516440000,동협구판장,35.13493704,128.9381973,2025-10-31,,21,부산광역시,부산BIS
BSB516450000,동협마을회관,35.1466816,128.9377846,2025-10-31,,21,부산광역시,부산BIS
BSB516460000,동협마을회관,35.14669752,128.9379166,2025-10-31,,21,부산광역시,부산BIS
BSB516470000,배영초등학교,35.15064468,128.9463492,2025-10-31,,21,부산광역시,부산BIS
BSB516480000,배영초등학교,35.15079905,128.9462761,2025-10-31,,21,부산광역시,부산BIS
BSB516490000,맥도,35.15125766,128.9510984,2025-10-31,,21,부산광역시,부산BIS
BSB516500000,맥도,35.15143378,128.9510752,2025-10-31,,21,부산광역시,부산BIS
BSB516510000,등구마을,35.19419233,128.961544,2025-10-31,,21,부산광역시,부산BIS
BSB516520000,등구마을,35.19402911,128.961606,2025-10-31,,21,부산광역시,부산BIS
BSB516530000,칠점마을회관,35.19843847,128.9514085,2025-10-31,,21,부산광역시,부산BIS
BSB516540000,칠점마을회관,35.19828506,128.9514213,2025-10-31,,21,부산광역시,부산BIS
BSB516550000,파크하얏트부산,35.15687453,129.1413605,2025-10-31,,21,부산광역시,부산BIS
BSB516560000,파크하얏트부산,35.15665936,129.1415524,2025-10-31,,21,부산광역시,부산BIS
BSB516570000,한화리조트해운대,35.15415058,129.1455738,2025-10-31,,21,부산광역시,부산BIS
BSB516580000,한화리조트해운대,35.15422603,129.1453838,2025-10-31,,21,부산광역시,부산BIS
BSB516590000,동해선일광역광장,35.26695765,129.2315771,2025-10-31,,21,부산광역시,부산BIS
BSB516600000,눌차입구,35.06756558,128.8367781,2025-10-31,,21,부산광역시,부산BIS
BSB516610000,아르떼뮤지엄·미창석유,35.08552853,129.0758642,2025-10-31,4216,21,부산광역시,부산BIS
BSB516620000,덕천교차로,35.20811618,129.0049156,2025-10-31,,21,부산광역시,부산BIS
BSB516630000,센텀파크앞 교차로,35.17726616,129.1237709,2025-10-31,,21,부산광역시,부산BIS
BSB516640000,아르떼뮤지엄부산,35.08586801,129.0758496,2025-10-31,,21,부산광역시,부산BIS
BSB516650000,부전도서관,35.15569416,129.0624308,2025-10-31,,21,부산광역시,부산BIS
BSB516660000,서면부속상가,35.15765293,129.0609166,2025-10-31,,21,부산광역시,부산BIS
BSB516670000,서면부속상가,35.15788823,129.0616522,2025-10-31,,21,부산광역시,부산BIS
BSB516680000,이마트문현점,35.14459718,129.0634398,2025-10-31,,21,부산광역시,부산BIS
BSB516690000,백병원사거리,35.17181612,129.1814587,2025-10-31,,21,부산광역시,부산BIS
BSB516700000,백병원사거리,35.17212591,129.1812695,2025-10-31,,21,부산광역시,부산BIS
BSB516710000,흰여울문화마을,35.07988719,129.0435887,2025-10-31,4217,21,부산광역시,부산BIS
BSB516720000,기장군국민체육센터,35.30541303,129.2427517,2025-10-31,16413,21,부산광역시,부산BIS
BSB516730000,기장군국민체육센터,35.30549725,129.2425836,2025-10-31,16414,21,부산광역시,부산BIS
BSB516740000,좌천시장,35.30906474,129.2428745,2025-10-31,16416,21,부산광역시,부산BIS
BSB516750000,좌천시장,35.30922194,129.2429008,2025-10-31,16415,21,부산광역시,부산BIS
BSB516760000,복음병원,35.23003844,128.8938231,2025-10-31,,21,부산광역시,부산BIS
BSB516770000,복음병원,35.23036713,128.8935507,2025-10-31,,21,부산광역시,부산BIS
BSB516780000,복음병원입구,35.22829948,128.8940902,2025-10-31,,21,부산광역시,부산BIS
BSB516790000,삼성초등학교,35.23365574,128.8990585,2025-10-31,,21,부산광역시,부산BIS
BSB516800000,삼성초등학교,35.23417957,128.8995595,2025-10-31,,21,부산광역시,부산BIS
BSB516810000,활천동,35.23199149,128.8954226,2025-10-31,,21,부산광역시,부산BIS
BSB516820000,활천동,35.23214487,128.8959864,2025-10-31,,21,부산광역시,부산BIS
BSB516830000,"푸르지오하이엔드1,2차",35.23715033,128.9134852,2025-10-31,,21,부산광역시,부산BIS
BSB516840000,"푸르지오하이엔드1,2차",35.23698324,128.9135087,2025-10-31,,21,부산광역시,부산BIS
BSB516850000,범2호교,35.14297866,129.0629656,2025-10-31,,21,부산광역시,부산BIS
BSB516860000,성지고등학교,35.12687884,129.0811735,2025-10-31,,21,부산광역시,부산BIS
BSB516870000,(구)만덕로입구,35.21399353,129.0406672,2025-10-31,8260,21,부산광역시,부산BIS
BSB516880000,우암도서관,35.12458444,129.0783401,2025-10-31,7234,21,부산광역시,부산BIS
BSB516890000,동부산농협자재센터,35.28357537,129.2332201,2025-10-31,,21,부산광역시,부산BIS
BSB516900000,양덕초교,35.20578392,129.0096398,2025-10-31,,21,부산광역시,부산BIS
BSB516910000,청유탕,35.20551123,129.008592,2025-10-31,,21,부산광역시,부산BIS
BSB516920000,구포당숲,35.20497154,129.0064406,2025-10-31,,21,부산광역시,부산BIS
BSB209470402,"부영아파트1,2단지",35.08729072,128.8749037,2025-10-31,,21,부산광역시,부산BIS
BSB209480101,부영2차아파트,35.08627633,128.8731893,2025-10-31,12478,21,부산광역시,부산BIS
BSB209480102,신호부영2차아파트,35.08654241,128.8731762,2025-10-31,,21,부산광역시,부산BIS
BSB209480301,부경신항수협,35.08367306,128.87282,2025-10-31,12414,21,부산광역시,부산BIS
BSB209480302,의창수협,35.08378117,128.8728225,2025-10-31,,21,부산광역시,부산BIS
BSB209490101,신호초등학교,35.0824339,128.8772589,2025-10-31,,21,부산광역시,부산BIS
BSB209490201,열린교회,35.08129119,128.8787368,2025-10-31,,21,부산광역시,부산BIS
BSB209500101,부경신항수협,35.08372595,128.8731885,2025-10-31,12415,21,부산광역시,부산BIS
BSB209500102,의창수협,35.08364946,128.8731813,2025-10-31,,21,부산광역시,부산BIS
BSB209500501,강서평생학습관,35.08300093,128.8732268,2025-10-31,12469,21,부산광역시,부산BIS
BSB209500601,신호부영5차아파트,35.08117833,128.8756299,2025-10-31,,21,부산광역시,부산BIS
BSB209510101,극동스타클래스아파트,35.08421164,128.9008963,2025-10-31,12274,21,부산광역시,부산BIS
BSB209510102,극동스타클래스109동,35.08420756,128.9007235,2025-10-31,92008,21,부산광역시,부산BIS
BSB209510201,두산위브,35.0829229,128.899315,2025-10-31,12401,21,부산광역시,부산BIS
BSB209510202,두산위브아파트,35.08305816,128.89931,2025-10-31,,21,부산광역시,부산BIS
BSB209510301,퀸덤아파트211동,35.084405,128.8976167,2025-10-31,92004,21,부산광역시,부산BIS
BSB209510401,명호초등학교,35.08554112,128.8995868,2025-10-31,92031,21,부산광역시,부산BIS
BSB209510402,명호초등학교,35.08546876,128.8996043,2025-10-31,12400,21,부산광역시,부산BIS
BSB209520101,한신휴플러스,35.07952843,128.9005574,2025-10-31,,21,부산광역시,부산BIS
BSB209520301,명호중고등학교,35.08044038,128.8995836,2025-10-31,92002,21,부산광역시,부산BIS
BSB209530101,화신아파트(종점),35.15914884,129.0710913,2025-10-31,5311,21,부산광역시,부산BIS
BSB209540401,서번산업,35.0993143,128.878444,2025-10-31,12358,21,부산광역시,부산BIS
BSB209550102,녹산농협,35.11230462,128.877628,2025-10-31,92419,21,부산광역시,부산BIS
BSB209550103,본녹산,35.11234277,128.8826582,2025-10-31,12455,21,부산광역시,부산BIS
BSB209550104,본녹산,35.11232121,128.8823705,2025-10-31,,21,부산광역시,부산BIS
BSB209550301,녹산농협,35.11265886,128.8772189,2025-10-31,92428,21,부산광역시,부산BIS
BSB209550501,녹산농협,35.111279,128.878115,2025-10-31,12091,21,부산광역시,부산BIS
BSB209560101,신호프라자,35.08632086,128.8772819,2025-10-31,,21,부산광역시,부산BIS
BSB209570202,동삼삼거리,35.08459764,129.0723373,2025-10-31,,21,부산광역시,부산BIS
BSB209570301,동삼주공,35.08611631,129.0726223,2025-10-31,4074,21,부산광역시,부산BIS
BSB209580301,동삼삼거리,35.08436208,129.0725055,2025-10-31,4083,21,부산광역시,부산BIS
BSB209580302,동삼삼거리,35.084315,129.072443,2025-10-31,,21,부산광역시,부산BIS
BSB209590101,동삼삼거리,35.08430367,129.07379,2025-10-31,4194,21,부산광역시,부산BIS
BSB209620101,선경3차아파트312동,35.26215398,129.0843999,2025-10-31,,21,부산광역시,부산BIS
BSB209650101,전원빌라,35.26555449,129.0889149,2025-10-31,,21,부산광역시,부산BIS
BSB209650301,남산초등학교,35.26245064,129.0879552,2025-10-31,11040,21,부산광역시,부산BIS
BSB209660201,남산성당,35.26401849,129.0848802,2025-10-31,11162,21,부산광역시,부산BIS
BSB209660401,부산외국어대학교정문,35.26569269,129.0850838,2025-10-31,,21,부산광역시,부산BIS
BSB209670101,침례병원.남산역,35.26606939,129.0928217,2025-10-31,11032,21,부산광역시,부산BIS
BSB209670201,남산프라자,35.26319515,129.0918084,2025-10-31,11042,21,부산광역시,부산BIS
BSB209670301,남산교회,35.26508059,129.0902652,2025-10-31,,21,부산광역시,부산BIS
BSB209680101,부곡시장,35.2264624,129.0920188,2025-10-31,11118,21,부산광역시,부산BIS
BSB209690101,부산대역(부곡2동),35.22869,129.0907067,2025-10-31,11110,21,부산광역시,부산BIS
BSB209710201,동삼시장,35.07941841,129.0701777,2025-10-31,4087,21,부산광역시,부산BIS
BSB209710301,동삼시장,35.07869319,129.070489,2025-10-31,,21,부산광역시,부산BIS
BSB209710302,동삼중앙어린이집,35.07927563,129.068345,2025-10-31,,21,부산광역시,부산BIS
BSB209710401,동삼시장,35.07859995,129.0704997,2025-10-31,4086,21,부산광역시,부산BIS
BSB209710402,일동미라주아파트,35.08140787,129.0708436,2025-10-31,4085,21,부산광역시,부산BIS
BSB209790301,영선동윗로터리,35.08511435,129.0428081,2025-10-31,,21,부산광역시,부산BIS
BSB209810201,분포중학교,35.12831162,129.1147971,2025-10-31,,21,부산광역시,부산BIS
BSB209810301,분포고등학교,35.13016832,129.1159925,2025-10-31,,21,부산광역시,부산BIS
BSB209810302,LG메트로시티133동상가앞,35.13148636,129.1137011,2025-10-31,,21,부산광역시,부산BIS
BSB209820101,용호만유람선터미널,35.13280399,129.1144771,2025-10-31,,21,부산광역시,부산BIS
BSB209820201,LG메트로시티133동상가앞,35.13118678,129.1136754,2025-10-31,,21,부산광역시,부산BIS
BSB209820202,분포고등학교,35.12993204,129.1158453,2025-10-31,,21,부산광역시,부산BIS
BSB209850201,달맞이길,35.15732,129.1761567,2025-10-31,,21,부산광역시,부산BIS
BSB209870101,구포교회,35.20060935,128.9995541,2025-10-31,8192,21,부산광역시,부산BIS
BSB209870102,구포교회,35.20044709,128.9997832,2025-10-31,,21,부산광역시,부산BIS
BSB209870103,새생명교회,35.19934821,129.0005687,2025-10-31,,21,부산광역시,부산BIS
BSB209880101,(구)고려당제과점,35.20451303,129.0043875,2025-10-31,8114,21,부산광역시,부산BIS
BSB209880102,고려당제과점,35.20442765,129.0043736,2025-10-31,,21,부산광역시,부산BIS
BSB209880201,구포대진아파트,35.20214897,129.0044697,2025-10-31,8101,21,부산광역시,부산BIS
BSB209880202,태양탕,35.19955485,129.0054604,2025-10-31,8111,21,부산광역시,부산BIS
BSB209880203,구포대진아파트,35.2020693,129.0044947,2025-10-31,,21,부산광역시,부산BIS
BSB209880204,태양탕,35.19948318,129.0054822,2025-10-31,,21,부산광역시,부산BIS
BSB209900101,마음,35.13443831,128.8646871,2025-10-31,92372,21,부산광역시,부산BIS
BSB209900102,중곡,35.13782737,128.8710096,2025-10-31,92373,21,부산광역시,부산BIS
BSB209900103,마음,35.13417509,128.8639987,2025-10-31,12340,21,부산광역시,부산BIS
BSB209900104,중곡,35.13767388,128.8705841,2025-10-31,12342,21,부산광역시,부산BIS
BSB209900201,구랑,35.12944555,128.8579841,2025-10-31,92200,21,부산광역시,부산BIS
BSB209900202,구랑,35.12962102,128.8581797,2025-10-31,12350,21,부산광역시,부산BIS
BSB209900301,지사산단입구,35.13638764,128.85739,2025-10-31,12361,21,부산광역시,부산BIS
BSB209910101,혜성아파트,35.07122808,129.0160882,2025-10-31,2143,21,부산광역시,부산BIS
BSB209910102,현대아파트,35.07087083,129.0169826,2025-10-31,2172,21,부산광역시,부산BIS
BSB209910201,송도혜성아파트·풍림아이원아파트,35.07231405,129.0160185,2025-10-31,2161,21,부산광역시,부산BIS
BSB209910202,송도공영주차장,35.07387577,129.015552,2025-10-31,2141,21,부산광역시,부산BIS
BSB209910203,송도해수욕장,35.0763815,129.016191,2025-10-31,2138,21,부산광역시,부산BIS
BSB209910204,송도초등학교,35.07831187,129.0165232,2025-10-31,2137,21,부산광역시,부산BIS
BSB209910206,송도교차로,35.07840113,129.0181188,2025-10-31,2135,21,부산광역시,부산BIS
BSB209930101,부산신항만,35.07845605,128.8349806,2025-10-31,12065,21,부산광역시,부산BIS
BSB209930102,부산신항,35.07836225,128.8349838,2025-10-31,,21,부산광역시,부산BIS
BSB209930401,현대상선,35.07139679,128.8345176,2025-10-31,12290,21,부산광역시,부산BIS
BSB209930402,부산신항다목적터미널,35.07400058,128.8345244,2025-10-31,12292,21,부산광역시,부산BIS
BSB209930404,다목적터미널,35.07392617,128.8345282,2025-10-31,,21,부산광역시,부산BIS
BSB209930405,현대상선,35.07151091,128.8345289,2025-10-31,,21,부산광역시,부산BIS
BSB209940101,해운대구문화복합센터,35.18155182,129.1219436,2025-10-31,,21,부산광역시,부산BIS
BSB209940201,센텀초등학교,35.18047255,129.1213383,2025-10-31,9276,21,부산광역시,부산BIS
BSB209940202,센텀파크,35.17887948,129.1224681,2025-10-31,9300,21,부산광역시,부산BIS
BSB209940203,센텀초등학교,35.18037179,129.1214026,2025-10-31,,21,부산광역시,부산BIS
BSB209940204,센텀파크.부산은행,35.17872558,129.1225874,2025-10-31,,21,부산광역시,부산BIS
BSB209940205,센텀파크112동,35.17734728,129.1236878,2025-10-31,,21,부산광역시,부산BIS
BSB209950201,해운대구문화복합센터,35.18174318,129.1218224,2025-10-31,,21,부산광역시,부산BIS
BSB209950301,해운대자동차검사소,35.18369205,129.1210645,2025-10-31,,21,부산광역시,부산BIS
BSB209960101,온천장,35.21953967,129.0835117,2025-10-31,6013,21,부산광역시,부산BIS
BSB209980201,보수사거리,35.10301697,129.024395,2025-10-31,1091,21,부산광역시,부산BIS
BSB500530000,원당,35.30553065,129.2475466,2025-10-31,,21,부산광역시,부산BIS
BSB500540000,원적사,35.30262567,129.250666,2025-10-31,,21,부산광역시,부산BIS
BSB500550000,원적사,35.30269936,129.250822,2025-10-31,,21,부산광역시,부산BIS
BSB500560000,월드컵빌리지,35.30751621,129.2446208,2025-10-31,,21,부산광역시,부산BIS
BSB500570000,월드컵빌리지,35.30754907,129.2447921,2025-10-31,,21,부산광역시,부산BIS
BSB500580000,이지더원1차아파트정문,35.33986513,129.1642759,2025-10-31,,21,부산광역시,부산BIS
BSB500590000,모전초등학교,35.33867724,129.16293,2025-10-31,,21,부산광역시,부산BIS
BSB500600000,이지더원5차,35.32680614,129.1882691,2025-10-31,,21,부산광역시,부산BIS
BSB500610000,이지더원5차,35.32663491,129.18827,2025-10-31,,21,부산광역시,부산BIS
BSB500620000,임랑마을,35.31786828,129.2615055,2025-10-31,,21,부산광역시,부산BIS
BSB500630000,장안제일고등학교,35.31442589,129.2432617,2025-10-31,,21,부산광역시,부산BIS
BSB500640000,장안초등학교,35.3465498,129.2542984,2025-10-31,,21,부산광역시,부산BIS
BSB500650000,장안초등학교,35.34656054,129.2544471,2025-10-31,,21,부산광역시,부산BIS
BSB500660000,재흥아파트,35.3220749,129.196734,2025-10-31,,21,부산광역시,부산BIS
BSB500670000,재흥아파트,35.32209853,129.1969216,2025-10-31,,21,부산광역시,부산BIS
BSB500680000,정관농협기업지점,35.32099392,129.178918,2025-10-31,,21,부산광역시,부산BIS
BSB500690000,정관농협기업지점,35.32255915,129.1793174,2025-10-31,,21,부산광역시,부산BIS
BSB500700000,좌동삼거리,35.31740259,129.2416242,2025-10-31,,21,부산광역시,부산BIS
BSB500710000,좌동리교차로,35.31771687,129.2423055,2025-10-31,,21,부산광역시,부산BIS
BSB500720000,좌천시장,35.3092324,129.2428084,2025-10-31,,21,부산광역시,부산BIS
BSB500730000,좌천시장,35.30907351,129.2427825,2025-10-31,,21,부산광역시,부산BIS
BSB500740000,죽성사거리,35.2421291,129.2206369,2025-10-31,,21,부산광역시,부산BIS
BSB500750000,죽성사거리,35.24147154,129.2202075,2025-10-31,,21,부산광역시,부산BIS
BSB500760000,하근,35.34919288,129.2529729,2025-10-31,,21,부산광역시,부산BIS
BSB500770000,하근,35.3490469,129.2527405,2025-10-31,,21,부산광역시,부산BIS
BSB500780000,하리,35.31257778,129.2355123,2025-10-31,,21,부산광역시,부산BIS
BSB500790000,하리,35.31243383,129.2356494,2025-10-31,,21,부산광역시,부산BIS
BSB500800000,하장안,35.36266771,129.2488492,2025-10-31,,21,부산광역시,부산BIS
BSB500810000,하장안,35.36264336,129.248594,2025-10-31,,21,부산광역시,부산BIS
BSB500820000,학리,35.25781482,129.2456847,2025-10-31,,21,부산광역시,부산BIS
BSB500830000,학리분교,35.25879766,129.23366,2025-10-31,,21,부산광역시,부산BIS
BSB500840000,학리분교,35.25891799,129.2338452,2025-10-31,,21,부산광역시,부산BIS
BSB500850000,학리입구,35.25779437,129.2428678,2025-10-31,,21,부산광역시,부산BIS
BSB500860000,학리입구,35.25795022,129.2428629,2025-10-31,,21,부산광역시,부산BIS
BSB500870000,휴먼시아1단지후문,35.32747901,129.1690641,2025-10-31,,21,부산광역시,부산BIS
BSB500880000,금성시장,35.20926682,129.0721299,2025-10-31,,21,부산광역시,부산BIS
BSB500890000,금성시장,35.20913058,129.0721924,2025-10-31,,21,부산광역시,부산BIS
BSB500900000,동래구청,35.2046536,129.0845017,2025-10-31,,21,부산광역시,부산BIS
BSB500910000,동래시장,35.20349641,129.0853635,2025-10-31,,21,부산광역시,부산BIS
BSB500920000,덕포시장,35.17129681,128.9831579,2025-10-31,,21,부산광역시,부산BIS
BSB500930000,부산현대미술관,35.10878842,128.9420631,2025-10-31,,21,부산광역시,부산BIS
BSB500940000,철마교,35.27061484,129.1502788,2025-10-31,16357,21,부산광역시,부산BIS
BSB500950000,철마교,35.2706034,129.1504159,2025-10-31,16358,21,부산광역시,부산BIS
BSB500960000,동래경찰서후문,35.2004627,129.0850038,2025-10-31,6250,21,부산광역시,부산BIS
BSB500970000,빙그레서부산영업소,35.08197347,128.9727844,2025-10-31,10283,21,부산광역시,부산BIS
BSB500980000,빙그레서부산영업소,35.08273449,128.9725094,2025-10-31,10284,21,부산광역시,부산BIS
BSB500990000,기동대입구교차로,35.08481927,128.9728776,2025-10-31,10285,21,부산광역시,부산BIS
BSB501000000,기동대입구교차로,35.08485111,128.9725823,2025-10-31,10286,21,부산광역시,부산BIS
BSB501010000,동매역,35.09014796,128.9728798,2025-10-31,,21,부산광역시,부산BIS
BSB501020000,한국해양과학기술원,35.07443861,129.0759738,2025-10-31,4205,21,부산광역시,부산BIS
BSB501030000,한국해양과학기술원,35.074454,129.0756015,2025-10-31,4206,21,부산광역시,부산BIS
BSB501040000,회동화물자동차공영차고지,35.24301278,129.1359813,2025-10-31,11276,21,부산광역시,부산BIS
BSB501050000,계성여고입구,35.18360685,129.0696561,2025-10-31,,21,부산광역시,부산BIS
BSB501060000,거제4동새마을금고,35.18182167,129.0688644,2025-10-31,,21,부산광역시,부산BIS
BSB501070000,거제4동주민센터,35.17968637,129.0680474,2025-10-31,,21,부산광역시,부산BIS
BSB501080000,동암마을후문.힐튼호텔입구,35.19815624,129.2231115,2025-10-31,,21,부산광역시,부산BIS
BSB501090000,동암마을정문,35.19655296,129.2220907,2025-10-31,,21,부산광역시,부산BIS
BSB501100000,송정,35.18349532,129.2021619,2025-10-31,,21,부산광역시,부산BIS
BSB501110000,화목아파트,35.17106033,129.1789418,2025-10-31,,21,부산광역시,부산BIS
BSB501120000,장산역14번출구,35.16929509,129.1753775,2025-10-31,,21,부산광역시,부산BIS
BSB501130000,동일아파트,35.16684159,129.1707414,2025-10-31,,21,부산광역시,부산BIS
BSB501140000,이마트.중동역,35.16670622,129.1669793,2025-10-31,,21,부산광역시,부산BIS
BSB501150000,NC백화점.장산역,35.17032736,129.1773831,2025-10-31,,21,부산광역시,부산BIS
BSB501160000,몰운대아파트,35.05032594,128.9674858,2025-10-31,,21,부산광역시,부산BIS
BSB501170000,대우아파트,35.05037477,128.9666979,2025-10-31,,21,부산광역시,부산BIS
BSB501180000,다대포해수욕장역,35.04819589,128.9654622,2025-10-31,,21,부산광역시,부산BIS
BSB501190000,다대코오롱아파트,35.06561163,128.9814797,2025-10-31,,21,부산광역시,부산BIS
BSB502000000,수안역.동래교차로,35.20184464,129.0833539,2025-10-31,6714,21,부산광역시,부산BIS
BSB502010000,메가마트동래점,35.20282072,129.0818802,2025-10-31,6715,21,부산광역시,부산BIS
BSB502020000,메가마트동래점,35.20323817,129.0806612,2025-10-31,6716,21,부산광역시,부산BIS
BSB502030000,동래역.내성교차로,35.2043262,129.0784382,2025-10-31,6717,21,부산광역시,부산BIS
BSB502040000,낫개역,35.0648684,128.9799465,2025-10-31,,21,부산광역시,부산BIS
BSB502050000,낫개역,35.06435376,128.9800053,2025-10-31,,21,부산광역시,부산BIS
BSB502060000,삼환아파트,35.06363979,128.980958,2025-10-31,,21,부산광역시,부산BIS
BSB502070000,삼환아파트,35.06350559,128.981174,2025-10-31,,21,부산광역시,부산BIS
BSB502080000,정묘사,35.1739887,129.0607857,2025-10-31,,21,부산광역시,부산BIS
BSB502090000,해운대로데오거리,35.16307503,129.1703039,2025-10-31,9379,21,부산광역시,부산BIS
BSB502100000,해운대로데오거리,35.16345234,129.1703688,2025-10-31,9380,21,부산광역시,부산BIS
BSB502110000,코끼리유치원,35.20767584,129.0934944,2025-10-31,,21,부산광역시,부산BIS
BSB502120000,하단역,35.10635088,128.9660014,2025-10-31,10241,21,부산광역시,부산BIS
BSB502130000,LG메트로시티입구,35.1273919,129.1098098,2025-10-31,,21,부산광역시,부산BIS
BSB502140000,LG메트로시티입구,35.12751311,129.109577,2025-10-31,,21,부산광역시,부산BIS
BSB502150000,광진윈텍,35.32788557,129.261867,2025-10-31,16363,21,부산광역시,부산BIS
BSB502160000,디에이치코리아,35.32769305,129.2579473,2025-10-31,16361,21,부산광역시,부산BIS
BSB502170000,분포우체국,35.13038913,129.1120864,2025-10-31,,21,부산광역시,부산BIS
BSB502180000,분포우체국,35.13037036,129.1123876,2025-10-31,,21,부산광역시,부산BIS
BSB502190000,센텀파크앞 교차로,35.17743565,129.1241086,2025-10-31,9374,21,부산광역시,부산BIS
BSB502200000,씨에스엠테크,35.32525535,129.2569943,2025-10-31,16362,21,부산광역시,부산BIS
BSB502210000,용호만유람선터미널,35.13289626,129.114559,2025-10-31,,21,부산광역시,부산BIS
BSB502220000,용호만유람선터미널,35.133026,129.1143539,2025-10-31,,21,부산광역시,부산BIS
BSB502230000,정관박물관,35.32743694,129.1823952,2025-10-31,16359,21,부산광역시,부산BIS
BSB502240000,정관박물관,35.32696748,129.1816953,2025-10-31,16360,21,부산광역시,부산BIS
BSB502250000,대연동부산은행,35.13471184,129.0917887,2025-10-31,,21,부산광역시,부산BIS
BSB502260000,대연동부산은행,35.13399052,129.092072,2025-10-31,,21,부산광역시,부산BIS
BSB502270000,동조리젠시,35.08677912,129.0590191,2025-10-31,,21,부산광역시,부산BIS
BSB502280000,봉하마을,35.19570032,128.8915626,2025-10-31,,21,부산광역시,부산BIS
BSB502290000,봉하마을,35.19561993,128.8915169,2025-10-31,,21,부산광역시,부산BIS
BSB516930000,용원사거리,35.09749273,128.8204912,2025-10-31,,21,부산광역시,부산BIS
BSB516940000,구포시장동문,35.20647473,129.0044849,2025-10-31,,21,부산광역시,부산BIS
BSB516950000,리버파크반도유보라아파트,35.20440843,129.0040992,2025-10-31,,21,부산광역시,부산BIS
BSB516960000,구포당숲앞,35.20363477,129.0051067,2025-10-31,,21,부산광역시,부산BIS
BSB516970000,삼경장미아파트,35.20382581,129.0069011,2025-10-31,,21,부산광역시,부산BIS
BSB516980000,용주사,35.20411529,129.0081928,2025-10-31,,21,부산광역시,부산BIS
BSB516990000,경혜여고,35.20442907,129.0099188,2025-10-31,,21,부산광역시,부산BIS
BSB517010000,청강리공영차고지,35.22414482,129.2130969,2025-10-31,16419,21,부산광역시,부산BIS
BSB517020000,자유5차아파트,35.12280395,129.0856018,2025-10-31,,21,부산광역시,부산BIS
BSB517030000,부산추모공원,35.34800916,129.1589386,2025-10-31,,21,부산광역시,부산BIS
BSB517040000,부산추모공원,35.34796671,129.1592439,2025-10-31,,21,부산광역시,부산BIS
BSB517050000,사상우체국집배센터,35.17741189,128.9788832,2025-10-31,,21,부산광역시,부산BIS
BSB517060000,사상우체국집배센터,35.17724291,128.9790218,2025-10-31,,21,부산광역시,부산BIS
BSB517070000,기비골아파트106동,35.21590327,129.0227584,2025-10-31,,21,부산광역시,부산BIS
BSB517080000,온천장지하철역,35.22148862,129.0864257,2025-10-31,,21,부산광역시,부산BIS
BSB517090000,르메이에르아파트,35.22151773,129.0842137,2025-10-31,,21,부산광역시,부산BIS
BSB517100000,온천장새마을금고,35.22217429,129.0814082,2025-10-31,,21,부산광역시,부산BIS
BSB517110000,온천제일교회,35.22244986,129.0805806,2025-10-31,,21,부산광역시,부산BIS
BSB517120000,한아름아파트,35.21790801,129.0766487,2025-10-31,,21,부산광역시,부산BIS
BSB517130000,래미안3단지입구,35.21866335,129.0777935,2025-10-31,,21,부산광역시,부산BIS
BSB517140000,온천프라자,35.21575992,129.0776317,2025-10-31,,21,부산광역시,부산BIS
BSB517150000,부산전자공고,35.21491737,129.0771051,2025-10-31,,21,부산광역시,부산BIS
BSB517160000,롯데백화점,35.21312565,129.0778006,2025-10-31,,21,부산광역시,부산BIS
BSB517170000,부산전자공고,35.21438686,129.0770367,2025-10-31,,21,부산광역시,부산BIS
BSB517180000,온천프라자,35.21587568,129.077975,2025-10-31,,21,부산광역시,부산BIS
BSB517190000,부산인재평생교육진흥원,35.21722721,129.077724,2025-10-31,,21,부산광역시,부산BIS
BSB517200000,한아름아파트,35.21770928,129.0766766,2025-10-31,,21,부산광역시,부산BIS
BSB517210000,래미안3단지입구,35.21876609,129.0778456,2025-10-31,,21,부산광역시,부산BIS
BSB517220000,온천장새마을금고,35.22205495,129.0812734,2025-10-31,,21,부산광역시,부산BIS
BSB517230000,르메이에르아파트,35.22134199,129.0842147,2025-10-31,,21,부산광역시,부산BIS
BSB517240000,홈플러스,35.22173405,129.085257,2025-10-31,,21,부산광역시,부산BIS
BSB517250000,온천제일교회,35.22245045,129.0802841,2025-10-31,,21,부산광역시,부산BIS
BSB517260000,롯데백화점. 명륜지하철역,35.21233344,129.0780165,2025-10-31,,21,부산광역시,부산BIS
BSB517270000,부산인재평생교육진흥원,35.21692477,129.0780183,2025-10-31,,21,부산광역시,부산BIS
BSB517280000,허심청,35.22199434,129.0821778,2025-10-31,,21,부산광역시,부산BIS
BSB517290000,허심청,35.22169092,129.0827905,2025-10-31,,21,부산광역시,부산BIS
BSB517300000,래미안1단지,35.22338799,129.0792154,2025-10-31,,21,부산광역시,부산BIS
BSB517310000,캐나다영사관,35.09010785,128.9673913,2025-10-31,,21,부산광역시,부산BIS
BSB517320000,부산지식산업센터,35.08984571,128.9688268,2025-10-31,,21,부산광역시,부산BIS
BSB517330000,장림두산위브아파트,35.08334845,128.9678374,2025-10-31,,21,부산광역시,부산BIS
BSB517340000,동해선일광역광장,35.26688256,129.2317398,2025-10-31,,21,부산광역시,부산BIS
BSB517350000,래미안포레스티지 1단지,35.22534011,129.0800669,2025-10-31,,21,부산광역시,부산BIS
BSB517360000,래미안포레스티지 1단지,35.22488738,129.0801926,2025-10-31,,21,부산광역시,부산BIS
BSB517370000,광명사입구,35.1458839,129.0451818,2025-10-31,,21,부산광역시,부산BIS
BSB517380000,대양산업·하버시티,35.13141022,129.057518,2025-10-31,,21,부산광역시,부산BIS
BSB517390000,롯데백화점동래점,35.21270545,129.0787584,2025-10-31,,21,부산광역시,부산BIS
BSB517400000,거제여중입구,35.18724488,129.066329,2025-10-31,,21,부산광역시,부산BIS
BSB517410000,"대저중앙초등학교,가락중학교",35.14256229,128.9174531,2025-10-31,12724,21,부산광역시,부산BIS
BSB517420000,"대저중앙초등학교,가락중학교",35.14249751,128.9169908,2025-10-31,12723,21,부산광역시,부산BIS
BSB517430000,감천2동삼거리,35.09289574,129.0090849,2025-10-31,,21,부산광역시,부산BIS
BSB517440000,감천2동삼거리,35.09294432,129.0088723,2025-10-31,,21,부산광역시,부산BIS
BSB517450000,감천2동새마을금고,35.0918273,129.0083022,2025-10-31,,21,부산광역시,부산BIS
BSB517460000,감천2동새마을금고,35.0923348,129.0084023,2025-10-31,,21,부산광역시,부산BIS
BSB517470000,감천2치안센터,35.09417547,129.0101689,2025-10-31,,21,부산광역시,부산BIS
BSB517480000,감천2치안센터,35.09440285,129.0100429,2025-10-31,,21,부산광역시,부산BIS
BSB517490000,감천문화마을.부산교육역사관,35.09732436,129.0107561,2025-10-31,,21,부산광역시,부산BIS
BSB517500000,감천문화마을.부산교육역사관,35.09738386,129.0104286,2025-10-31,,21,부산광역시,부산BIS
BSB517510000,강동119안전센터,35.17518385,128.9158373,2025-10-31,,21,부산광역시,부산BIS
BSB517520000,강동119안전센터,35.17461993,128.915879,2025-10-31,,21,부산광역시,부산BIS
BSB517530000,강서경찰서,35.11844473,128.9072796,2025-10-31,,21,부산광역시,부산BIS
BSB517540000,강서경찰서,35.11840837,128.9075859,2025-10-31,,21,부산광역시,부산BIS
BSB517550000,경동포레스트힐행복주택,35.1003616,129.0115544,2025-10-31,,21,부산광역시,부산BIS
BSB517560000,경동포레스트힐행복주택,35.10052234,129.011372,2025-10-31,,21,부산광역시,부산BIS
BSB517570000,남광정밀,35.16663159,128.9132717,2025-10-31,12737,21,부산광역시,부산BIS
BSB517580000,남광정밀,35.16622836,128.9134104,2025-10-31,12738,21,부산광역시,부산BIS
BSB517590000,대성사,35.09844233,129.0115402,2025-10-31,,21,부산광역시,부산BIS
BSB517600000,대성사,35.09836471,129.0113299,2025-10-31,,21,부산광역시,부산BIS
BSB517610000,동양라이트,35.12511414,128.9086746,2025-10-31,,21,부산광역시,부산BIS
BSB517620000,동양라이트,35.12515631,128.9082862,2025-10-31,,21,부산광역시,부산BIS
BSB517630000,득천,35.18476368,128.9198054,2025-10-31,,21,부산광역시,부산BIS
BSB517640000,득천,35.18416427,128.9198132,2025-10-31,,21,부산광역시,부산BIS
BSB517650000,득천사거리,35.18926249,128.9208224,2025-10-31,,21,부산광역시,부산BIS
BSB517660000,상곡,35.17197658,128.9149225,2025-10-31,,21,부산광역시,부산BIS
BSB517670000,상곡,35.17214791,128.9152009,2025-10-31,,21,부산광역시,부산BIS
BSB517680000,상곡정미소,35.17688592,128.916481,2025-10-31,12739,21,부산광역시,부산BIS
BSB517690000,상곡정미소,35.17676196,128.9166262,2025-10-31,12740,21,부산광역시,부산BIS
BSB517700000,중곡,35.16430895,128.9128331,2025-10-31,,21,부산광역시,부산BIS
BSB517710000,중곡,35.16434124,128.9130699,2025-10-31,,21,부산광역시,부산BIS
BSB517720000,푸르지오센터파크아파트,35.14705124,128.9173884,2025-10-31,,21,부산광역시,부산BIS
BSB517730000,푸르지오센터파크아파트,35.14689115,128.9178235,2025-10-31,,21,부산광역시,부산BIS
BSB517740000,한양수자인,35.13911621,128.9153975,2025-10-31,12725,21,부산광역시,부산BIS
BSB517750000,한양수자인,35.138957,128.9152073,2025-10-31,12726,21,부산광역시,부산BIS
BSB517760000,현대슈퍼,35.18168137,128.9186846,2025-10-31,12741,21,부산광역시,부산BIS
BSB517770000,현대슈퍼,35.18160635,128.9188694,2025-10-31,12742,21,부산광역시,부산BIS
BSB517780000,호반써밋,35.1394367,128.9085099,2025-10-31,12728,21,부산광역시,부산BIS
BSB517790000,호반써밋,35.13949212,128.9081381,2025-10-31,12727,21,부산광역시,부산BIS
BSB517800000,장림역,35.08110968,128.977146,2025-10-31,,21,부산광역시,부산BIS
BSB517810000,구평자유아파트,35.08756444,128.9843625,2025-10-31,,21,부산광역시,부산BIS
BSB517820000,한신휴플러스아파트,35.08707133,128.9844821,2025-10-31,,21,부산광역시,부산BIS
BSB517830000,대동중고등학교 정문,35.08693583,128.9842266,2025-10-31,,21,부산광역시,부산BIS
BSB517840000,대동중고등학교 입구,35.08533525,128.9831847,2025-10-31,,21,부산광역시,부산BIS
BSB517850000,대동중고등학교 입구,35.08531208,128.9829484,2025-10-31,,21,부산광역시,부산BIS
BSB517860000,송정,35.10451284,128.8425472,2025-10-31,,21,부산광역시,부산BIS
BSB517870000,송정,35.10524024,128.8433093,2025-10-31,,21,부산광역시,부산BIS
BSB517880000,성고개,35.1105206,128.8566382,2025-10-31,,21,부산광역시,부산BIS
BSB517890000,성고개,35.11034109,128.8574731,2025-10-31,,21,부산광역시,부산BIS
BSB210000301,보수초등학교,35.10544678,129.0242581,2025-10-31,1089,21,부산광역시,부산BIS
BSB210010201,언양식당,35.0715543,128.9850939,2025-10-31,,21,부산광역시,부산BIS
BSB210010202,청도식당,35.0709792,128.9861024,2025-10-31,,21,부산광역시,부산BIS
BSB210020101,구평고물상,35.07352656,128.9842645,2025-10-31,,21,부산광역시,부산BIS
BSB210020201,구평농협,35.07253906,128.9837906,2025-10-31,,21,부산광역시,부산BIS
BSB210030101,언양식당,35.07149795,128.9849555,2025-10-31,,21,부산광역시,부산BIS
BSB210030102,진해식당,35.07026622,128.986729,2025-10-31,,21,부산광역시,부산BIS
BSB210030103,청도식당,35.07113475,128.9857834,2025-10-31,,21,부산광역시,부산BIS
BSB210030201,구평농협,35.07236785,128.984185,2025-10-31,,21,부산광역시,부산BIS
BSB210040201,진해식당,35.0701604,128.987326,2025-10-31,,21,부산광역시,부산BIS
BSB210040202,천우슈퍼,35.07001465,128.9879321,2025-10-31,,21,부산광역시,부산BIS
BSB210050101,좌천할인마트.서린엘마르더뷰,35.13681502,129.0473742,2025-10-31,3018,21,부산광역시,부산BIS
BSB210050102,성북고개,35.13791009,129.047855,2025-10-31,,21,부산광역시,부산BIS
BSB210050103,"좌천할인마트,서린엘마르더뷰",35.13674704,129.047321,2025-10-31,,21,부산광역시,부산BIS
BSB210060101,성북고개,35.13875138,129.0481558,2025-10-31,3014,21,부산광역시,부산BIS
BSB210060102,범일초등학교,35.13994856,129.0489205,2025-10-31,3013,21,부산광역시,부산BIS
BSB210060201,좌천할인마트.서린엘마르더뷰,35.1365471,129.0468424,2025-10-31,3017,21,부산광역시,부산BIS
BSB210060301,수정5동노인정,35.13719228,129.0460158,2025-10-31,,21,부산광역시,부산BIS
BSB210060302,수정동부교회,35.13798901,129.0468527,2025-10-31,,21,부산광역시,부산BIS
BSB210070201,렉슬빌라,35.13641471,129.0463332,2025-10-31,,21,부산광역시,부산BIS
BSB210070301,대화주택,35.12958519,129.0394084,2025-10-31,,21,부산광역시,부산BIS
BSB210070302,덕암빌라,35.13068237,129.0392194,2025-10-31,,21,부산광역시,부산BIS
BSB210070303,수정산체육공원,35.13247831,129.0391186,2025-10-31,,21,부산광역시,부산BIS
BSB210070304,동여자중학교,35.13272446,129.0405563,2025-10-31,,21,부산광역시,부산BIS
BSB210070305,동여자중학교후문,35.13360662,129.0406499,2025-10-31,,21,부산광역시,부산BIS
BSB210070306,동원빌라,35.13448274,129.0408287,2025-10-31,,21,부산광역시,부산BIS
BSB210070307,부산종합사회복지관,35.12872837,129.0408322,2025-10-31,,21,부산광역시,부산BIS
BSB210070308,수성아파트,35.13631079,129.0444357,2025-10-31,,21,부산광역시,부산BIS
BSB210070309,수정4동,35.12848698,129.0407269,2025-10-31,,21,부산광역시,부산BIS
BSB210080101,복지회관,35.08143467,129.0477366,2025-10-31,,21,부산광역시,부산BIS
BSB210080102,복천사,35.08200297,129.0476783,2025-10-31,,21,부산광역시,부산BIS
BSB210080103,체육공원,35.08042456,129.0474695,2025-10-31,,21,부산광역시,부산BIS
BSB210110301,소라맨션,35.16549555,129.067543,2025-10-31,,21,부산광역시,부산BIS
BSB210110302,아트빌라,35.16535152,129.0680568,2025-10-31,,21,부산광역시,부산BIS
BSB210110303,동의중학교,35.16563669,129.0694273,2025-10-31,,21,부산광역시,부산BIS
BSB210130101,원당골,35.18161371,129.0590092,2025-10-31,,21,부산광역시,부산BIS
BSB210130102,초읍대우아파트,35.18039034,129.0574404,2025-10-31,,21,부산광역시,부산BIS
BSB210130103,초읍중학교,35.18006434,129.056305,2025-10-31,,21,부산광역시,부산BIS
BSB210140301,사직2동주민센터,35.20039639,129.0571462,2025-10-31,6109,21,부산광역시,부산BIS
BSB210140302,사직2동주민센터,35.20036612,129.0572378,2025-10-31,,21,부산광역시,부산BIS
BSB210150101,사직동교회,35.20044701,129.0615611,2025-10-31,,21,부산광역시,부산BIS
BSB210150102,사직시장,35.20126291,129.062718,2025-10-31,,21,부산광역시,부산BIS
BSB210150201,삼익아파트정문,35.19983361,129.0604563,2025-10-31,,21,부산광역시,부산BIS
BSB210160101,동천고등학교,35.14121339,129.0887997,2025-10-31,,21,부산광역시,부산BIS
BSB210170301,산성교회,35.13027694,129.0917862,2025-10-31,,21,부산광역시,부산BIS
BSB210190201,해운대시장,35.1622456,129.1632219,2025-10-31,9107,21,부산광역시,부산BIS
BSB210190401,반도병원,35.16308737,129.1623399,2025-10-31,,21,부산광역시,부산BIS
BSB210210201,해운대구문화복합센터,35.18200373,129.1218676,2025-10-31,9371,21,부산광역시,부산BIS
BSB210210301,과정교,35.18455564,129.1189318,2025-10-31,9331,21,부산광역시,부산BIS
BSB210240301,당산4길,35.12818497,129.0769071,2025-10-31,,21,부산광역시,부산BIS
BSB210240302,동일아파트,35.12537683,129.0778529,2025-10-31,,21,부산광역시,부산BIS
BSB210240303,백계단,35.12662117,129.0776119,2025-10-31,,21,부산광역시,부산BIS
BSB210240304,팔각정,35.12654061,129.0776466,2025-10-31,,21,부산광역시,부산BIS
BSB210250201,용호동벽산아파트,35.10886616,129.1146561,2025-10-31,,21,부산광역시,부산BIS
BSB210280201,부산예빛학교,35.27951163,129.2320254,2025-10-31,16206,21,부산광역시,부산BIS
BSB210280202,부산예빛학교,35.27938038,129.2320169,2025-10-31,,21,부산광역시,부산BIS
BSB210340101,금호마을,35.16159013,128.9538202,2025-10-31,92289,21,부산광역시,부산BIS
BSB210350101,월포,35.15701578,128.9384911,2025-10-31,92271,21,부산광역시,부산BIS
BSB210360201,순서마을,35.16067462,128.9349753,2025-10-31,,21,부산광역시,부산BIS
BSB210370101,순서마을,35.16056617,128.9349947,2025-10-31,,21,부산광역시,부산BIS
BSB210390101,수문할매집,35.21783936,128.9905265,2025-10-31,,21,부산광역시,부산BIS
BSB210390102,수문할매집,35.21797155,128.9905738,2025-10-31,92321,21,부산광역시,부산BIS
BSB210390201,강서고.부산혜원학교,35.21441697,128.9881489,2025-10-31,12100,21,부산광역시,부산BIS
BSB210390301,변덕마을,35.21475504,128.9883686,2025-10-31,92310,21,부산광역시,부산BIS
BSB210400301,엘크루블루오션4단지,35.08209466,128.9100124,2025-10-31,12453,21,부산광역시,부산BIS
BSB210400302,엘크루블루오션4단지,35.08209977,128.9101194,2025-10-31,,21,부산광역시,부산BIS
BSB210410101,엘크루블루오션6단지,35.08189597,128.9103257,2025-10-31,12452,21,부산광역시,부산BIS
BSB210410102,엘크루블루오션6단지,35.08189119,128.9102022,2025-10-31,,21,부산광역시,부산BIS
BSB210410201,롯데캐슬아파트,35.08211517,128.9065649,2025-10-31,12406,21,부산광역시,부산BIS
BSB210410202,엘크루블루오션,35.08211672,128.9064663,2025-10-31,,21,부산광역시,부산BIS
BSB210430101,강서경찰서,35.11785722,128.9065383,2025-10-31,12034,21,부산광역시,부산BIS
BSB210430102,강서경찰서,35.1178277,128.9066439,2025-10-31,92354,21,부산광역시,부산BIS
BSB210430201,순아3구,35.11904773,128.9036144,2025-10-31,12035,21,부산광역시,부산BIS
BSB210440101,순아3구,35.11877807,128.9032818,2025-10-31,12636,21,부산광역시,부산BIS
BSB210440201,순아3구,35.11900998,128.903738,2025-10-31,92358,21,부산광역시,부산BIS
BSB210460101,양정포레힐즈스위첸,35.17331823,129.0782068,2025-10-31,,21,부산광역시,부산BIS
BSB210460102,연산전화국,35.17364765,129.0790647,2025-10-31,,21,부산광역시,부산BIS
BSB210460201,양정자이더샵SK뷰,35.17245734,129.0761192,2025-10-31,,21,부산광역시,부산BIS
BSB210460202,빅세일마트,35.17317839,129.0773042,2025-10-31,,21,부산광역시,부산BIS
BSB210460301,양정농협앞,35.17496025,129.0769107,2025-10-31,,21,부산광역시,부산BIS
BSB210470301,세정고·양정119안전센터,35.17508273,129.0764977,2025-10-31,5005,21,부산광역시,부산BIS
BSB210470302,양정산호맨션,35.17487615,129.075969,2025-10-31,,21,부산광역시,부산BIS
BSB210480101,유림스토아,35.17972508,129.0642476,2025-10-31,,21,부산광역시,부산BIS
BSB210480102,유림아파트113동,35.18049364,129.0645022,2025-10-31,,21,부산광역시,부산BIS
BSB210480201,유림아파트112동,35.17921824,129.0643453,2025-10-31,,21,부산광역시,부산BIS
BSB210490101,동서그린아파트,35.18186446,129.1025263,2025-10-31,,21,부산광역시,부산BIS
BSB210490102,동암학교,35.18120133,129.1027156,2025-10-31,,21,부산광역시,부산BIS
BSB210500101,정수사,35.18004286,129.1029026,2025-10-31,,21,부산광역시,부산BIS
BSB210510101,로얄아파트,35.17941731,129.1027988,2025-10-31,,21,부산광역시,부산BIS
BSB210510102,정수사,35.18001999,129.1030405,2025-10-31,,21,부산광역시,부산BIS
BSB210510201,남일고,35.17787314,129.1038155,2025-10-31,,21,부산광역시,부산BIS
BSB210510202,로얄아파트상가,35.17842782,129.1037509,2025-10-31,,21,부산광역시,부산BIS
BSB210510203,로얄아파트,35.1791926,129.1026961,2025-10-31,,21,부산광역시,부산BIS
BSB210510204,로얄아파트101동,35.17835146,129.1024881,2025-10-31,,21,부산광역시,부산BIS
BSB210520201,도시고속도로 다리밑,35.17434667,129.1116967,2025-10-31,,21,부산광역시,부산BIS
BSB210520202,망미초등학교,35.17378833,129.11458,2025-10-31,,21,부산광역시,부산BIS
BSB210520203,망미초등학교,35.17380531,129.1136219,2025-10-31,,21,부산광역시,부산BIS
BSB502300000,산성교회문화관,35.1314083,129.0919647,2025-10-31,,21,부산광역시,부산BIS
BSB502310000,산성교회문화관,35.13111589,129.0921986,2025-10-31,,21,부산광역시,부산BIS
BSB502320000,죽동삼거리,35.19713489,128.889724,2025-10-31,,21,부산광역시,부산BIS
BSB502330000,죽동삼거리,35.19709078,128.8896626,2025-10-31,,21,부산광역시,부산BIS
BSB502340000,힐탑탑플레이스,35.13174235,129.1128289,2025-10-31,,21,부산광역시,부산BIS
BSB502350000,힐탑탑플레이스,35.13199533,129.1127916,2025-10-31,,21,부산광역시,부산BIS
BSB502360000,해원냉장,35.06145024,129.0099607,2025-10-31,,21,부산광역시,부산BIS
BSB502370000,대저역,35.21317745,128.9611498,2025-10-31,,21,부산광역시,부산BIS
BSB502380000,상방마을,35.17338193,128.950524,2025-10-31,,21,부산광역시,부산BIS
BSB502390000,아미산 대성사,35.09851891,129.0115276,2025-10-31,,21,부산광역시,부산BIS
BSB502420000,아난티코브(힐튼부산),35.19742856,129.2288221,2025-10-31,,21,부산광역시,부산BIS
BSB502430000,죽도(연화리),35.21687059,129.2248873,2025-10-31,,21,부산광역시,부산BIS
BSB502440000,낙민역.동래고등학교,35.19963318,129.0926951,2025-10-31,6709,21,부산광역시,부산BIS
BSB502450000,낙민역.동래고등학교,35.19967504,129.0920978,2025-10-31,6710,21,부산광역시,부산BIS
BSB502460000,동래시장,35.20101588,129.0880317,2025-10-31,6711,21,부산광역시,부산BIS
BSB502470000,동래시장,35.20103514,129.0871758,2025-10-31,6712,21,부산광역시,부산BIS
BSB502480000,수안역.동래교차로,35.20172977,129.0842567,2025-10-31,6713,21,부산광역시,부산BIS
BSB502490000,올림픽교차로환승센터,35.16808137,129.1377092,2025-10-31,9725,21,부산광역시,부산BIS
BSB502500000,유엔조각공원,35.13022723,129.0978387,2025-10-31,7226,21,부산광역시,부산BIS
BSB502510000,유엔조각공원,35.13001577,129.0986011,2025-10-31,7225,21,부산광역시,부산BIS
BSB502520000,연제공용버스차고지,35.18542315,129.0534319,2025-10-31,13182,21,부산광역시,부산BIS
BSB502530000,남흥아파트,35.22813103,129.1627117,2025-10-31,9349,21,부산광역시,부산BIS
BSB502540000,반송도개공입구,35.22878321,129.1612629,2025-10-31,9348,21,부산광역시,부산BIS
BSB502550000,금곡주공5단지,35.25148456,129.0136342,2025-10-31,,21,부산광역시,부산BIS
BSB502560000,벡스코역.올림픽교차로환승센터,35.16782096,129.1374006,2025-10-31,9376,21,부산광역시,부산BIS
BSB502570000,풍유동차고지,35.21961375,128.8426116,2025-10-31,,21,부산광역시,부산BIS
BSB502580000,농소교,35.21570671,128.8396737,2025-10-31,,21,부산광역시,부산BIS
BSB502590000,농소교,35.21578087,128.8395381,2025-10-31,,21,부산광역시,부산BIS
BSB502600000,한발매스테크,35.21343553,128.834637,2025-10-31,,21,부산광역시,부산BIS
BSB502610000,한발매스테크,35.21323461,128.8348137,2025-10-31,,21,부산광역시,부산BIS
BSB502620000,중소기업비지니스센터,35.21379268,128.8318833,2025-10-31,,21,부산광역시,부산BIS
BSB502630000,희생명센터,35.21408477,128.8313408,2025-10-31,,21,부산광역시,부산BIS
BSB502640000,남명더라우,35.2036909,128.8183929,2025-10-31,,21,부산광역시,부산BIS
BSB502650000,남명더라우,35.20306344,128.8178683,2025-10-31,,21,부산광역시,부산BIS
BSB502660000,범동포,35.19362883,128.8190029,2025-10-31,,21,부산광역시,부산BIS
BSB502670000,하봉마을,35.19332502,128.8188315,2025-10-31,,21,부산광역시,부산BIS
BSB502680000,농수산물유통센터입구,35.18693129,128.8227067,2025-10-31,,21,부산광역시,부산BIS
BSB502690000,롯데아울렛,35.18580517,128.831639,2025-10-31,,21,부산광역시,부산BIS
BSB502700000,롯데아울렛,35.18537648,128.8313824,2025-10-31,,21,부산광역시,부산BIS
BSB502710000,롯데워터파크,35.18021632,128.8308385,2025-10-31,,21,부산광역시,부산BIS
BSB502720000,롯데워터파크,35.1801315,128.8310836,2025-10-31,,21,부산광역시,부산BIS
BSB502730000,용산마을,35.18189639,128.8228193,2025-10-31,,21,부산광역시,부산BIS
BSB502740000,용산마을,35.18208305,128.8226917,2025-10-31,,21,부산광역시,부산BIS
BSB502750000,한림풀에버,35.178854,128.8195791,2025-10-31,,21,부산광역시,부산BIS
BSB502760000,한림풀에버,35.17849133,128.8188247,2025-10-31,,21,부산광역시,부산BIS
BSB502770000,여차,35.33769227,128.8935774,2025-10-31,,21,부산광역시,부산BIS
BSB502780000,여차,35.33763102,128.8934605,2025-10-31,,21,부산광역시,부산BIS
BSB502790000,학운동,35.34288134,128.8956947,2025-10-31,,21,부산광역시,부산BIS
BSB502800000,학운동,35.34272507,128.8956031,2025-10-31,,21,부산광역시,부산BIS
BSB502810000,백학,35.34490171,128.8967318,2025-10-31,,21,부산광역시,부산BIS
BSB502820000,백학,35.34488567,128.896605,2025-10-31,,21,부산광역시,부산BIS
BSB502830000,백운동,35.34692043,128.8981594,2025-10-31,,21,부산광역시,부산BIS
BSB502840000,백운동,35.34714547,128.8981757,2025-10-31,,21,부산광역시,부산BIS
BSB502850000,용산초등학교,35.35464631,128.9014147,2025-10-31,,21,부산광역시,부산BIS
BSB502860000,용산초등학교,35.35485117,128.901568,2025-10-31,,21,부산광역시,부산BIS
BSB502870000,용산,35.36227645,128.9021602,2025-10-31,,21,부산광역시,부산BIS
BSB502880000,용산,35.36226537,128.902292,2025-10-31,,21,부산광역시,부산BIS
BSB502890000,감로,35.35281359,128.9192958,2025-10-31,,21,부산광역시,부산BIS
BSB502900000,감로,35.35276999,128.9194873,2025-10-31,,21,부산광역시,부산BIS
BSB502910000,신곡,35.34445078,128.9292001,2025-10-31,,21,부산광역시,부산BIS
BSB502920000,신곡,35.34447596,128.9293162,2025-10-31,,21,부산광역시,부산BIS
BSB502930000,화현,35.33817185,128.9355449,2025-10-31,,21,부산광역시,부산BIS
BSB502940000,화현,35.33817935,128.9353581,2025-10-31,,21,부산광역시,부산BIS
BSB502950000,아랫화현,35.33576568,128.9411676,2025-10-31,,21,부산광역시,부산BIS
BSB502960000,아랫화현,35.33592156,128.9410009,2025-10-31,,21,부산광역시,부산BIS
BSB502970000,매리취수장,35.3315395,128.9581885,2025-10-31,,21,부산광역시,부산BIS
BSB502980000,매리취수장,35.33131479,128.9584305,2025-10-31,,21,부산광역시,부산BIS
BSB502990000,고바우,35.32974136,128.961543,2025-10-31,,21,부산광역시,부산BIS
BSB503000000,고바우,35.32834729,128.9627629,2025-10-31,,21,부산광역시,부산BIS
BSB503010000,윗매리,35.32599727,128.9645809,2025-10-31,,21,부산광역시,부산BIS
BSB503020000,윗매리,35.32492855,128.9651873,2025-10-31,,21,부산광역시,부산BIS
BSB503030000,매리,35.32093528,128.966641,2025-10-31,,21,부산광역시,부산BIS
BSB503040000,매리,35.32096449,128.9667846,2025-10-31,,21,부산광역시,부산BIS
BSB503050000,상동매리농협,35.31590665,128.9680364,2025-10-31,,21,부산광역시,부산BIS
BSB503060000,상동매리농협,35.31599098,128.9681154,2025-10-31,,21,부산광역시,부산BIS
BSB503070000,소감입구,35.31201384,128.9696846,2025-10-31,,21,부산광역시,부산BIS
BSB503080000,소감입구,35.31161993,128.9698015,2025-10-31,,21,부산광역시,부산BIS
BSB503090000,고암,35.30920308,128.9707378,2025-10-31,,21,부산광역시,부산BIS
BSB503100000,고암,35.30931487,128.97079,2025-10-31,,21,부산광역시,부산BIS
BSB503110000,고암2반,35.30461467,128.9741443,2025-10-31,,21,부산광역시,부산BIS
BSB503120000,고암2반,35.30495209,128.9738996,2025-10-31,,21,부산광역시,부산BIS
BSB503130000,고암3반,35.2987073,128.977194,2025-10-31,,21,부산광역시,부산BIS
BSB503140000,고암3반,35.29781552,128.9774471,2025-10-31,,21,부산광역시,부산BIS
BSB503150000,신촌,35.29521631,128.9790601,2025-10-31,,21,부산광역시,부산BIS
BSB503160000,신촌,35.29519623,128.979186,2025-10-31,,21,부산광역시,부산BIS
BSB503170000,신암,35.29087287,128.9807019,2025-10-31,,21,부산광역시,부산BIS
BSB503180000,신암,35.2908744,128.9806085,2025-10-31,,21,부산광역시,부산BIS
BSB503190000,덕산,35.28027811,128.980801,2025-10-31,,21,부산광역시,부산BIS
BSB503200000,덕산,35.2803445,128.980874,2025-10-31,,21,부산광역시,부산BIS
BSB503210000,덕산삼거리,35.27813693,128.9844303,2025-10-31,,21,부산광역시,부산BIS
BSB503220000,월촌나루터,35.28738934,128.9949874,2025-10-31,,21,부산광역시,부산BIS
BSB503230000,월촌나루터,35.28735875,128.9946569,2025-10-31,,21,부산광역시,부산BIS
BSB503240000,월촌,35.28250908,128.9969282,2025-10-31,,21,부산광역시,부산BIS
BSB503250000,월촌,35.28248837,128.9968178,2025-10-31,,21,부산광역시,부산BIS
BSB503260000,평촌,35.2752763,129.0024374,2025-10-31,,21,부산광역시,부산BIS
BSB503270000,평촌,35.27545068,129.0025186,2025-10-31,,21,부산광역시,부산BIS
BSB503280000,감천입구,35.26659217,129.0019819,2025-10-31,,21,부산광역시,부산BIS
BSB503290000,감천입구,35.26661287,129.0020923,2025-10-31,,21,부산광역시,부산BIS
BSB503300000,하사,35.26059784,129.0012631,2025-10-31,,21,부산광역시,부산BIS
BSB503310000,하사,35.26057341,129.0013779,2025-10-31,,21,부산광역시,부산BIS
BSB503320000,조눌,35.2567724,129.0001748,2025-10-31,,21,부산광역시,부산BIS
BSB517900000,산양마을,35.11257109,128.8701033,2025-10-31,,21,부산광역시,부산BIS
BSB517910000,산양마을,35.11226566,128.8703321,2025-10-31,,21,부산광역시,부산BIS
BSB517920000,신호사암파크골프장,35.09223079,128.8870066,2025-10-31,,21,부산광역시,부산BIS
BSB517930000,부산콘서트홀,35.17012973,129.0543643,2025-10-31,5376,21,부산광역시,부산BIS
BSB517940000,명지시장,35.11197015,128.9317116,2025-10-31,12733,21,부산광역시,부산BIS
BSB517950000,자이아파트,35.14162186,128.9142357,2025-10-31,,21,부산광역시,부산BIS
BSB517960000,한양수자인,35.14121146,128.9134033,2025-10-31,,21,부산광역시,부산BIS
BSB517970000,남포동,35.0979277,129.0318568,2025-10-31,,21,부산광역시,부산BIS
BSB517980000,남포동,35.09790582,129.0326238,2025-10-31,,21,부산광역시,부산BIS
BSB517990000,남포역.옛시청교차로,35.09793512,129.0351739,2025-10-31,,21,부산광역시,부산BIS
BSB518000000,남포역.옛시청교차로,35.0986495,129.0358331,2025-10-31,,21,부산광역시,부산BIS
BSB518010000,부산데파트,35.10044234,129.0366672,2025-10-31,,21,부산광역시,부산BIS
BSB518020000,부산데파트,35.10090138,129.0364319,2025-10-31,,21,부산광역시,부산BIS
BSB518030000,부산역,35.11549531,129.0399482,2025-10-31,,21,부산광역시,부산BIS
BSB518040000,부산역,35.11616481,129.0400582,2025-10-31,,21,부산광역시,부산BIS
BSB518050000,세리골입구,35.10807392,128.9985897,2025-10-31,,21,부산광역시,부산BIS
BSB518060000,영주동,35.10895522,129.0371258,2025-10-31,,21,부산광역시,부산BIS
BSB518070000,영주동,35.10962117,129.0371808,2025-10-31,,21,부산광역시,부산BIS
BSB518080000,자갈치역.비프광장,35.09784795,129.0290861,2025-10-31,,21,부산광역시,부산BIS
BSB518090000,자갈치역.비프광장,35.09815047,129.0295871,2025-10-31,,21,부산광역시,부산BIS
BSB518100000,정원사 참누리아파트,35.1058697,129.0013707,2025-10-31,,21,부산광역시,부산BIS
BSB518110000,중앙역.부산우체국,35.10340919,129.0362805,2025-10-31,,21,부산광역시,부산BIS
BSB518120000,중앙역.부산우체국,35.10459171,129.0364305,2025-10-31,,21,부산광역시,부산BIS
BSB518130000,중앙역.중부소방서,35.10663147,129.0362455,2025-10-31,,21,부산광역시,부산BIS
BSB518140000,중부소방서,35.10764459,129.0362872,2025-10-31,,21,부산광역시,부산BIS
BSB518150000,협진신태양아파트,35.106303,128.9985958,2025-10-31,,21,부산광역시,부산BIS
BSB518160000,서부시외버스터미널.사상역,35.16274887,128.9865058,2025-10-31,,21,부산광역시,부산BIS
BSB518170000,부산의료원정문,35.18834566,129.0588602,2025-10-31,13187,21,부산광역시,부산BIS
BSB518180000,대연파크푸르지오,35.12538063,129.0892905,2025-10-31,,21,부산광역시,부산BIS
BSB518190000,화진피에프,35.1485823,128.868985,2025-10-31,,21,부산광역시,부산BIS
BSB518200000,화진피에프,35.14857353,128.8686776,2025-10-31,,21,부산광역시,부산BIS
BSB518210000,구 신천교 앞,35.27591087,129.108645,2025-10-31,,21,부산광역시,부산BIS
BSB518220000,구평자유아파트,35.08754068,128.9845921,2025-10-31,,21,부산광역시,부산BIS
BSB518230000,금정구민운동장입구,35.27590175,129.1076173,2025-10-31,,21,부산광역시,부산BIS
BSB518240000,금정구민운동장입구,35.27572965,129.1076678,2025-10-31,,21,부산광역시,부산BIS
BSB518250000,웰빙주말농장 입구,35.28427518,129.1075101,2025-10-31,,21,부산광역시,부산BIS
BSB518260000,웰빙주말농장 입구,35.28435155,129.1072648,2025-10-31,,21,부산광역시,부산BIS
BSB518270000,정원사 참누리아파트,35.10580665,129.001232,2025-10-31,,21,부산광역시,부산BIS
BSB518280000,대저중앙초.가락중,35.14219488,128.9170359,2025-10-31,,21,부산광역시,부산BIS
BSB518290000,대저중앙초.가락중,35.14194204,128.9173536,2025-10-31,,21,부산광역시,부산BIS
BSB518300000,"에코델타이편한세상,푸르지오",35.14534414,128.9139279,2025-10-31,,21,부산광역시,부산BIS
BSB518310000,"에코델타이편한세상,푸르지오",35.14608154,128.9143127,2025-10-31,,21,부산광역시,부산BIS
BSB518320000,삼경아파트정문,35.07769398,128.9826023,2025-10-31,,21,부산광역시,부산BIS
BSB518330000,삼경아파트정문,35.07773156,128.9827841,2025-10-31,,21,부산광역시,부산BIS
BSB518340000,신장림역하나병원,35.07468848,128.9768101,2025-10-31,,21,부산광역시,부산BIS
BSB518350000,상수도사상가압장,35.12471101,128.9679321,2025-10-31,15291,21,부산광역시,부산BIS
BSB518360000,상수도사상가압장,35.12454432,128.9682078,2025-10-31,15292,21,부산광역시,부산BIS
BSB518370000,신평시장,35.0910497,128.977818,2025-10-31,,21,부산광역시,부산BIS
BSB518380000,"에코델타e편한세상,푸르지오",35.14595041,128.9143399,2025-10-31,12744,21,부산광역시,부산BIS
BSB518390000,"에코델타e편한세상,푸르지오",35.14548838,128.9139231,2025-10-31,12743,21,부산광역시,부산BIS
BSB518400000,오시리아역 정문,35.19623086,129.2086231,2025-10-31,,21,부산광역시,부산BIS
BSB518410000,이케아앞,35.19223839,129.2106227,2025-10-31,,21,부산광역시,부산BIS
BSB518420000,부산진초등학교,35.15048111,129.0555294,2025-10-31,,21,부산광역시,부산BIS
BSB518430000,조선통신사역사관,35.13627826,129.0627142,2025-10-31,3193,21,부산광역시,부산BIS
BSB518440000,문현여자고등학교,35.14521859,129.0748735,2025-10-31,,21,부산광역시,부산BIS
BSB518450000,문현여자고등학교,35.14543383,129.0749339,2025-10-31,,21,부산광역시,부산BIS
BSB518460000,범천2동주민센터.견우공원,35.14688499,129.0557595,2025-10-31,,21,부산광역시,부산BIS
BSB518470000,범천2동주민센터.견우공원,35.14660956,129.0555277,2025-10-31,,21,부산광역시,부산BIS
BSB518480000,안창삼거리,35.14428601,129.0479241,2025-10-31,,21,부산광역시,부산BIS
BSB518490000,토성역.아미동입구,35.09971717,129.018206,2025-10-31,,21,부산광역시,부산BIS
BSB518500000,함께하는교회,35.25393536,129.1010774,2025-10-31,,21,부산광역시,부산BIS
BSB210520204,팔도시장후문,35.17332001,129.1161646,2025-10-31,,21,부산광역시,부산BIS
BSB210520301,망미고가도로,35.17401553,129.1105608,2025-10-31,,21,부산광역시,부산BIS
BSB210520302,망미역,35.17262836,129.109843,2025-10-31,,21,부산광역시,부산BIS
BSB210540102,덕두새동네,35.17451459,128.9502159,2025-10-31,92087,21,부산광역시,부산BIS
BSB210540103,공항입구,35.17661568,128.9500292,2025-10-31,92106,21,부산광역시,부산BIS
BSB210540201,수영세무서,35.14396225,129.1104019,2025-10-31,,21,부산광역시,부산BIS
BSB210560201,동서대글로벌빌리지,35.14587262,129.0062942,2025-10-31,,21,부산광역시,부산BIS
BSB210560202,현대무지개아파트,35.14473931,129.005619,2025-10-31,,21,부산광역시,부산BIS
BSB210560203,현대무지개아파트관리사무소,35.14507764,129.0055102,2025-10-31,,21,부산광역시,부산BIS
BSB210570201,남천1동 행정복지센터,35.14261073,129.1100287,2025-10-31,,21,부산광역시,부산BIS
BSB210580101,동서대글로벌빌리지,35.14590583,129.006465,2025-10-31,,21,부산광역시,부산BIS
BSB210580102,현대무지개아파트,35.14478338,129.0057949,2025-10-31,,21,부산광역시,부산BIS
BSB210580103,현대무지개아파트관리사무소,35.14511363,129.0058281,2025-10-31,,21,부산광역시,부산BIS
BSB210590201,모라종합사회복지관,35.18477965,128.9981835,2025-10-31,,21,부산광역시,부산BIS
BSB210590202,모라1단지종점,35.18474542,128.9988927,2025-10-31,,21,부산광역시,부산BIS
BSB210600101,캐슬스포츠센터,35.18215417,128.9805459,2025-10-31,,21,부산광역시,부산BIS
BSB210600201,조광페인트,35.18146463,128.9790513,2025-10-31,,21,부산광역시,부산BIS
BSB210630101,한수원인재개발원입구,35.34030017,129.3025864,2025-10-31,,21,부산광역시,부산BIS
BSB210630201,한수원인재개발원입구,35.34092493,129.3031375,2025-10-31,,21,부산광역시,부산BIS
BSB210650101,월전,35.23942937,129.2440539,2025-10-31,,21,부산광역시,부산BIS
BSB210670201,기장실버타운,35.24480217,129.2414358,2025-10-31,,21,부산광역시,부산BIS
BSB210670202,신앙촌,35.24439823,129.2386109,2025-10-31,,21,부산광역시,부산BIS
BSB210670203,원죽1구,35.24375715,129.2435599,2025-10-31,,21,부산광역시,부산BIS
BSB210670204,죽성초등학교,35.24238033,129.244452,2025-10-31,,21,부산광역시,부산BIS
BSB210680101,덕두,35.17963172,128.9570605,2025-10-31,92268,21,부산광역시,부산BIS
BSB210680301,대저농협앞,35.18038633,128.9551909,2025-10-31,,21,부산광역시,부산BIS
BSB210680601,덕두,35.17992808,128.9565729,2025-10-31,92084,21,부산광역시,부산BIS
BSB210690101,하신,35.094972,128.900818,2025-10-31,92139,21,부산광역시,부산BIS
BSB210700301,덕두시장,35.1786021,128.9584581,2025-10-31,12135,21,부산광역시,부산BIS
BSB210700302,덕두,35.17883493,128.9584272,2025-10-31,92127,21,부산광역시,부산BIS
BSB210740201,천마마을,35.08451163,129.0144322,2025-10-31,2191,21,부산광역시,부산BIS
BSB210760101,부산종합터미널.노포역,35.28382924,129.0947665,2025-10-31,11007,21,부산광역시,부산BIS
BSB210760102,부산종합터미널.노포역,35.28361262,129.0946993,2025-10-31,,21,부산광역시,부산BIS
BSB210760201,부산종합터미널.노포역,35.28339666,129.0950245,2025-10-31,,21,부산광역시,부산BIS
BSB210760301,노포삼거리,35.28032471,129.0932657,2025-10-31,11009,21,부산광역시,부산BIS
BSB210810101,청학시장,35.09716969,129.0597839,2025-10-31,4066,21,부산광역시,부산BIS
BSB210830301,장림시장번영1길,35.08258229,128.9706201,2025-10-31,,21,부산광역시,부산BIS
BSB210890101,기장고등학교,35.23995837,129.2104484,2025-10-31,,21,부산광역시,부산BIS
BSB210900201,대라리사거리,35.23859489,129.2132134,2025-10-31,16540,21,부산광역시,부산BIS
BSB210900202,대라리사거리,35.23870939,129.2132098,2025-10-31,,21,부산광역시,부산BIS
BSB210920201,부산보건고등학교,35.08146642,129.0413804,2025-10-31,,21,부산광역시,부산BIS
BSB210930201,부산보건고,35.0821439,129.0412422,2025-10-31,4032,21,부산광역시,부산BIS
BSB210960101,영선2동행정복지센터,35.08705756,129.0420271,2025-10-31,4187,21,부산광역시,부산BIS
BSB210970101,강남병원,35.08737628,129.0437599,2025-10-31,,21,부산광역시,부산BIS
BSB210970102,탑마트,35.08677271,129.0434571,2025-10-31,,21,부산광역시,부산BIS
BSB210970201,성모신협,35.08577087,129.04266,2025-10-31,,21,부산광역시,부산BIS
BSB210980301,인성글로벌냉장,35.07269234,129.006847,2025-10-31,2156,21,부산광역시,부산BIS
BSB210980302,동양레미콘,35.07613386,129.0061734,2025-10-31,2168,21,부산광역시,부산BIS
BSB210980303,한일냉장,35.07998252,129.0056369,2025-10-31,2159,21,부산광역시,부산BIS
BSB210980304,감천항동편부두,35.08167016,129.0057065,2025-10-31,10211,21,부산광역시,부산BIS
BSB210990101,감천1.2.3부두,35.06806996,129.0093896,2025-10-31,2167,21,부산광역시,부산BIS
BSB211000101,대림아파트,35.08232027,129.0251637,2025-10-31,2118,21,부산광역시,부산BIS
BSB211000102,등대시장,35.08432033,129.0249884,2025-10-31,2117,21,부산광역시,부산BIS
BSB211000103,대진아파트,35.08735223,129.024673,2025-10-31,2060,21,부산광역시,부산BIS
BSB211000104,공동어시장,35.0896392,129.0244252,2025-10-31,2106,21,부산광역시,부산BIS
BSB211000105,충무쇼핑.충무동새벽시장,35.09278398,129.0241193,2025-10-31,2105,21,부산광역시,부산BIS
BSB211000106,자갈치역.충무동해안시장,35.09577425,129.0245128,2025-10-31,2089,21,부산광역시,부산BIS
BSB211000201,암남동주민센터,35.07986201,129.0213187,2025-10-31,2126,21,부산광역시,부산BIS
BSB211010101,삼성여고,35.09073936,128.9974202,2025-10-31,10013,21,부산광역시,부산BIS
BSB211010102,삼성여고,35.09077809,128.9973289,2025-10-31,,21,부산광역시,부산BIS
BSB211020101,괴정동교차로,35.09570828,128.9936802,2025-10-31,,21,부산광역시,부산BIS
BSB211030201,감천삼거리,35.09371673,128.9927301,2025-10-31,10026,21,부산광역시,부산BIS
BSB211030202,감천삼거리,35.09406687,128.9928526,2025-10-31,,21,부산광역시,부산BIS
BSB211040101,홈플러스,35.09567319,129.0448785,2025-10-31,4142,21,부산광역시,부산BIS
BSB211040301,미광아파트,35.09461677,129.0440521,2025-10-31,,21,부산광역시,부산BIS
BSB211060201,깡깡이예술마을,35.09111797,129.0372188,2025-10-31,4014,21,부산광역시,부산BIS
BSB211100201,일동미라주아파트,35.0818786,129.0707194,2025-10-31,4084,21,부산광역시,부산BIS
BSB211110301,천리교,35.08351511,129.0712896,2025-10-31,,21,부산광역시,부산BIS
BSB211120101,동삼주공아파트1단지,35.08277058,129.0695058,2025-10-31,,21,부산광역시,부산BIS
BSB211120301,태종파크맨션,35.08214988,129.0675306,2025-10-31,,21,부산광역시,부산BIS
BSB211130101,동삼슈퍼,35.08001355,129.0670953,2025-10-31,,21,부산광역시,부산BIS
BSB211130301,태종파크맨션,35.08202246,129.0677195,2025-10-31,,21,부산광역시,부산BIS
BSB211150101,청학주유소,35.09293516,129.0652738,2025-10-31,4071,21,부산광역시,부산BIS
BSB211150103,대영약국,35.09391909,129.0646653,2025-10-31,,21,부산광역시,부산BIS
BSB211150104,부영슈퍼,35.09061255,129.0661159,2025-10-31,,21,부산광역시,부산BIS
BSB211150105,청학주유소,35.09303861,129.0652119,2025-10-31,,21,부산광역시,부산BIS
BSB211160301,남도여중,35.08667438,129.0461798,2025-10-31,4042,21,부산광역시,부산BIS
BSB211170101,신선중학교,35.08149815,129.0448325,2025-10-31,4037,21,부산광역시,부산BIS
BSB211170102,신선중학교,35.08140507,129.0448057,2025-10-31,,21,부산광역시,부산BIS
BSB211200301,신선중학교,35.08231591,129.0449025,2025-10-31,4038,21,부산광역시,부산BIS
BSB211210201,흰여울문화마을,35.08013419,129.043541,2025-10-31,4036,21,부산광역시,부산BIS
BSB211210202,흰여울문화마을,35.08036358,129.0442228,2025-10-31,,21,부산광역시,부산BIS
BSB211230101,영도초등학교,35.0893354,129.0447982,2025-10-31,,21,부산광역시,부산BIS
BSB211230201,강남병원,35.08794298,129.0438541,2025-10-31,,21,부산광역시,부산BIS
BSB211240101,외환은행,35.09002273,129.0436517,2025-10-31,,21,부산광역시,부산BIS
BSB211240301,남항시장,35.08869009,129.0424341,2025-10-31,4021,21,부산광역시,부산BIS
BSB211300201,동삼초등학교,35.07863905,129.0735601,2025-10-31,4171,21,부산광역시,부산BIS
BSB211320102,동삼중앙어린이집,35.07902551,129.0683144,2025-10-31,,21,부산광역시,부산BIS
BSB211320301,동삼슈퍼,35.08014941,129.0671916,2025-10-31,,21,부산광역시,부산BIS
BSB211380101,해동종합,35.08968518,129.0710745,2025-10-31,4177,21,부산광역시,부산BIS
BSB211380102,아르떼뮤지엄·미창석유,35.08565897,129.0749666,2025-10-31,4175,21,부산광역시,부산BIS
BSB211380301,(주)거청,35.09421993,129.067906,2025-10-31,4178,21,부산광역시,부산BIS
BSB211380302,대선조선,35.09724269,129.0616725,2025-10-31,4180,21,부산광역시,부산BIS
BSB211380303,청학수변공원,35.0980791,129.0600506,2025-10-31,4182,21,부산광역시,부산BIS
BSB503330000,조눌,35.25673836,129.0000531,2025-10-31,,21,부산광역시,부산BIS
BSB503340000,신동마을,35.25102084,128.9983965,2025-10-31,,21,부산광역시,부산BIS
BSB503350000,신동마을,35.25101902,128.9985064,2025-10-31,,21,부산광역시,부산BIS
BSB503360000,신동2구,35.24554,128.9968669,2025-10-31,,21,부산광역시,부산BIS
BSB503370000,신동2구,35.24555611,128.9969826,2025-10-31,,21,부산광역시,부산BIS
BSB503380000,신동,35.24329751,128.9962352,2025-10-31,,21,부산광역시,부산BIS
BSB503390000,신동,35.24328651,128.9963558,2025-10-31,,21,부산광역시,부산BIS
BSB503400000,안막2구,35.24035385,128.9954985,2025-10-31,,21,부산광역시,부산BIS
BSB503410000,안막2구,35.24046383,128.9956605,2025-10-31,,21,부산광역시,부산BIS
BSB503420000,송백,35.12382801,128.940154,2025-10-31,92119,21,부산광역시,부산BIS
BSB503430000,송백,35.12459591,128.9399426,2025-10-31,92137,21,부산광역시,부산BIS
BSB503440000,염막1구,35.13385024,128.9458791,2025-10-31,92121,21,부산광역시,부산BIS
BSB503450000,염막1구,35.13432103,128.9454671,2025-10-31,92135,21,부산광역시,부산BIS
BSB503460000,작지,35.14290458,128.9503636,2025-10-31,92123,21,부산광역시,부산BIS
BSB503470000,작지,35.14357898,128.9499744,2025-10-31,92133,21,부산광역시,부산BIS
BSB503480000,장락,35.1353574,128.8943863,2025-10-31,,21,부산광역시,부산BIS
BSB503550000,장락,35.13551603,128.8925963,2025-10-31,,21,부산광역시,부산BIS
BSB503560000,(구)영천빌라,35.1354482,129.0423618,2025-10-31,,21,부산광역시,부산BIS
BSB503570000,영호빌라,35.13249819,129.0397981,2025-10-31,,21,부산광역시,부산BIS
BSB503580000,정은빌라,35.13645583,129.0453337,2025-10-31,,21,부산광역시,부산BIS
BSB503590000,협성파크맨션,35.13156872,129.0391913,2025-10-31,,21,부산광역시,부산BIS
BSB503600000,(구)영천빌라,35.13558184,129.0424065,2025-10-31,,21,부산광역시,부산BIS
BSB503610000,영호빌라,35.13262531,129.040046,2025-10-31,,21,부산광역시,부산BIS
BSB503620000,정은빌라,35.13656278,129.0453124,2025-10-31,,21,부산광역시,부산BIS
BSB503630000,백련정사입구,35.12824273,129.0393914,2025-10-31,,21,부산광역시,부산BIS
BSB503640000,협성파크맨션,35.13160159,129.0389901,2025-10-31,,21,부산광역시,부산BIS
BSB503650000,가락동행정복지센터,35.19652074,128.901177,2025-10-31,,21,부산광역시,부산BIS
BSB503660000,가락파출소,35.19536973,128.9024511,2025-10-31,,21,부산광역시,부산BIS
BSB503670000,두산위브더테라스,35.32006096,129.1968555,2025-10-31,,21,부산광역시,부산BIS
BSB503680000,두산위브더테라스,35.31985259,129.196421,2025-10-31,,21,부산광역시,부산BIS
BSB503690000,강서구청역,35.21130194,128.9797275,2025-10-31,,21,부산광역시,부산BIS
BSB503700000,강서구청역,35.21097151,128.9795438,2025-10-31,,21,부산광역시,부산BIS
BSB503710000,반도보라아파트,35.10839338,128.977458,2025-10-31,,21,부산광역시,부산BIS
BSB503720000,솔개다리,35.1127335,129.0818229,2025-10-31,,21,부산광역시,부산BIS
BSB503730000,시방,34.96313212,128.7075693,2025-10-31,,21,부산광역시,부산BIS
BSB503740000,시방,34.96295107,128.7076257,2025-10-31,,21,부산광역시,부산BIS
BSB503750000,통합세산마을,35.15003397,128.8791622,2025-10-31,,21,부산광역시,부산BIS
BSB503760000,통합세산마을,35.14973158,128.8794844,2025-10-31,,21,부산광역시,부산BIS
BSB503770000,대저2동행정복지센터,35.1788577,128.9568783,2025-10-31,,21,부산광역시,부산BIS
BSB503780000,청량사교차로,35.11469865,128.9199366,2025-10-31,,21,부산광역시,부산BIS
BSB503790000,청량사교차로,35.11449329,128.9195315,2025-10-31,,21,부산광역시,부산BIS
BSB503800000,센텀중학교,35.17540266,129.1252163,2025-10-31,,21,부산광역시,부산BIS
BSB503810000,남구실내빙상장,35.10266802,129.1088625,2025-10-31,7227,21,부산광역시,부산BIS
BSB503820000,남구실내빙상장,35.1025535,129.1087115,2025-10-31,7228,21,부산광역시,부산BIS
BSB503830000,더래디언트금정산아파트,35.21620712,129.0358032,2025-10-31,8213,21,부산광역시,부산BIS
BSB503840000,만덕노인요양원,35.21753521,129.037747,2025-10-31,,21,부산광역시,부산BIS
BSB503850000,만덕노인요양원,35.21763642,129.0376233,2025-10-31,,21,부산광역시,부산BIS
BSB503860000,상학초등학교,35.21829942,129.0394572,2025-10-31,,21,부산광역시,부산BIS
BSB503870000,상학초등학교,35.21816035,129.0394208,2025-10-31,,21,부산광역시,부산BIS
BSB503880000,상학 산복길,35.21670462,129.0397083,2025-10-31,,21,부산광역시,부산BIS
BSB503890000,상학산복길,35.21662532,129.039871,2025-10-31,,21,부산광역시,부산BIS
BSB503900000,부산현대미술관,35.10827614,128.9434931,2025-10-31,10288,21,부산광역시,부산BIS
BSB503910000,원우아파트,35.08551801,129.0634933,2025-10-31,,21,부산광역시,부산BIS
BSB503920000,일신마리나아파트,35.08655246,129.0630754,2025-10-31,,21,부산광역시,부산BIS
BSB503930000,성안마을,35.23666627,128.950432,2025-10-31,,21,부산광역시,부산BIS
BSB503940000,성안,35.23644283,128.9503168,2025-10-31,,21,부산광역시,부산BIS
BSB503950000,주중,35.23463302,128.9479834,2025-10-31,,21,부산광역시,부산BIS
BSB503960000,주중,35.23466349,128.9477699,2025-10-31,,21,부산광역시,부산BIS
BSB503970000,신현마을,35.25845105,129.1028365,2025-10-31,,21,부산광역시,부산BIS
BSB503980000,감천,35.27035908,128.9813204,2025-10-31,,21,부산광역시,부산BIS
BSB503990000,감천,35.27037917,128.9814692,2025-10-31,,21,부산광역시,부산BIS
BSB504000000,괴정,35.25106883,128.9816472,2025-10-31,,21,부산광역시,부산BIS
BSB504010000,괴정,35.25108,128.9817903,2025-10-31,,21,부산광역시,부산BIS
BSB504020000,괴정소류지,35.26762053,128.9804351,2025-10-31,,21,부산광역시,부산BIS
BSB504030000,괴정소류지,35.26764116,128.9805509,2025-10-31,,21,부산광역시,부산BIS
BSB504040000,남성정밀,35.30550651,128.9207389,2025-10-31,,21,부산광역시,부산BIS
BSB504050000,남성정밀,35.30560552,128.9207468,2025-10-31,,21,부산광역시,부산BIS
BSB504060000,다대농협,35.05641032,128.9704292,2025-10-31,,21,부산광역시,부산BIS
BSB504070000,대감초등학교,35.27246688,128.9822013,2025-10-31,,21,부산광역시,부산BIS
BSB504080000,대감초등학교,35.2721643,128.9819687,2025-10-31,,21,부산광역시,부산BIS
BSB504090000,동척골,35.31549155,128.9561358,2025-10-31,,21,부산광역시,부산BIS
BSB504100000,동척골,35.31583136,128.9562979,2025-10-31,,21,부산광역시,부산BIS
BSB504110000,봉암입구,35.31416995,128.9419706,2025-10-31,,21,부산광역시,부산BIS
BSB504120000,봉암입구,35.31424016,128.9418074,2025-10-31,,21,부산광역시,부산BIS
BSB504130000,상동명사무소,35.30791577,128.9304428,2025-10-31,,21,부산광역시,부산BIS
BSB504140000,상동명사무소,35.3080184,128.9305057,2025-10-31,,21,부산광역시,부산BIS
BSB504150000,소락마을,35.30573371,128.9118067,2025-10-31,,21,부산광역시,부산BIS
BSB504160000,소락마을,35.30584468,128.9116279,2025-10-31,,21,부산광역시,부산BIS
BSB504170000,원지,35.24437687,128.9833462,2025-10-31,,21,부산광역시,부산BIS
BSB504180000,원지,35.24432516,128.9832022,2025-10-31,,21,부산광역시,부산BIS
BSB504190000,지나,35.26302753,128.9810814,2025-10-31,,21,부산광역시,부산BIS
BSB504200000,지나,35.2630569,128.9812139,2025-10-31,,21,부산광역시,부산BIS
BSB504210000,청사초롱,35.31489996,128.9475678,2025-10-31,,21,부산광역시,부산BIS
BSB504220000,청사초롱,35.31500197,128.9473888,2025-10-31,,21,부산광역시,부산BIS
BSB504230000,포산마을구판장,35.31731028,128.9604071,2025-10-31,,21,부산광역시,부산BIS
BSB504240000,포산마을구판장,35.31727589,128.9600269,2025-10-31,,21,부산광역시,부산BIS
BSB504250000,윤산터널입구,35.23947107,129.0921422,2025-10-31,11278,21,부산광역시,부산BIS
BSB504260000,윤산터널입구,35.23937393,129.0907228,2025-10-31,11279,21,부산광역시,부산BIS
BSB504270000,장전역,35.24007422,129.0872204,2025-10-31,11280,21,부산광역시,부산BIS
BSB504280000,장전역,35.23985289,129.0872531,2025-10-31,11281,21,부산광역시,부산BIS
BSB504290000,장전초등학교,35.24015998,129.0853827,2025-10-31,11282,21,부산광역시,부산BIS
BSB504300000,장전초등학교,35.23991909,129.0855029,2025-10-31,11283,21,부산광역시,부산BIS
BSB504310000,산성터널입구,35.23514589,129.0196007,2025-10-31,8214,21,부산광역시,부산BIS
BSB504320000,산성터널입구,35.23488423,129.0198907,2025-10-31,8215,21,부산광역시,부산BIS
BSB504330000,화잠초등학교,35.23454789,129.0179054,2025-10-31,8216,21,부산광역시,부산BIS
BSB504340000,화잠초등학교,35.23415161,129.017621,2025-10-31,8217,21,부산광역시,부산BIS
BSB504350000,와석교차로(화명역),35.23461197,129.0156828,2025-10-31,8218,21,부산광역시,부산BIS
BSB504360000,와석교차로(화명역),35.23434646,129.0151216,2025-10-31,8219,21,부산광역시,부산BIS
BSB504370000,화명롯데마트(화명역),35.23490925,129.0129827,2025-10-31,8220,21,부산광역시,부산BIS
BSB211380304,부산조선,35.09948504,129.0581312,2025-10-31,4184,21,부산광역시,부산BIS
BSB211390101,(주)거청,35.09393843,129.0676722,2025-10-31,4179,21,부산광역시,부산BIS
BSB211390102,대선조선,35.09696172,129.0614421,2025-10-31,4181,21,부산광역시,부산BIS
BSB211390103,청학수변공원,35.09781564,129.0598172,2025-10-31,4183,21,부산광역시,부산BIS
BSB211390104,부산조선,35.09909747,129.05804,2025-10-31,4185,21,부산광역시,부산BIS
BSB211390301,SK부산저유소,35.09797048,129.0556113,2025-10-31,4064,21,부산광역시,부산BIS
BSB211390302,HJ중공업,35.09609569,129.0535976,2025-10-31,4061,21,부산광역시,부산BIS
BSB211390303,HJ중공업,35.09566466,129.0529105,2025-10-31,4195,21,부산광역시,부산BIS
BSB211410301,민락어민활어직판장,35.15530723,129.1285734,2025-10-31,,21,부산광역시,부산BIS
BSB211460301,광안역,35.15925582,129.1132837,2025-10-31,14059,21,부산광역시,부산BIS
BSB211480201,대평화장품,35.09143729,129.0342408,2025-10-31,,21,부산광역시,부산BIS
BSB211500101,대교사거리,35.09146252,129.0394619,2025-10-31,4017,21,부산광역시,부산BIS
BSB211500301,남항동,35.09023103,129.0384393,2025-10-31,4016,21,부산광역시,부산BIS
BSB211500302,제일은행,35.09058459,129.0386418,2025-10-31,,21,부산광역시,부산BIS
BSB211520201,영선아파트,35.07802196,129.0458656,2025-10-31,4138,21,부산광역시,부산BIS
BSB211520301,흰여울문화마을,35.07962098,129.04458,2025-10-31,4034,21,부산광역시,부산BIS
BSB211550101,남항초등학교,35.08380079,129.0431986,2025-10-31,,21,부산광역시,부산BIS
BSB211620201,대동대교맨션,35.09080375,129.0350828,2025-10-31,,21,부산광역시,부산BIS
BSB211620202,토토볼링장,35.09009957,129.0365417,2025-10-31,,21,부산광역시,부산BIS
BSB211620401,대평화장품,35.09155851,129.0345317,2025-10-31,,21,부산광역시,부산BIS
BSB211650301,진주슈퍼,35.09192436,129.034011,2025-10-31,,21,부산광역시,부산BIS
BSB211700101,용원,35.09640239,128.8198831,2025-10-31,,21,부산광역시,부산BIS
BSB211710101,용원,35.09681107,128.8204892,2025-10-31,92049,21,부산광역시,부산BIS
BSB211720101,옥포,35.11594654,128.8425395,2025-10-31,92202,21,부산광역시,부산BIS
BSB211730101,옥포마을,35.11630135,128.8450501,2025-10-31,12324,21,부산광역시,부산BIS
BSB211730301,옥포마을입구,35.11612998,128.8441125,2025-10-31,92201,21,부산광역시,부산BIS
BSB211740101,에스피엘,35.15060319,128.8249902,2025-10-31,12489,21,부산광역시,부산BIS
BSB211750101,렛츠런파크입구,35.15252727,128.8821583,2025-10-31,12149,21,부산광역시,부산BIS
BSB211750102,렛츠런파크입구,35.15210434,128.8816935,2025-10-31,92366,21,부산광역시,부산BIS
BSB211750201,렛츠런파크입구,35.15201353,128.8809949,2025-10-31,12150,21,부산광역시,부산BIS
BSB211770301,불암역,35.22221655,128.928046,2025-10-31,,21,부산광역시,부산BIS
BSB211790101,설만마을회관,35.17464767,128.9280406,2025-10-31,92092,21,부산광역시,부산BIS
BSB211790102,동신에프에이,35.1751865,128.9242633,2025-10-31,,21,부산광역시,부산BIS
BSB211790103,신진화이너스,35.17493669,128.925805,2025-10-31,,21,부산광역시,부산BIS
BSB211790401,정관도새집,35.1680889,128.9268616,2025-10-31,,21,부산광역시,부산BIS
BSB211800301,공항상회,35.20251262,128.9410826,2025-10-31,92338,21,부산광역시,부산BIS
BSB211800302,평강사리마을입구,35.20568774,128.9425065,2025-10-31,92337,21,부산광역시,부산BIS
BSB211800303,칠점입구,35.198665,128.9398368,2025-10-31,,21,부산광역시,부산BIS
BSB211800304,평강사리,35.20432763,128.9418847,2025-10-31,,21,부산광역시,부산BIS
BSB211810101,대저1동사무소,35.213725,128.980973,2025-10-31,92316,21,부산광역시,부산BIS
BSB211810201,강서구청,35.21292006,128.9815956,2025-10-31,12021,21,부산광역시,부산BIS
BSB211810301,대저119안전센터,35.21461085,128.9774674,2025-10-31,12003,21,부산광역시,부산BIS
BSB211810302,대저119안전센터,35.21467256,128.9757724,2025-10-31,92079,21,부산광역시,부산BIS
BSB211810303,대저119안전센터,35.21459072,128.9775837,2025-10-31,,21,부산광역시,부산BIS
BSB211820101,대저1동사무소,35.21536556,128.9811024,2025-10-31,92317,21,부산광역시,부산BIS
BSB211820201,대저1동사무소,35.213827,128.980399,2025-10-31,92314,21,부산광역시,부산BIS
BSB211820301,강서등기소,35.21544135,128.97957,2025-10-31,,21,부산광역시,부산BIS
BSB211830101,영도배수지,35.09054821,129.0481152,2025-10-31,4046,21,부산광역시,부산BIS
BSB211830102,삼거리이용원,35.09158987,129.0490503,2025-10-31,4043,21,부산광역시,부산BIS
BSB211830201,영도배수지입구,35.09021371,129.0479362,2025-10-31,,21,부산광역시,부산BIS
BSB211850401,부산항만공사,35.10071924,129.037958,2025-10-31,1053,21,부산광역시,부산BIS
BSB211880301,양지공원,35.15383646,129.0047682,2025-10-31,,21,부산광역시,부산BIS
BSB211920101,모덕초등학교,35.18268262,128.9908454,2025-10-31,,21,부산광역시,부산BIS
BSB211920102,자유아파트,35.17999226,128.9900985,2025-10-31,,21,부산광역시,부산BIS
BSB211920401,사상도서관,35.17841777,128.9892151,2025-10-31,,21,부산광역시,부산BIS
BSB211940401,모라화인아파트,35.19031363,128.9934824,2025-10-31,,21,부산광역시,부산BIS
BSB211950301,협성아파트,35.19242823,128.9933721,2025-10-31,,21,부산광역시,부산BIS
BSB211960201,모라벽산아파트,35.1905534,128.9951175,2025-10-31,,21,부산광역시,부산BIS
BSB211970101,구포현대아파트,35.19468918,128.9939049,2025-10-31,8083,21,부산광역시,부산BIS
BSB211970102,구포현대아파트,35.19456137,128.9938397,2025-10-31,95016,21,부산광역시,부산BIS
BSB211970301,모라119안전센터,35.191746,128.9920762,2025-10-31,15005,21,부산광역시,부산BIS
BSB211970302,모라119안전센터,35.19199067,128.9922053,2025-10-31,95002,21,부산광역시,부산BIS
BSB211980201,삼정그린코아아파트,35.18922376,128.9926187,2025-10-31,,21,부산광역시,부산BIS
BSB211980301,모라농협,35.18757207,128.9906135,2025-10-31,15018,21,부산광역시,부산BIS
BSB211980302,모라우성아파트,35.18938244,128.9911652,2025-10-31,15016,21,부산광역시,부산BIS
BSB211980303,농협,35.18765514,128.9906156,2025-10-31,95004,21,부산광역시,부산BIS
BSB211980304,모라우성아파트,35.18925477,128.991133,2025-10-31,95003,21,부산광역시,부산BIS
BSB212020101,만덕동일아파트,35.21551867,129.0272129,2025-10-31,,21,부산광역시,부산BIS
BSB212020102,옥천사입구,35.21572065,129.0261333,2025-10-31,,21,부산광역시,부산BIS
BSB212040101,구룡사,35.21589489,129.0049811,2025-10-31,8063,21,부산광역시,부산BIS
BSB212040102,북구문화빙상센터,35.21432602,129.0045552,2025-10-31,8085,21,부산광역시,부산BIS
BSB212040103,수정강변타운후문,35.21980924,129.0075774,2025-10-31,8059,21,부산광역시,부산BIS
BSB212040104,구룡사,35.2162123,129.0050728,2025-10-31,,21,부산광역시,부산BIS
BSB212040105,수정강변타운후문,35.21948334,129.0072433,2025-10-31,,21,부산광역시,부산BIS
BSB212040301,덕천교차로,35.21197612,129.0044102,2025-10-31,8065,21,부산광역시,부산BIS
BSB212040302,덕천교차로,35.21183976,129.0044632,2025-10-31,,21,부산광역시,부산BIS
BSB212050101,서생농협,35.34813499,129.3233038,2025-10-31,,21,부산광역시,부산BIS
BSB212060101,신암,35.34705348,129.3205014,2025-10-31,,21,부산광역시,부산BIS
BSB212070101,신리마을,35.34338213,129.3194677,2025-10-31,,21,부산광역시,부산BIS
BSB212070102,원자력후문,35.34255053,129.3182778,2025-10-31,,21,부산광역시,부산BIS
BSB212070103,해수탕,35.34626854,129.3212693,2025-10-31,,21,부산광역시,부산BIS
BSB212080101,신리삼거리,35.34583684,129.3127571,2025-10-31,,21,부산광역시,부산BIS
BSB212080102,신리입구,35.34396949,129.3081301,2025-10-31,,21,부산광역시,부산BIS
BSB212090201,봉수대입구,35.33515552,129.2923677,2025-10-31,,21,부산광역시,부산BIS
BSB212100301,신리삼거리,35.34567347,129.3128184,2025-10-31,,21,부산광역시,부산BIS
BSB212100302,신리입구,35.34370151,129.307733,2025-10-31,,21,부산광역시,부산BIS
BSB212120101,센텀피오레1차,35.1924498,129.1160045,2025-10-31,,21,부산광역시,부산BIS
BSB212130102,동해선재송역,35.18842,129.1205766,2025-10-31,,21,부산광역시,부산BIS
BSB212130103,동해선재송역,35.18941302,129.1204741,2025-10-31,9704,21,부산광역시,부산BIS
BSB212130301,동해선재송역,35.1892145,129.1208238,2025-10-31,,21,부산광역시,부산BIS
BSB212140101,센텀리슈빌아파트,35.19072131,129.1171203,2025-10-31,,21,부산광역시,부산BIS
BSB212140102,센텀E편한세상,35.1897994,129.1175649,2025-10-31,,21,부산광역시,부산BIS
BSB212140103,송수초교,35.19015839,129.1193606,2025-10-31,,21,부산광역시,부산BIS
BSB212150101,삼한아파트,35.21452927,129.098503,2025-10-31,,21,부산광역시,부산BIS
BSB212150102,성지아파트,35.21323818,129.0998659,2025-10-31,,21,부산광역시,부산BIS
BSB212220101,한신아파트,35.24933422,129.2139882,2025-10-31,16556,21,부산광역시,부산BIS
BSB504380000,화명롯데마트(화명역),35.23459937,129.0129202,2025-10-31,8221,21,부산광역시,부산BIS
BSB504390000,경부선화명역.고용복지센터,35.2352623,129.0099051,2025-10-31,8222,21,부산광역시,부산BIS
BSB504400000,경부선화명역.고용복지센터,35.23492058,129.0101328,2025-10-31,8223,21,부산광역시,부산BIS
BSB504410000,남명아파트,35.1704166,128.9886594,2025-10-31,,21,부산광역시,부산BIS
BSB504420000,아세안 문화원,35.17540714,129.1819581,2025-10-31,,21,부산광역시,부산BIS
BSB504430000,다대포항역,35.05737539,128.9709347,2025-10-31,,21,부산광역시,부산BIS
BSB504440000,신현마을 입구,35.25838402,129.1028046,2025-10-31,,21,부산광역시,부산BIS
BSB504450000,명지더웨스턴,35.09645437,128.9139274,2025-10-31,12509,21,부산광역시,부산BIS
BSB504460000,동평사거리,35.16536505,129.0367899,2025-10-31,5361,21,부산광역시,부산BIS
BSB504470000,안평차량기지,35.24225682,129.1762486,2025-10-31,16364,21,부산광역시,부산BIS
BSB504480000,삼육부산병원후문,35.11276895,129.0108532,2025-10-31,2193,21,부산광역시,부산BIS
BSB504490000,운수사입구,35.18586412,129.0037232,2025-10-31,15288,21,부산광역시,부산BIS
BSB504500000,신동아헤어스케치앞,35.11320679,128.9646592,2025-10-31,,21,부산광역시,부산BIS
BSB504510000,신호부영3차.5차아파트,35.08341657,128.8754207,2025-10-31,,21,부산광역시,부산BIS
BSB504520000,신호부영3차.5차아파트,35.0832387,128.8758497,2025-10-31,,21,부산광역시,부산BIS
BSB504530000,개금현대아이아파트,35.14758506,129.0198369,2025-10-31,,21,부산광역시,부산BIS
BSB504540000,백병원입구,35.14826987,129.0201117,2025-10-31,,21,부산광역시,부산BIS
BSB504550000,스위트팰리스,35.10961377,128.919502,2025-10-31,12512,21,부산광역시,부산BIS
BSB504560000,스위트팰리스,35.10957176,128.919024,2025-10-31,12513,21,부산광역시,부산BIS
BSB504570000,문화아파트,35.1153451,129.0163482,2025-10-31,2194,21,부산광역시,부산BIS
BSB504580000,장림항(부네치아),35.08015443,128.9572172,2025-10-31,,21,부산광역시,부산BIS
BSB504590000,장림항(부네치아),35.08017448,128.9573711,2025-10-31,,21,부산광역시,부산BIS
BSB504600000,사직중학교,35.19940937,129.0539514,2025-10-31,6254,21,부산광역시,부산BIS
BSB504610000,초읍고개,35.18547513,129.054089,2025-10-31,13183,21,부산광역시,부산BIS
BSB504620000,송정초등학교,35.08584449,128.875183,2025-10-31,12516,21,부산광역시,부산BIS
BSB504630000,송정초등학교,35.08553412,128.8754391,2025-10-31,12517,21,부산광역시,부산BIS
BSB504640000,중앙공원.민주공원입구,35.11356783,129.0296898,2025-10-31,1115,21,부산광역시,부산BIS
BSB504650000,이원솔루텍,35.14820529,128.8308589,2025-10-31,,21,부산광역시,부산BIS
BSB504660000,지사문화회관,35.15077973,128.8313555,2025-10-31,,21,부산광역시,부산BIS
BSB504670000,눌원빌딩,35.13684331,129.0652516,2025-10-31,3186,21,부산광역시,부산BIS
BSB504680000,봉래1동행정복지센터,35.09373914,129.0438028,2025-10-31,4207,21,부산광역시,부산BIS
BSB504690000,평전교,35.32716297,129.173113,2025-10-31,16367,21,부산광역시,부산BIS
BSB504700000,평전교,35.32735596,129.1729038,2025-10-31,16366,21,부산광역시,부산BIS
BSB504710000,석포여자중학교,35.12417318,129.0951552,2025-10-31,,21,부산광역시,부산BIS
BSB504720000,석포여자중학교,35.12406739,129.0952786,2025-10-31,,21,부산광역시,부산BIS
BSB504730000,유엔평화기념관.일제강제동원역사관,35.12532107,129.0936545,2025-10-31,,21,부산광역시,부산BIS
BSB504740000,코오롱하늘채아파트,35.12440742,129.0943769,2025-10-31,,21,부산광역시,부산BIS
BSB504750000,코오롱하늘채아파트,35.12442117,129.0946241,2025-10-31,,21,부산광역시,부산BIS
BSB504760000,금정구테니스장입구,35.2802667,129.1078073,2025-10-31,,21,부산광역시,부산BIS
BSB504770000,금정구테니스장입구,35.28028912,129.1075552,2025-10-31,,21,부산광역시,부산BIS
BSB504780000,명지더힐시그니처아파트,35.09304706,128.9142617,2025-10-31,,21,부산광역시,부산BIS
BSB504790000,명지더힐시그니처아파트,35.09266523,128.914187,2025-10-31,,21,부산광역시,부산BIS
BSB504800000,숲속유치원 앞,35.22001363,129.0983741,2025-10-31,,21,부산광역시,부산BIS
BSB504810000,숲속유치원 앞,35.22016099,129.0981912,2025-10-31,,21,부산광역시,부산BIS
BSB504820000,자원순환협력센터,35.13342209,128.8819561,2025-10-31,,21,부산광역시,부산BIS
BSB504830000,자원순환협력센터,35.13352321,128.8818268,2025-10-31,,21,부산광역시,부산BIS
BSB504840000,지사문화회관,35.15060381,128.831368,2025-10-31,,21,부산광역시,부산BIS
BSB504850000,샘골공원,35.26033809,129.0878004,2025-10-31,,21,부산광역시,부산BIS
BSB504860000,산성터널영업소,35.23961056,129.0242204,2025-10-31,,21,부산광역시,부산BIS
BSB504870000,솔빛공원,35.34190859,129.1618449,2025-10-31,16368,21,부산광역시,부산BIS
BSB504880000,솔빛공원,35.34198865,129.162155,2025-10-31,16369,21,부산광역시,부산BIS
BSB504890000,대연파크푸르지오,35.12544947,129.0893306,2025-10-31,7230,21,부산광역시,부산BIS
BSB504900000,대연파크푸르지오,35.12559363,129.0890711,2025-10-31,7229,21,부산광역시,부산BIS
BSB504910000,내성중학교,35.20392302,129.0777802,2025-10-31,,21,부산광역시,부산BIS
BSB504920000,금강펜터리움1차,35.09982265,128.9180442,2025-10-31,12520,21,부산광역시,부산BIS
BSB504930000,금강펜터리움1차,35.10050939,128.9176436,2025-10-31,12519,21,부산광역시,부산BIS
BSB504940000,더힐시그니처,35.09610419,128.913911,2025-10-31,12518,21,부산광역시,부산BIS
BSB504950000,상당중학교,35.17873118,129.1770174,2025-10-31,9378,21,부산광역시,부산BIS
BSB504960000,명륜교차로,35.20685711,129.0819229,2025-10-31,6255,21,부산광역시,부산BIS
BSB504970000,명륜교차로,35.20668172,129.0821655,2025-10-31,6256,21,부산광역시,부산BIS
BSB504980000,운촌,35.16003996,129.1511218,2025-10-31,9728,21,부산광역시,부산BIS
BSB504990000,운촌,35.1602888,129.1518252,2025-10-31,9727,21,부산광역시,부산BIS
BSB505000000,장림1동행정복지센터,35.08274268,128.9660688,2025-10-31,10290,21,부산광역시,부산BIS
BSB505010000,해운대구청어귀삼거리,35.16525471,129.1616569,2025-10-31,9731,21,부산광역시,부산BIS
BSB505020000,해운대도시철도역,35.16357836,129.1586386,2025-10-31,9729,21,부산광역시,부산BIS
BSB505030000,해운대도시철도역,35.16332566,129.158407,2025-10-31,9730,21,부산광역시,부산BIS
BSB505040000,동양라이트,35.12502605,128.9082585,2025-10-31,,21,부산광역시,부산BIS
BSB505050000,동양라이트,35.1249838,128.9086524,2025-10-31,,21,부산광역시,부산BIS
BSB505060000,명장농협,35.20279364,129.0998796,2025-10-31,6258,21,부산광역시,부산BIS
BSB505070000,명장농협,35.20297712,129.0996922,2025-10-31,6257,21,부산광역시,부산BIS
BSB505080000,수정성당입구,35.13265149,129.0462176,2025-10-31,3187,21,부산광역시,부산BIS
BSB505090000,KCC글라스,35.19885773,128.9012781,2025-10-31,,21,부산광역시,부산BIS
BSB505100000,KCC글라스,35.19881893,128.9014528,2025-10-31,,21,부산광역시,부산BIS
BSB505110000,농심부산공장,35.18627288,128.982726,2025-10-31,,21,부산광역시,부산BIS
BSB505120000,모라역,35.18783756,128.988296,2025-10-31,,21,부산광역시,부산BIS
BSB505130000,보성정비,35.1884709,128.9833283,2025-10-31,,21,부산광역시,부산BIS
BSB505140000,부산벤처타워,35.19098762,128.9842786,2025-10-31,,21,부산광역시,부산BIS
BSB505150000,부산조리고등학교,35.18375059,128.9821159,2025-10-31,,21,부산광역시,부산BIS
BSB505160000,금릉슈퍼,35.1270882,129.0760618,2025-10-31,,21,부산광역시,부산BIS
BSB505170000,성지교회,35.12552469,129.0768503,2025-10-31,,21,부산광역시,부산BIS
BSB505190000,우암초등학교,35.1248003,129.0773145,2025-10-31,,21,부산광역시,부산BIS
BSB505200000,포부대,35.12977025,129.075735,2025-10-31,,21,부산광역시,부산BIS
BSB505210000,대룡마을,35.37083124,129.2623171,2025-10-31,16370,21,부산광역시,부산BIS
BSB505220000,도야마을,35.37617951,129.2606181,2025-10-31,,21,부산광역시,부산BIS
BSB505230000,무곡마을,35.22666398,129.2121714,2025-10-31,16371,21,부산광역시,부산BIS
BSB505240000,무곡마을,35.22677177,129.2119437,2025-10-31,16372,21,부산광역시,부산BIS
BSB505250000,달음교,35.31921659,129.1973191,2025-10-31,16376,21,부산광역시,부산BIS
BSB505260000,달음교,35.31926684,129.1975294,2025-10-31,16373,21,부산광역시,부산BIS
BSB505270000,두산위브더테라스.재흥아파트,35.32174466,129.1967993,2025-10-31,16375,21,부산광역시,부산BIS
BSB505280000,두산위브더테라스.재흥아파트,35.32174556,129.1969973,2025-10-31,16374,21,부산광역시,부산BIS
BSB505290000,배좌골,35.27385519,129.1326401,2025-10-31,,21,부산광역시,부산BIS
BSB505300000,배좌골,35.27378923,129.1328032,2025-10-31,,21,부산광역시,부산BIS
BSB505310000,부산치유의 숲,35.27008384,129.1293217,2025-10-31,,21,부산광역시,부산BIS
BSB212220201,한신아파트,35.24929528,129.213654,2025-10-31,16521,21,부산광역시,부산BIS
BSB212240101,기장교리아파트,35.25319367,129.2143737,2025-10-31,16558,21,부산광역시,부산BIS
BSB212240102,교리초등학교,35.25392725,129.2155761,2025-10-31,16563,21,부산광역시,부산BIS
BSB212260101,만화리,35.25633912,129.1995424,2025-10-31,,21,부산광역시,부산BIS
BSB212260102,만화리입구,35.25326946,129.2040702,2025-10-31,,21,부산광역시,부산BIS
BSB212290101,부산장안고등학교,35.32013801,129.2375023,2025-10-31,,21,부산광역시,부산BIS
BSB212290301,내덕입구,35.32224192,129.2322875,2025-10-31,16019,21,부산광역시,부산BIS
BSB212290303,부산프리미엄아울렛,35.32199864,129.2346834,2025-10-31,16290,21,부산광역시,부산BIS
BSB212290304,부산프리미엄아울렛,35.3220229,129.2345906,2025-10-31,,21,부산광역시,부산BIS
BSB212340101,좌천삼거리,35.31285987,129.2436855,2025-10-31,16101,21,부산광역시,부산BIS
BSB212340102,좌천삼거리,35.31277903,129.2436972,2025-10-31,,21,부산광역시,부산BIS
BSB212340301,좌동리교차로,35.31775681,129.2423107,2025-10-31,16285,21,부산광역시,부산BIS
BSB212400101,평전마을,35.32829072,129.1738921,2025-10-31,16039,21,부산광역시,부산BIS
BSB212400102,산막입구,35.33056023,129.1716901,2025-10-31,16140,21,부산광역시,부산BIS
BSB212400103,신동아파밀리에후문,35.32660386,129.1766596,2025-10-31,16038,21,부산광역시,부산BIS
BSB212400104,정관읍사무소.기장소방서,35.32517571,129.1797252,2025-10-31,16172,21,부산광역시,부산BIS
BSB212400105,산막입구,35.33050838,129.1717346,2025-10-31,,21,부산광역시,부산BIS
BSB212400106,평전마을,35.32822477,129.1739496,2025-10-31,,21,부산광역시,부산BIS
BSB212490201,선동상현마을,35.2664357,129.1124835,2025-10-31,,21,부산광역시,부산BIS
BSB212490202,회동수원지입구,35.26405638,129.1064479,2025-10-31,,21,부산광역시,부산BIS
BSB212490203,상현마을입구,35.26650586,129.111192,2025-10-31,,21,부산광역시,부산BIS
BSB212500301,우리은행,35.22364523,129.0898486,2025-10-31,,21,부산광역시,부산BIS
BSB212530101,동일고무벨트,35.22289439,129.1146938,2025-10-31,11154,21,부산광역시,부산BIS
BSB212530102,부산예원고등학교,35.22490353,129.1166785,2025-10-31,11155,21,부산광역시,부산BIS
BSB212530103,욱성화학(주),35.22660116,129.1189274,2025-10-31,11158,21,부산광역시,부산BIS
BSB212540101,부산대법학관,35.23626663,129.0790294,2025-10-31,,21,부산광역시,부산BIS
BSB212540201,부산대법학관,35.23617376,129.0786493,2025-10-31,,21,부산광역시,부산BIS
BSB212540202,부산대화학관,35.23451566,129.0781237,2025-10-31,,21,부산광역시,부산BIS
BSB212550101,부산대미술관,35.23260649,129.0761631,2025-10-31,,21,부산광역시,부산BIS
BSB212550102,부산대음악관,35.23325868,129.0762795,2025-10-31,,21,부산광역시,부산BIS
BSB212560101,부산대미술관,35.23274384,129.0763487,2025-10-31,,21,부산광역시,부산BIS
BSB212560102,부산대음악관,35.23339087,129.0764531,2025-10-31,,21,부산광역시,부산BIS
BSB212560201,부산대예술관,35.23212966,129.0773145,2025-10-31,,21,부산광역시,부산BIS
BSB212580101,유림아파트112동,35.17929828,129.0645033,2025-10-31,,21,부산광역시,부산BIS
BSB212590101,경인문구,35.17263588,129.0961974,2025-10-31,,21,부산광역시,부산BIS
BSB212590201,경인문구,35.17231288,129.095829,2025-10-31,,21,부산광역시,부산BIS
BSB212590202,섬강빌라,35.1718037,129.0963433,2025-10-31,,21,부산광역시,부산BIS
BSB212600101,뉴서울아파트,35.12389284,129.0804447,2025-10-31,,21,부산광역시,부산BIS
BSB212600102,우암자유아파트,35.12548039,129.0815886,2025-10-31,,21,부산광역시,부산BIS
BSB212600201,우암자유아파트,35.12339088,129.0799481,2025-10-31,7083,21,부산광역시,부산BIS
BSB212600202,우암자유3차아파트,35.12352157,129.0798579,2025-10-31,,21,부산광역시,부산BIS
BSB212610101,배산역,35.17336717,129.095794,2025-10-31,13091,21,부산광역시,부산BIS
BSB212610102,배산역.연제만화도서관,35.17327472,129.0964704,2025-10-31,,21,부산광역시,부산BIS
BSB212610201,배산역,35.17332645,129.0954337,2025-10-31,,21,부산광역시,부산BIS
BSB212620101,성지고등학교,35.12707136,129.0813206,2025-10-31,7211,21,부산광역시,부산BIS
BSB212620102,대연푸르지오클라센트·동림리라,35.12836346,129.0851944,2025-10-31,7212,21,부산광역시,부산BIS
BSB212620103,부산공고,35.12977467,129.0885485,2025-10-31,7213,21,부산광역시,부산BIS
BSB212620104,부산공업고등학교후문건널목,35.12897415,129.0868257,2025-10-31,,21,부산광역시,부산BIS
BSB212620105,부산공업고등학교후문,35.12981573,129.0886289,2025-10-31,,21,부산광역시,부산BIS
BSB212620106,성지고등학교,35.12721977,129.0817118,2025-10-31,,21,부산광역시,부산BIS
BSB212620107,대승아파트,35.12770961,129.0832275,2025-10-31,,21,부산광역시,부산BIS
BSB212620108,대연푸르지오클라센트·동림리라,35.1283254,129.0850114,2025-10-31,,21,부산광역시,부산BIS
BSB212620201,우암자유아파트,35.12612176,129.0818743,2025-10-31,,21,부산광역시,부산BIS
BSB212620202,뉴서울아파트,35.12430164,129.0805225,2025-10-31,,21,부산광역시,부산BIS
BSB212620301,우암뉴서울아파트,35.12516471,129.0791351,2025-10-31,7074,21,부산광역시,부산BIS
BSB212620302,일신보라아파트,35.12606644,129.0795493,2025-10-31,,21,부산광역시,부산BIS
BSB212620303,뉴서울아파트,35.12504021,129.0790893,2025-10-31,,21,부산광역시,부산BIS
BSB212650101,부산국제수산물도매시장,35.06002442,129.0115725,2025-10-31,2185,21,부산광역시,부산BIS
BSB212650201,수산가공선진화단지입구,35.05705224,129.0122832,2025-10-31,2182,21,부산광역시,부산BIS
BSB212660201,마산,35.24009177,128.9696076,2025-10-31,,21,부산광역시,부산BIS
BSB212660202,시례마을,35.2490512,128.9597447,2025-10-31,,21,부산광역시,부산BIS
BSB212660203,시례,35.24516341,128.9613778,2025-10-31,,21,부산광역시,부산BIS
BSB212660204,장시마을,35.23867615,128.9628487,2025-10-31,,21,부산광역시,부산BIS
BSB212670201,수안,35.22934362,128.936837,2025-10-31,,21,부산광역시,부산BIS
BSB212680101,마산,35.24023902,128.9696272,2025-10-31,,21,부산광역시,부산BIS
BSB212680102,시례마을,35.24911867,128.9594867,2025-10-31,,21,부산광역시,부산BIS
BSB212680103,시례,35.24511552,128.9611573,2025-10-31,,21,부산광역시,부산BIS
BSB212680104,장시마을,35.23855848,128.9627158,2025-10-31,,21,부산광역시,부산BIS
BSB212690101,신동아파밀리에정문,35.32547811,129.177235,2025-10-31,16222,21,부산광역시,부산BIS
BSB212690102,신동아파밀리에정문,35.32541804,129.1771895,2025-10-31,,21,부산광역시,부산BIS
BSB212690302,정관읍사무소.기장소방서,35.32513209,129.1798043,2025-10-31,,21,부산광역시,부산BIS
BSB212690401,가동마을,35.33110989,129.1798659,2025-10-31,16282,21,부산광역시,부산BIS
BSB212690402,정관양우내안에,35.32843973,129.1789007,2025-10-31,16346,21,부산광역시,부산BIS
BSB212700202,중앙중학교,35.32191722,129.1844292,2025-10-31,,21,부산광역시,부산BIS
BSB212700302,덕산마을,35.32281143,129.1833153,2025-10-31,,21,부산광역시,부산BIS
BSB212700701,소두방공원,35.32363337,129.1853276,2025-10-31,16254,21,부산광역시,부산BIS
BSB212710101,LH4단지,35.32106433,129.1914705,2025-10-31,16301,21,부산광역시,부산BIS
BSB212710301,동원로얄듀크1차아파트,35.31866513,129.19184,2025-10-31,16302,21,부산광역시,부산BIS
BSB212710302,정관산단입구,35.31704711,129.1849029,2025-10-31,16304,21,부산광역시,부산BIS
BSB212720101,LH4단지,35.32102968,129.1911452,2025-10-31,16310,21,부산광역시,부산BIS
BSB212720202,달산마을,35.32136042,129.1896107,2025-10-31,,21,부산광역시,부산BIS
BSB212720401,달산마을,35.3221084,129.191166,2025-10-31,16351,21,부산광역시,부산BIS
BSB212720402,옛터어린이공원입구,35.32402428,129.190613,2025-10-31,16353,21,부산광역시,부산BIS
BSB212730102,달산마을,35.32110002,129.1898165,2025-10-31,,21,부산광역시,부산BIS
BSB212740201,정관산업단지,35.31587167,129.18546,2025-10-31,16217,21,부산광역시,부산BIS
BSB212740202,청소년수련관입구,35.316425,129.18932,2025-10-31,16215,21,부산광역시,부산BIS
BSB212750101,정관산업단지,35.31580833,129.18528,2025-10-31,16218,21,부산광역시,부산BIS
BSB212750102,청소년수련관입구,35.31638667,129.18911,2025-10-31,16216,21,부산광역시,부산BIS
BSB212760201,정관산업단지,35.31737073,129.1846045,2025-10-31,16242,21,부산광역시,부산BIS
BSB212760401,동원로얄듀크1차아파트,35.31852816,129.1921881,2025-10-31,16303,21,부산광역시,부산BIS
BSB212760402,정관산단입구,35.3167533,129.1849555,2025-10-31,16305,21,부산광역시,부산BIS
BSB212770101,신동아파밀리에정문,35.32535298,129.1775328,2025-10-31,16221,21,부산광역시,부산BIS
BSB212770102,신동아파밀리에정문,35.3252908,129.1774995,2025-10-31,,21,부산광역시,부산BIS
BSB212780101,정관홈플러스,35.32295837,129.1758855,2025-10-31,16251,21,부산광역시,부산BIS
BSB212780201,정관홈플러스,35.32327025,129.1757312,2025-10-31,16250,21,부산광역시,부산BIS
BSB212780202,정관홈플러스,35.32319255,129.175673,2025-10-31,,21,부산광역시,부산BIS
BSB505320000,부산항국제선용품유통센터,35.08852066,129.035817,2025-10-31,,21,부산광역시,부산BIS
BSB505330000,부산항국제선용품유통센터,35.08770351,129.0356432,2025-10-31,,21,부산광역시,부산BIS
BSB505340000,엑스스포츠광장입구,35.08601599,129.0349763,2025-10-31,,21,부산광역시,부산BIS
BSB505350000,엑스스포츠광장입구,35.08582673,129.0349771,2025-10-31,,21,부산광역시,부산BIS
BSB505360000,영도해수랜드,35.08421743,129.038237,2025-10-31,,21,부산광역시,부산BIS
BSB505370000,영도해수랜드,35.08441193,129.0381926,2025-10-31,,21,부산광역시,부산BIS
BSB505380000,영선동반도보라아파트,35.0837553,129.0394589,2025-10-31,,21,부산광역시,부산BIS
BSB505390000,종합해사,35.08546794,129.0364866,2025-10-31,,21,부산광역시,부산BIS
BSB505400000,종합해사,35.08514172,129.0368622,2025-10-31,,21,부산광역시,부산BIS
BSB505410000,해피타운,35.11354488,129.0870087,2025-10-31,,21,부산광역시,부산BIS
BSB505420000,해피타운,35.11367988,129.0872808,2025-10-31,,21,부산광역시,부산BIS
BSB505430000,대연고개,35.13426532,129.0803313,2025-10-31,7058,21,부산광역시,부산BIS
BSB505450000,죽향공원,35.33276783,129.1698597,2025-10-31,16378,21,부산광역시,부산BIS
BSB505460000,죽향공원,35.33282055,129.1701855,2025-10-31,16377,21,부산광역시,부산BIS
BSB505470000,구서2치안센터,35.25812634,129.0859392,2025-10-31,,21,부산광역시,부산BIS
BSB505480000,금련산역,35.14991384,129.1111764,2025-10-31,,21,부산광역시,부산BIS
BSB505490000,금명여고,35.24425838,129.0239624,2025-10-31,,21,부산광역시,부산BIS
BSB505500000,선경3차아파트312동,35.262221,129.0841708,2025-10-31,,21,부산광역시,부산BIS
BSB505510000,선경3차입구,35.25908797,129.084,2025-10-31,,21,부산광역시,부산BIS
BSB505520000,선경3차입구,35.25876968,129.0841676,2025-10-31,,21,부산광역시,부산BIS
BSB505530000,선경3차정문,35.25853876,129.0850159,2025-10-31,,21,부산광역시,부산BIS
BSB505540000,약수터선경3차후문,35.26104453,129.0844593,2025-10-31,,21,부산광역시,부산BIS
BSB505550000,약수터선경3차후문,35.26120201,129.0842107,2025-10-31,,21,부산광역시,부산BIS
BSB505560000,연화사입구,35.0993518,129.0011044,2025-10-31,,21,부산광역시,부산BIS
BSB505570000,우성아파트10동,35.25595357,129.0846915,2025-10-31,,21,부산광역시,부산BIS
BSB505580000,우성아파트12동,35.25688304,129.0846164,2025-10-31,,21,부산광역시,부산BIS
BSB505590000,주포마을,35.11648173,128.8358438,2025-10-31,,21,부산광역시,부산BIS
BSB505600000,르노자동차남문,35.08797935,128.8817884,2025-10-31,12522,21,부산광역시,부산BIS
BSB505610000,르노자동차남문,35.08841968,128.8821604,2025-10-31,12525,21,부산광역시,부산BIS
BSB505620000,신호119안전센터,35.08555471,128.8806528,2025-10-31,,21,부산광역시,부산BIS
BSB505630000,신호119안전센터,35.08578138,128.8805648,2025-10-31,,21,부산광역시,부산BIS
BSB505640000,두호해녀복지회관,35.24205022,129.2467001,2025-10-31,,21,부산광역시,부산BIS
BSB505650000,망지끝,35.23923189,129.2463422,2025-10-31,,21,부산광역시,부산BIS
BSB505660000,반송1동주민센터,35.22526493,129.1478156,2025-10-31,,21,부산광역시,부산BIS
BSB505670000,성지공고,35.12732674,129.0811049,2025-10-31,,21,부산광역시,부산BIS
BSB505680000,성지공고,35.12727978,129.080915,2025-10-31,,21,부산광역시,부산BIS
BSB505690000,월전마을회관,35.2385003,129.2427909,2025-10-31,,21,부산광역시,부산BIS
BSB505700000,죽성드림세트장,35.24057191,129.2481806,2025-10-31,,21,부산광역시,부산BIS
BSB505710000,포부대,35.12994482,129.0763996,2025-10-31,,21,부산광역시,부산BIS
BSB505720000,당감입구교차로,35.16124967,129.0395596,2025-10-31,5363,21,부산광역시,부산BIS
BSB505730000,당감입구교차로,35.16157968,129.0392277,2025-10-31,5362,21,부산광역시,부산BIS
BSB505740000,교대역,35.19662561,129.0796335,2025-10-31,13701,21,부산광역시,부산BIS
BSB505750000,동해선교대역,35.19423007,129.0795449,2025-10-31,13713,21,부산광역시,부산BIS
BSB505760000,동해선교대역,35.19419234,129.0796428,2025-10-31,13703,21,부산광역시,부산BIS
BSB505770000,동해선교대역,35.19302011,129.0799477,2025-10-31,13702,21,부산광역시,부산BIS
BSB505780000,부산시청,35.17993786,129.0769142,2025-10-31,13708,21,부산광역시,부산BIS
BSB505790000,부산시청,35.17839517,129.0754371,2025-10-31,13709,21,부산광역시,부산BIS
BSB505800000,부전시장,35.16040312,129.0610848,2025-10-31,5709,21,부산광역시,부산BIS
BSB505810000,부전시장,35.15964719,129.0607584,2025-10-31,5708,21,부산광역시,부산BIS
BSB505820000,부전역,35.16304339,129.063209,2025-10-31,5707,21,부산광역시,부산BIS
BSB505830000,상수도사업본부,35.17443689,129.0725405,2025-10-31,5702,21,부산광역시,부산BIS
BSB505840000,상수도사업본부,35.17482394,129.0725668,2025-10-31,5701,21,부산광역시,부산BIS
BSB505850000,서면역.서면지하상가,35.15594596,129.0590191,2025-10-31,5711,21,부산광역시,부산BIS
BSB505860000,서면역.서면지하상가,35.155167,129.0592519,2025-10-31,5710,21,부산광역시,부산BIS
BSB505870000,서면한전,35.15241336,129.0592867,2025-10-31,5712,21,부산광역시,부산BIS
BSB505880000,서면한전,35.15321511,129.0590381,2025-10-31,5713,21,부산광역시,부산BIS
BSB505890000,송상현광장,35.16639336,129.065461,2025-10-31,5705,21,부산광역시,부산BIS
BSB505900000,송상현광장,35.1659273,129.065312,2025-10-31,5706,21,부산광역시,부산BIS
BSB505910000,양정역,35.17153877,129.0699592,2025-10-31,5703,21,부산광역시,부산BIS
BSB505920000,양정역,35.17108961,129.0698764,2025-10-31,5704,21,부산광역시,부산BIS
BSB505930000,연산역.연산교차로,35.18775037,129.0811416,2025-10-31,13705,21,부산광역시,부산BIS
BSB505940000,연산역.연산교차로,35.18738497,129.0814286,2025-10-31,13704,21,부산광역시,부산BIS
BSB505950000,연산역.연제초교,35.18441866,129.0802059,2025-10-31,13707,21,부산광역시,부산BIS
BSB505960000,연산역.연제초교,35.18393911,129.0800565,2025-10-31,13706,21,부산광역시,부산BIS
BSB505970000,교대역,35.1965573,129.0796756,2025-10-31,,21,부산광역시,부산BIS
BSB505980000,동해선교대역,35.19431066,129.0795744,2025-10-31,,21,부산광역시,부산BIS
BSB505990000,봉대산입구,35.24075647,129.2400549,2025-10-31,,21,부산광역시,부산BIS
BSB506000000,송상현광장,35.1664667,129.0655205,2025-10-31,,21,부산광역시,부산BIS
BSB506010000,송상현광장,35.16585388,129.0652581,2025-10-31,,21,부산광역시,부산BIS
BSB506020000,월전활어판매장,35.23844893,129.2444672,2025-10-31,,21,부산광역시,부산BIS
BSB506030000,정관매화꽃길,35.16521598,128.92894,2025-10-31,,21,부산광역시,부산BIS
BSB506040000,괴정역.괴정사거리,35.09972368,128.9923439,2025-10-31,10291,21,부산광역시,부산BIS
BSB506050000,남산119안전센터,35.26217768,129.0862704,2025-10-31,11286,21,부산광역시,부산BIS
BSB506060000,개포초교후문,35.15802575,129.026273,2025-10-31,,21,부산광역시,부산BIS
BSB506080000,농협하나로마트,35.10087185,128.8093866,2025-10-31,,21,부산광역시,부산BIS
BSB506090000,대평사거리,35.08987844,129.0367937,2025-10-31,,21,부산광역시,부산BIS
BSB506100000,동방물류센터,35.08535572,128.818533,2025-10-31,,21,부산광역시,부산BIS
BSB506110000,반짓골,35.09916037,128.8156596,2025-10-31,,21,부산광역시,부산BIS
BSB506120000,부영13단지,35.08959183,128.8185065,2025-10-31,,21,부산광역시,부산BIS
BSB506130000,부영13단지,35.08979678,128.8180615,2025-10-31,,21,부산광역시,부산BIS
BSB506140000,용당동갓골,35.12459,129.0978681,2025-10-31,,21,부산광역시,부산BIS
BSB506150000,용원,35.09721066,128.8206714,2025-10-31,,21,부산광역시,부산BIS
BSB506160000,용원2동행정복지센터,35.10160933,128.8146118,2025-10-31,,21,부산광역시,부산BIS
BSB506170000,용원고등학교,35.1007413,128.8190118,2025-10-31,,21,부산광역시,부산BIS
BSB506180000,용원어시장,35.09296442,128.8189706,2025-10-31,,21,부산광역시,부산BIS
BSB506190000,용원어시장,35.09298713,128.8186586,2025-10-31,,21,부산광역시,부산BIS
BSB506200000,우방아이유쉘아파트,35.11130019,128.886717,2025-10-31,,21,부산광역시,부산BIS
BSB506210000,우방아이유쉘아파트,35.11100019,128.8865949,2025-10-31,,21,부산광역시,부산BIS
BSB506220000,은산터미널,35.11086861,128.8840475,2025-10-31,,21,부산광역시,부산BIS
BSB506230000,은산터미널,35.11112103,128.8840423,2025-10-31,,21,부산광역시,부산BIS
BSB506240000,사암마을,35.11089886,128.8806484,2025-10-31,,21,부산광역시,부산BIS
BSB506250000,사암마을,35.11109995,128.8804665,2025-10-31,,21,부산광역시,부산BIS
BSB506260000,남천역3번출구,35.14014504,129.1071714,2025-10-31,,21,부산광역시,부산BIS
BSB506270000,동명대입구,35.12342306,129.0991833,2025-10-31,,21,부산광역시,부산BIS
BSB506280000,동명대입구,35.12327493,129.0991521,2025-10-31,,21,부산광역시,부산BIS
BSB198200101,송정리시장,35.30517198,129.1119441,2025-10-31,,21,부산광역시,부산BIS
BSB198200102,대우정밀,35.30368198,129.1145557,2025-10-31,,21,부산광역시,부산BIS
BSB198200103,송정리,35.30509404,129.1121199,2025-10-31,,21,부산광역시,부산BIS
BSB198210301,대우정밀,35.30375776,129.114659,2025-10-31,,21,부산광역시,부산BIS
BSB198210302,송정리시장,35.30516281,129.1121872,2025-10-31,,21,부산광역시,부산BIS
BSB198210303,에스엔티모티브,35.30388544,129.1146587,2025-10-31,,21,부산광역시,부산BIS
BSB198230101,경동맨션입구,35.17272459,129.0836777,2025-10-31,,21,부산광역시,부산BIS
BSB198230201,물만골,35.16507128,129.0826704,2025-10-31,,21,부산광역시,부산BIS
BSB198230202,물만골마을입구,35.16825981,129.0826223,2025-10-31,,21,부산광역시,부산BIS
BSB198230203,물만골중간마을,35.16607588,129.082857,2025-10-31,,21,부산광역시,부산BIS
BSB198240101,물만골,35.16500879,129.0828124,2025-10-31,,21,부산광역시,부산BIS
BSB198240102,물만골마을입구,35.16833268,129.0827505,2025-10-31,,21,부산광역시,부산BIS
BSB198240103,물만골중간마을,35.16607606,129.0830347,2025-10-31,,21,부산광역시,부산BIS
BSB198350101,이완주정형외과,35.17409936,129.0900785,2025-10-31,,21,부산광역시,부산BIS
BSB198350301,연산힐스테이트,35.17444981,129.0889068,2025-10-31,,21,부산광역시,부산BIS
BSB198370101,회전교차로,35.17178461,129.0872129,2025-10-31,,21,부산광역시,부산BIS
BSB198370201,힐스테이트207동앞,35.17098724,129.0869138,2025-10-31,,21,부산광역시,부산BIS
BSB198380101,힐스테이트207동앞,35.1709789,129.0870894,2025-10-31,,21,부산광역시,부산BIS
BSB198400201,하이자동차운전학원,35.16868163,129.0871387,2025-10-31,,21,부산광역시,부산BIS
BSB198400202,현대홈타운,35.16970171,129.0868279,2025-10-31,,21,부산광역시,부산BIS
BSB198420101,힐스테이트201동앞,35.1681188,129.0878067,2025-10-31,,21,부산광역시,부산BIS
BSB198420102,마하사,35.16439037,129.0889795,2025-10-31,,21,부산광역시,부산BIS
BSB198420103,관음사,35.16591946,129.0886832,2025-10-31,,21,부산광역시,부산BIS
BSB198420104,새마을슈퍼,35.16710401,129.0880805,2025-10-31,,21,부산광역시,부산BIS
BSB198430201,거제여중,35.18710626,129.0650518,2025-10-31,,21,부산광역시,부산BIS
BSB198430202,수덕사,35.18582417,129.0659969,2025-10-31,,21,부산광역시,부산BIS
BSB198440101,건강가정지원세터,35.17866291,129.0856772,2025-10-31,,21,부산광역시,부산BIS
BSB198450101,공동주차장,35.17868582,129.0872659,2025-10-31,,21,부산광역시,부산BIS
BSB198450102,삼성타워,35.17870308,129.0884702,2025-10-31,,21,부산광역시,부산BIS
BSB198460201,놀이터,35.17567232,129.0925035,2025-10-31,,21,부산광역시,부산BIS
BSB198460202,연미시장입구,35.17480108,129.0923556,2025-10-31,,21,부산광역시,부산BIS
BSB198490301,상장빌라,35.17537879,129.0943333,2025-10-31,,21,부산광역시,부산BIS
BSB198510301,양지빌라,35.17529652,129.0951383,2025-10-31,,21,부산광역시,부산BIS
BSB198540301,시원에이스빌,35.17523334,129.0957215,2025-10-31,,21,부산광역시,부산BIS
BSB198550101,부산여상정문,35.17039669,129.0964475,2025-10-31,,21,부산광역시,부산BIS
BSB198550201,복지회관,35.17096905,129.0981394,2025-10-31,,21,부산광역시,부산BIS
BSB198550202,현대아파트,35.17034183,129.097336,2025-10-31,,21,부산광역시,부산BIS
BSB198560101,보리암입구,35.168667,129.0952935,2025-10-31,,21,부산광역시,부산BIS
BSB198580101,여명중학교,35.19496045,129.0718614,2025-10-31,,21,부산광역시,부산BIS
BSB198580301,여명중학교입구,35.19603585,129.071752,2025-10-31,,21,부산광역시,부산BIS
BSB198630201,부산연산행복주택아파트,35.17465982,129.0792144,2025-10-31,,21,부산광역시,부산BIS
BSB198660101,삼성여객(종점),35.18811456,129.1090097,2025-10-31,,21,부산광역시,부산BIS
BSB198680301,수영성당,35.17513049,129.1189417,2025-10-31,14115,21,부산광역시,부산BIS
BSB198690101,수영강변e-편한세상,35.18122528,129.1161613,2025-10-31,14105,21,부산광역시,부산BIS
BSB198690201,수영강변1차e편한세상,35.17918629,129.1169648,2025-10-31,14084,21,부산광역시,부산BIS
BSB198690202,수영강변3차e편한세상,35.18064312,129.1161239,2025-10-31,14008,21,부산광역시,부산BIS
BSB198690203,성지기업,35.17712775,129.117646,2025-10-31,14085,21,부산광역시,부산BIS
BSB198690204,수영강변3차e편한세상,35.18069941,129.1160879,2025-10-31,,21,부산광역시,부산BIS
BSB198700301,월륜교차로,35.18361472,129.1145169,2025-10-31,13181,21,부산광역시,부산BIS
BSB198710101,망미역,35.17177175,129.1067413,2025-10-31,14010,21,부산광역시,부산BIS
BSB198710102,망미역,35.17168146,129.1071124,2025-10-31,14009,21,부산광역시,부산BIS
BSB198710301,부산울산지방병무청,35.17287463,129.1035134,2025-10-31,14045,21,부산광역시,부산BIS
BSB198710302,망미1파출소,35.17324422,129.1002728,2025-10-31,14011,21,부산광역시,부산BIS
BSB198710303,망미1파출소,35.17326311,129.099458,2025-10-31,14012,21,부산광역시,부산BIS
BSB198720201,망미1파출소,35.17302319,129.0993402,2025-10-31,14013,21,부산광역시,부산BIS
BSB198720202,망미1파출소,35.17301406,129.1000443,2025-10-31,14014,21,부산광역시,부산BIS
BSB198720203,부산울산지방병무청,35.17266534,129.1033862,2025-10-31,14052,21,부산광역시,부산BIS
BSB198730101,수영성당,35.17492724,129.1186147,2025-10-31,14114,21,부산광역시,부산BIS
BSB198730102,수영성당,35.17500308,129.1185344,2025-10-31,,21,부산광역시,부산BIS
BSB198730301,수영강변1차e편한세상,35.17921413,129.1173744,2025-10-31,14116,21,부산광역시,부산BIS
BSB198740201,망미2동,35.17628607,129.117141,2025-10-31,14023,21,부산광역시,부산BIS
BSB198750101,망미2동,35.17609781,129.1173647,2025-10-31,14024,21,부산광역시,부산BIS
BSB198750102,동림멘션,35.17450512,129.1172198,2025-10-31,,21,부산광역시,부산BIS
BSB198750301,망미동우리은행,35.17296609,129.1172496,2025-10-31,14025,21,부산광역시,부산BIS
BSB198750302,태창아파트,35.17169405,129.1192463,2025-10-31,14026,21,부산광역시,부산BIS
BSB198750401,망미초등학교,35.17397973,129.1136613,2025-10-31,,21,부산광역시,부산BIS
BSB198750402,팔도시장후문,35.17350336,129.116171,2025-10-31,,21,부산광역시,부산BIS
BSB198770101,수영본동입구,35.17486667,129.1085967,2025-10-31,,21,부산광역시,부산BIS
BSB198770201,망미중앙시장,35.17445231,129.1076546,2025-10-31,14004,21,부산광역시,부산BIS
BSB198770401,망미중앙시장,35.17564646,129.1076373,2025-10-31,14003,21,부산광역시,부산BIS
BSB198770402,망미우체국,35.17721971,129.1074258,2025-10-31,14001,21,부산광역시,부산BIS
BSB198770403,선경아파트,35.17830524,129.1073512,2025-10-31,13090,21,부산광역시,부산BIS
BSB198790201,수영경찰서.수영아파트,35.17001993,129.1111087,2025-10-31,14015,21,부산광역시,부산BIS
BSB198790202,수영사적공원,35.16898231,129.1126308,2025-10-31,14050,21,부산광역시,부산BIS
BSB198790203,수영사적공원,35.16834782,129.113567,2025-10-31,14051,21,부산광역시,부산BIS
BSB198790401,망미역,35.17192203,129.1072073,2025-10-31,14007,21,부산광역시,부산BIS
BSB198790501,금호주유소,35.17259163,129.1090346,2025-10-31,14006,21,부산광역시,부산BIS
BSB198790502,금호주유소,35.17198083,129.1093537,2025-10-31,,21,부산광역시,부산BIS
BSB198800201,금호빌라,35.17315295,129.1200688,2025-10-31,,21,부산광역시,부산BIS
BSB198800202,망미동우리은행,35.17330284,129.1176998,2025-10-31,,21,부산광역시,부산BIS
BSB198810201,협성르네상스,35.17198009,129.1207455,2025-10-31,,21,부산광역시,부산BIS
BSB198820101,협성르네상스,35.17179726,129.1208944,2025-10-31,,21,부산광역시,부산BIS
BSB198820201,미광운수,35.16990276,129.1196683,2025-10-31,14028,21,부산광역시,부산BIS
BSB198820202,미광운수,35.17002927,129.1197071,2025-10-31,,21,부산광역시,부산BIS
BSB198820301,태창아파트,35.17144994,129.1199958,2025-10-31,14027,21,부산광역시,부산BIS
BSB198820302,망미동우리은행,35.17306438,129.1174784,2025-10-31,14112,21,부산광역시,부산BIS
BSB198840201,센텀비치푸르지오,35.1593107,129.1323553,2025-10-31,14113,21,부산광역시,부산BIS
BSB198850401,수영만아이파크,35.16250058,129.1300572,2025-10-31,14104,21,부산광역시,부산BIS
BSB198860101,미광운수,35.16984653,129.1199191,2025-10-31,14029,21,부산광역시,부산BIS
BSB198860102,미광운수,35.16999371,129.1199367,2025-10-31,,21,부산광역시,부산BIS
BSB198910201,수영현대아파트.민락역,35.16594927,129.1233086,2025-10-31,14031,21,부산광역시,부산BIS
BSB198930301,민락교,35.16034372,129.1286388,2025-10-31,14032,21,부산광역시,부산BIS
BSB198940301,수영현대아파트.민락역,35.16615666,129.1235553,2025-10-31,14030,21,부산광역시,부산BIS
BSB198950201,수영만아이파크,35.16238227,129.1298676,2025-10-31,14103,21,부산광역시,부산BIS
BSB198970301,센텀비치푸르지오,35.15909645,129.1303802,2025-10-31,14123,21,부산광역시,부산BIS
BSB212790101,정관홈플러스,35.3228387,129.1758065,2025-10-31,,21,부산광역시,부산BIS
BSB212800201,한진해모로,35.32209679,129.1746843,2025-10-31,16207,21,부산광역시,부산BIS
BSB212800202,계룡리슈빌,35.32373149,129.1722235,2025-10-31,16209,21,부산광역시,부산BIS
BSB212800203,롯데캐슬,35.32761474,129.1693772,2025-10-31,16211,21,부산광역시,부산BIS
BSB212800204,정관주민자치회관,35.32582055,129.1705887,2025-10-31,16288,21,부산광역시,부산BIS
BSB212800205,계룡리슈빌,35.32378385,129.1721657,2025-10-31,,21,부산광역시,부산BIS
BSB212800206,정관주민자치회관,35.32589043,129.170546,2025-10-31,,21,부산광역시,부산BIS
BSB212800207,한진해모로,35.32213943,129.1746058,2025-10-31,,21,부산광역시,부산BIS
BSB212810302,롯데캐슬,35.33046926,129.1701501,2025-10-31,,21,부산광역시,부산BIS
BSB212820201,현진에버빌,35.33442831,129.1673658,2025-10-31,16214,21,부산광역시,부산BIS
BSB212820401,이지더원1차아파트정문,35.34012644,129.1641509,2025-10-31,16258,21,부산광역시,부산BIS
BSB212820402,현진에버빌후문사거리,35.33523998,129.1694364,2025-10-31,16273,21,부산광역시,부산BIS
BSB212830101,현진에버빌,35.33416671,129.1674915,2025-10-31,16213,21,부산광역시,부산BIS
BSB212830201,솔마루공원,35.33463258,129.1655372,2025-10-31,16223,21,부산광역시,부산BIS
BSB212830301,신정초등학교,35.32976606,129.1676572,2025-10-31,16293,21,부산광역시,부산BIS
BSB212830303,신정초등학교,35.32967354,129.1677079,2025-10-31,,21,부산광역시,부산BIS
BSB212830304,정원초등학교,35.33100784,129.1670031,2025-10-31,,21,부산광역시,부산BIS
BSB212830502,솔마루공원,35.33456182,129.1655903,2025-10-31,,21,부산광역시,부산BIS
BSB212840101,구연마을,35.3201197,129.1839583,2025-10-31,16220,21,부산광역시,부산BIS
BSB212840102,구연마을,35.32019076,129.183976,2025-10-31,,21,부산광역시,부산BIS
BSB212910301,동원로얄듀크2차아파트,35.31825896,129.1774063,2025-10-31,16248,21,부산광역시,부산BIS
BSB212950401,정관센트럴파크아파트,35.3192688,129.1837728,2025-10-31,16240,21,부산광역시,부산BIS
BSB213000103,감전LH아파트,35.15657637,128.9941493,2025-10-31,,21,부산광역시,부산BIS
BSB213000104,감전동,35.15791998,128.9930025,2025-10-31,,21,부산광역시,부산BIS
BSB213000105,백양마을,35.15403987,128.9970506,2025-10-31,,21,부산광역시,부산BIS
BSB213000106,벽산신화아파트,35.1545272,128.996003,2025-10-31,,21,부산광역시,부산BIS
BSB213000107,사상종합복지관,35.15532098,128.9951901,2025-10-31,,21,부산광역시,부산BIS
BSB213010203,수영구 스포츠문화타운,35.15221806,129.1115131,2025-10-31,,21,부산광역시,부산BIS
BSB213020201,월륜교차로,35.18359977,129.1140829,2025-10-31,13180,21,부산광역시,부산BIS
BSB213040103,수영강변1차e편한세상,35.17931956,129.1169053,2025-10-31,,21,부산광역시,부산BIS
BSB213040104,수영주택,35.17796484,129.1173899,2025-10-31,,21,부산광역시,부산BIS
BSB213050201,물만골역,35.17699282,129.0858234,2025-10-31,,21,부산광역시,부산BIS
BSB213060101,동방물류센터,35.0858782,128.8201837,2025-10-31,,21,부산광역시,부산BIS
BSB213060102,세방물류,35.08587971,128.8256438,2025-10-31,12392,21,부산광역시,부산BIS
BSB213060103,동방물류센터,35.08587709,128.8198246,2025-10-31,,21,부산광역시,부산BIS
BSB213060104,부산항만공사 신항사업소,35.08661214,128.8308598,2025-10-31,,21,부산광역시,부산BIS
BSB213060301,동방물류센터,35.08551518,128.8181172,2025-10-31,,21,부산광역시,부산BIS
BSB213070101,동방물류센터,35.0861999,128.8202854,2025-10-31,,21,부산광역시,부산BIS
BSB213070102,세방물류,35.0862164,128.825728,2025-10-31,13393,21,부산광역시,부산BIS
BSB213070103,부산항만공사 신항사업소,35.08687771,128.8305806,2025-10-31,,21,부산광역시,부산BIS
BSB213070201,부산항홍보관,35.08688748,128.831203,2025-10-31,12301,21,부산광역시,부산BIS
BSB213080101,부산항홍보관,35.08713016,128.8309203,2025-10-31,12300,21,부산광역시,부산BIS
BSB213100201,롯데캐슬아파트,35.08420777,128.9047096,2025-10-31,12275,21,부산광역시,부산BIS
BSB213100203,롯데캐슬아파트,35.08421439,128.9045938,2025-10-31,92009,21,부산광역시,부산BIS
BSB213110101,롯데캐슬아파트,35.08444417,128.9047885,2025-10-31,12280,21,부산광역시,부산BIS
BSB213110103,롯데캐슬아파트,35.0844528,128.9049063,2025-10-31,92029,21,부산광역시,부산BIS
BSB213110201,남명초등학교,35.08422598,128.9101524,2025-10-31,12276,21,부산광역시,부산BIS
BSB213110202,남명초등학교,35.08423107,128.9098347,2025-10-31,92011,21,부산광역시,부산BIS
BSB213110203,호산나교회,35.08420954,128.9081601,2025-10-31,92010,21,부산광역시,부산BIS
BSB213110301,호산나교회,35.08554177,128.9078671,2025-10-31,,21,부산광역시,부산BIS
BSB213120201,동일고무벨트,35.22280515,129.114633,2025-10-31,,21,부산광역시,부산BIS
BSB213120202,예원여자고등학교,35.22431677,129.115827,2025-10-31,,21,부산광역시,부산BIS
BSB213140202,신평,35.09365017,128.9738411,2025-10-31,,21,부산광역시,부산BIS
BSB213160301,반여농산물시장역,35.21785244,129.1248814,2025-10-31,9367,21,부산광역시,부산BIS
BSB213210102,장산중학교.꿈에그린아파트,35.19878621,129.1184167,2025-10-31,,21,부산광역시,부산BIS
BSB213210202,반여1동주민센터,35.20065695,129.119298,2025-10-31,,21,부산광역시,부산BIS
BSB213210203,반여동탑마트,35.20387757,129.1201503,2025-10-31,,21,부산광역시,부산BIS
BSB213220102,센텀SK뷰아파트113동,35.20182694,129.1157146,2025-10-31,,21,부산광역시,부산BIS
BSB213220202,우방아파트,35.20319096,129.1171504,2025-10-31,,21,부산광역시,부산BIS
BSB213220301,센텀SK뷰아파트115동,35.20269717,129.1142211,2025-10-31,,21,부산광역시,부산BIS
BSB213230102,안락SK현대아파트,35.19911102,129.1131375,2025-10-31,,21,부산광역시,부산BIS
BSB213230103,SK현대아파트103동,35.20047108,129.1146949,2025-10-31,,21,부산광역시,부산BIS
BSB213230201,센텀SK뷰아파트113동,35.20211198,129.1163358,2025-10-31,,21,부산광역시,부산BIS
BSB213270101,롯데백화점동래점,35.21224946,129.0780306,2025-10-31,,21,부산광역시,부산BIS
BSB213280501,화인아파트102동,35.17280068,129.0596318,2025-10-31,,21,부산광역시,부산BIS
BSB213300103,삼신아파트,35.09225254,129.0545764,2025-10-31,4190,21,부산광역시,부산BIS
BSB213300104,시영아파트후문,35.09223563,129.0543814,2025-10-31,,21,부산광역시,부산BIS
BSB213300105,청학동공영주차장,35.09141861,129.0555512,2025-10-31,,21,부산광역시,부산BIS
BSB213300301,시영아파트정문,35.09201664,129.0519978,2025-10-31,,21,부산광역시,부산BIS
BSB213310101,오륙도SK뷰정문,35.10154195,129.1173609,2025-10-31,7181,21,부산광역시,부산BIS
BSB213310102,오륙도초중학교,35.10292597,129.1157891,2025-10-31,7179,21,부산광역시,부산BIS
BSB213310103,오륙도SK뷰정문,35.1015179,129.1174543,2025-10-31,,21,부산광역시,부산BIS
BSB213310104,오륙도초중학교,35.10286257,129.1157949,2025-10-31,,21,부산광역시,부산BIS
BSB213310201,오륙도스카이워크,35.10127312,129.1219164,2025-10-31,7182,21,부산광역시,부산BIS
BSB213320101,오륙도초중학교,35.10353375,129.1154687,2025-10-31,7178,21,부산광역시,부산BIS
BSB213320102,오륙도SK뷰정문,35.10125305,129.1173418,2025-10-31,7180,21,부산광역시,부산BIS
BSB213320103,오륙도초중학교,35.10346291,129.115476,2025-10-31,,21,부산광역시,부산BIS
BSB213320104,SK뷰아파트정문,35.10127374,129.1172452,2025-10-31,,21,부산광역시,부산BIS
BSB213320105,오륙도스카이워크,35.10127491,129.1218123,2025-10-31,,21,부산광역시,부산BIS
BSB213320301,부산해군회관,35.10442445,129.1164055,2025-10-31,,21,부산광역시,부산BIS
BSB213330101,오륙도스카이워크,35.1015485,129.12177,2025-10-31,7183,21,부산광역시,부산BIS
BSB213330102,오륙도스카이워크,35.10156255,129.121858,2025-10-31,,21,부산광역시,부산BIS
BSB213330103,오륙도스카이워크,35.10156964,129.1219679,2025-10-31,,21,부산광역시,부산BIS
BSB213370103,대동아파트,35.16058581,129.0704497,2025-10-31,,21,부산광역시,부산BIS
BSB213370201,서면자동차학원,35.15836657,129.0724228,2025-10-31,,21,부산광역시,부산BIS
BSB213370202,화신아파트,35.15929911,129.0718432,2025-10-31,,21,부산광역시,부산BIS
BSB213370301,감로사,35.16142723,129.0695806,2025-10-31,,21,부산광역시,부산BIS
BSB213370303,대동아파트,35.16110722,129.0702599,2025-10-31,,21,부산광역시,부산BIS
BSB213370401,대동아파트,35.16079247,129.070623,2025-10-31,,21,부산광역시,부산BIS
BSB213380401,정관농협기업지점,35.32082439,129.1788255,2025-10-31,16279,21,부산광역시,부산BIS
BSB213390101,달산초등학교,35.31999631,129.1875001,2025-10-31,16291,21,부산광역시,부산BIS
BSB213390102,달산초등학교,35.31985529,129.1871965,2025-10-31,,21,부산광역시,부산BIS
BSB213400101,송정리,35.30510946,129.1125709,2025-10-31,,21,부산광역시,부산BIS
BSB213400102,입석,35.31006275,129.1147415,2025-10-31,,21,부산광역시,부산BIS
BSB213400103,선돌,35.31685109,129.1158444,2025-10-31,,21,부산광역시,부산BIS
BSB213400104,대우아파트후문,35.30705008,129.1141635,2025-10-31,,21,부산광역시,부산BIS
BSB506290000,삼익비치210동,35.14252097,129.1163553,2025-10-31,,21,부산광역시,부산BIS
BSB506300000,삼익비치215동,35.14068824,129.1162914,2025-10-31,,21,부산광역시,부산BIS
BSB506310000,수영구청.금호어울림,35.14478168,129.1128099,2025-10-31,,21,부산광역시,부산BIS
BSB506320000,수영구청사거리,35.14569722,129.1112098,2025-10-31,,21,부산광역시,부산BIS
BSB506330000,GW코퍼레이션,35.08577982,128.8135347,2025-10-31,,21,부산광역시,부산BIS
BSB506340000,GW코퍼레이션,35.0863207,128.8135247,2025-10-31,,21,부산광역시,부산BIS
BSB506350000,감천항제5부두,35.08425708,128.9935792,2025-10-31,10296,21,부산광역시,부산BIS
BSB506360000,감천항제5부두,35.0839036,128.9937022,2025-10-31,10293,21,부산광역시,부산BIS
BSB506370000,감천항해양파출소,35.08445631,128.9981722,2025-10-31,10295,21,부산광역시,부산BIS
BSB506380000,감천항해양파출소,35.08445335,128.9978049,2025-10-31,10294,21,부산광역시,부산BIS
BSB506390000,구평삼거리,35.08090581,128.9902198,2025-10-31,10292,21,부산광역시,부산BIS
BSB506400000,구평삼거리,35.08040638,128.9899007,2025-10-31,10297,21,부산광역시,부산BIS
BSB506410000,남산고등학교,35.26713299,129.0854339,2025-10-31,11287,21,부산광역시,부산BIS
BSB506420000,남산고등학교,35.26692677,129.0853737,2025-10-31,11291,21,부산광역시,부산BIS
BSB506430000,동방물류센터,35.08632191,128.8170552,2025-10-31,,21,부산광역시,부산BIS
BSB506440000,반룡산단2로,35.33197339,129.2555648,2025-10-31,16380,21,부산광역시,부산BIS
BSB506450000,반룡산단입구,35.33423048,129.2560564,2025-10-31,16379,21,부산광역시,부산BIS
BSB506460000,범방동삼층석탑,35.16198506,128.8640653,2025-10-31,12528,21,부산광역시,부산BIS
BSB506470000,범방동삼층석탑,35.16223697,128.864093,2025-10-31,12531,21,부산광역시,부산BIS
BSB506480000,부산외국어대학교캠퍼스,35.26714361,129.0803689,2025-10-31,11289,21,부산광역시,부산BIS
BSB506490000,부산외대정문,35.2666514,129.0846195,2025-10-31,11290,21,부산광역시,부산BIS
BSB506500000,부산외대정문,35.26655573,129.0844192,2025-10-31,11288,21,부산광역시,부산BIS
BSB506510000,장안산단6로,35.32933712,129.2572838,2025-10-31,16381,21,부산광역시,부산BIS
BSB506520000,조선해양기자재연구원,35.16061036,128.8632109,2025-10-31,12527,21,부산광역시,부산BIS
BSB506530000,조선해양기자재연구원,35.16048785,128.8635592,2025-10-31,12532,21,부산광역시,부산BIS
BSB506540000,지앤지,35.08550094,128.8068625,2025-10-31,,21,부산광역시,부산BIS
BSB506550000,크로스독,35.08576799,128.8082937,2025-10-31,,21,부산광역시,부산BIS
BSB506560000,한국해양대학교서부산융합캠퍼스,35.16090799,128.8667073,2025-10-31,12530,21,부산광역시,부산BIS
BSB506570000,한국해양대학교서부산융합캠퍼스,35.1612823,128.8669793,2025-10-31,12529,21,부산광역시,부산BIS
BSB506580000,이진블루1차.태영아파트,35.25558275,129.2186287,2025-10-31,16576,21,부산광역시,부산BIS
BSB506590000,성신.이진블루2차,35.25517854,129.2185573,2025-10-31,16575,21,부산광역시,부산BIS
BSB506600000,자이푸르지오2단지,35.26498878,129.2252165,2025-10-31,16383,21,부산광역시,부산BIS
BSB506610000,자이푸르지오2단지,35.26503303,129.2250145,2025-10-31,16390,21,부산광역시,부산BIS
BSB506620000,비스타동원1차,35.2663753,129.2262598,2025-10-31,16389,21,부산광역시,부산BIS
BSB506630000,비스타동원1차,35.26642454,129.2267665,2025-10-31,16384,21,부산광역시,부산BIS
BSB506640000,해송로,35.26560287,129.2290568,2025-10-31,16385,21,부산광역시,부산BIS
BSB506650000,일광읍행정복지센터,35.2646178,129.2321446,2025-10-31,16386,21,부산광역시,부산BIS
BSB506660000,해송로,35.26581773,129.2291341,2025-10-31,16388,21,부산광역시,부산BIS
BSB506670000,일광읍행정복지센터,35.26482741,129.2322603,2025-10-31,16387,21,부산광역시,부산BIS
BSB506680000,우신모라아파트,35.18496203,128.9912149,2025-10-31,15289,21,부산광역시,부산BIS
BSB506690000,명원초등학교,35.09375479,128.9119592,2025-10-31,12537,21,부산광역시,부산BIS
BSB506700000,명원초등학교,35.09332733,128.912492,2025-10-31,12538,21,부산광역시,부산BIS
BSB506710000,비스타동원1차,35.26640957,129.2261124,2025-10-31,,21,부산광역시,부산BIS
BSB506720000,비스타동원1차,35.26646291,129.2266412,2025-10-31,,21,부산광역시,부산BIS
BSB506730000,성신.이진블루2차,35.25522028,129.218616,2025-10-31,,21,부산광역시,부산BIS
BSB506740000,이진블루1차.태영아파트,35.25552741,129.218575,2025-10-31,,21,부산광역시,부산BIS
BSB506750000,일광읍행정복지센터,35.26486638,129.232102,2025-10-31,,21,부산광역시,부산BIS
BSB506760000,일광읍행정복지센터,35.26466086,129.2320085,2025-10-31,,21,부산광역시,부산BIS
BSB506770000,자이푸르지오2단지,35.26518943,129.2250847,2025-10-31,,21,부산광역시,부산BIS
BSB506780000,자이푸르지오2단지,35.26511836,129.225275,2025-10-31,,21,부산광역시,부산BIS
BSB506790000,한신더휴아파트,35.2619881,129.2237446,2025-10-31,,21,부산광역시,부산BIS
BSB506800000,한신더휴아파트,35.26193073,129.2239243,2025-10-31,,21,부산광역시,부산BIS
BSB506810000,해송로,35.26585197,129.2289868,2025-10-31,,21,부산광역시,부산BIS
BSB506820000,해송로,35.26563722,129.228904,2025-10-31,,21,부산광역시,부산BIS
BSB506830000,국제산업물류산단,35.13641392,128.8685751,2025-10-31,12539,21,부산광역시,부산BIS
BSB506840000,국제산업물류산단,35.13678818,128.8682655,2025-10-31,12540,21,부산광역시,부산BIS
BSB506850000,사하구국민체육센터,35.08806833,128.9985509,2025-10-31,10298,21,부산광역시,부산BIS
BSB506860000,국제산업물류산단,35.1365061,128.8687335,2025-10-31,,21,부산광역시,부산BIS
BSB506870000,국제산업물류산단,35.13686677,128.8684291,2025-10-31,,21,부산광역시,부산BIS
BSB506880000,해운아파트,35.1994625,129.0540076,2025-10-31,,21,부산광역시,부산BIS
BSB506890000,광안골든빌리지,35.14060715,129.0888157,2025-10-31,,21,부산광역시,부산BIS
BSB506900000,광안골든빌리지,35.14058989,129.089032,2025-10-31,,21,부산광역시,부산BIS
BSB506910000,못골골목시장주차장,35.13594408,129.0903585,2025-10-31,,21,부산광역시,부산BIS
BSB506920000,못골시장,35.1358419,129.0889682,2025-10-31,,21,부산광역시,부산BIS
BSB506930000,우정하이츠빌라,35.13963348,129.0888402,2025-10-31,,21,부산광역시,부산BIS
BSB506940000,우정하이츠빌라,35.13949425,129.0890753,2025-10-31,,21,부산광역시,부산BIS
BSB506950000,선암,35.22381703,128.9319406,2025-10-31,,21,부산광역시,부산BIS
BSB506960000,선암,35.22404616,128.9322646,2025-10-31,,21,부산광역시,부산BIS
BSB506970000,부산진경찰서,35.16021246,129.0548032,2025-10-31,5364,21,부산광역시,부산BIS
BSB506980000,서면교차로,35.1578888,129.061751,2025-10-31,5365,21,부산광역시,부산BIS
BSB506990000,벽산하이츠아파트,35.10103786,129.0037801,2025-10-31,,21,부산광역시,부산BIS
BSB507000000,민락매립지공영주차장,35.15507076,129.1277677,2025-10-31,14124,21,부산광역시,부산BIS
BSB507010000,일광초등학교,35.26749642,129.2228733,2025-10-31,16396,21,부산광역시,부산BIS
BSB507020000,일광초등학교,35.26729615,129.2229832,2025-10-31,16395,21,부산광역시,부산BIS
BSB507030000,자이푸르지오1단지,35.26592131,129.221792,2025-10-31,16393,21,부산광역시,부산BIS
BSB507040000,자이푸르지오1단지,35.26601061,129.2215912,2025-10-31,16394,21,부산광역시,부산BIS
BSB507050000,한신더휴2단지,35.2626064,129.2200095,2025-10-31,16391,21,부산광역시,부산BIS
BSB507060000,한신더휴2단지,35.26265086,129.2197965,2025-10-31,16392,21,부산광역시,부산BIS
BSB507070000,문현동부산은행,35.1371281,129.0704779,2025-10-31,,21,부산광역시,부산BIS
BSB507080000,동광원,35.24217794,128.961101,2025-10-31,,21,부산광역시,부산BIS
BSB507090000,동광원,35.24195818,128.9613154,2025-10-31,,21,부산광역시,부산BIS
BSB507100000,한신더휴1단지,35.26192766,129.2237237,2025-10-31,16397,21,부산광역시,부산BIS
BSB507110000,한신더휴1단지,35.26186578,129.2239033,2025-10-31,16398,21,부산광역시,부산BIS
BSB507120000,가락중앙경로당,35.1974002,128.8937951,2025-10-31,,21,부산광역시,부산BIS
BSB507130000,가락중앙경로당,35.19710154,128.8944523,2025-10-31,,21,부산광역시,부산BIS
BSB507140000,부산은행대저지점,35.21393583,128.9804338,2025-10-31,,21,부산광역시,부산BIS
BSB507150000,부원역,35.2260567,128.8818858,2025-10-31,,21,부산광역시,부산BIS
BSB507160000,송산마을,35.20315945,128.8920238,2025-10-31,,21,부산광역시,부산BIS
BSB507170000,송산마을,35.2036508,128.8922988,2025-10-31,,21,부산광역시,부산BIS
BSB507180000,신촌마을입구,35.10974906,128.8456756,2025-10-31,,21,부산광역시,부산BIS
BSB507190000,주례동,35.15080492,129.0097892,2025-10-31,,21,부산광역시,부산BIS
BSB507200000,중사도 마을회관,35.20866624,128.9127725,2025-10-31,,21,부산광역시,부산BIS
BSB198980201,롯데캐슬아파트,35.15750985,129.1326223,2025-10-31,14021,21,부산광역시,부산BIS
BSB198980301,센텀비치푸르지오,35.15931035,129.13052,2025-10-31,14099,21,부산광역시,부산BIS
BSB199020301,수영사적공원,35.16882183,129.1132555,2025-10-31,14048,21,부산광역시,부산BIS
BSB199020302,수영사적공원,35.16896396,129.1130458,2025-10-31,14049,21,부산광역시,부산BIS
BSB199020303,수영경찰서.수영아파트,35.17030908,129.1110606,2025-10-31,14110,21,부산광역시,부산BIS
BSB199020304,수영경찰서.수영아파트,35.17049967,129.1107937,2025-10-31,14017,21,부산광역시,부산BIS
BSB199030201,수영교차로.수영역,35.16623426,129.1147874,2025-10-31,14089,21,부산광역시,부산BIS
BSB199030202,수영구보건소,35.16322403,129.1141413,2025-10-31,14056,21,부산광역시,부산BIS
BSB199030204,수영교차로,35.16615294,129.1147615,2025-10-31,,21,부산광역시,부산BIS
BSB199030301,센텀병원.수영역,35.16659069,129.1145917,2025-10-31,,21,부산광역시,부산BIS
BSB199040101,수영역,35.16328184,129.1144362,2025-10-31,14054,21,부산광역시,부산BIS
BSB199040102,수영역,35.16357181,129.1145013,2025-10-31,14053,21,부산광역시,부산BIS
BSB199040103,수영교차로,35.16609382,129.1150507,2025-10-31,,21,부산광역시,부산BIS
BSB199040301,광안시장.광안역,35.16012987,129.1134775,2025-10-31,14060,21,부산광역시,부산BIS
BSB199050101,광안역,35.15824531,129.1133881,2025-10-31,14062,21,부산광역시,부산BIS
BSB199050102,광안역,35.15926937,129.1135902,2025-10-31,14061,21,부산광역시,부산BIS
BSB199050201,광안리입구,35.15653491,129.1145577,2025-10-31,14064,21,부산광역시,부산BIS
BSB199060101,이화맨션,35.15930076,129.1206088,2025-10-31,14040,21,부산광역시,부산BIS
BSB199070101,동방시장,35.15865015,129.1217876,2025-10-31,14038,21,부산광역시,부산BIS
BSB199070102,민락동골목시장,35.1588279,129.1236734,2025-10-31,14036,21,부산광역시,부산BIS
BSB199070201,광안농협앞,35.15765025,129.1200219,2025-10-31,14067,21,부산광역시,부산BIS
BSB199080301,수영교차로.수영역,35.16815581,129.1172337,2025-10-31,14046,21,부산광역시,부산BIS
BSB199080302,수영교차로.수영역,35.1678596,129.1163144,2025-10-31,14047,21,부산광역시,부산BIS
BSB199080303,팔도시장,35.1680981,129.1170286,2025-10-31,,21,부산광역시,부산BIS
BSB199090201,민락아파트,35.16602209,129.1182581,2025-10-31,14044,21,부산광역시,부산BIS
BSB199090202,화목아파트,35.16363058,129.119088,2025-10-31,14042,21,부산광역시,부산BIS
BSB199150201,진로비치아파트,35.15698646,129.1264994,2025-10-31,14119,21,부산광역시,부산BIS
BSB199170201,진로아파트2단지옆,35.15680877,129.1282429,2025-10-31,14121,21,부산광역시,부산BIS
BSB199180301,진로아파트2단지옆,35.15702619,129.1283686,2025-10-31,14122,21,부산광역시,부산BIS
BSB199220101,민락수변공원,35.155976,129.1322141,2025-10-31,14117,21,부산광역시,부산BIS
BSB199230301,민락수변공원,35.15623812,129.1322497,2025-10-31,14022,21,부산광역시,부산BIS
BSB199250301,롯데캐슬아파트,35.1576787,129.1328521,2025-10-31,14100,21,부산광역시,부산BIS
BSB199270101,금련산청소년수련원,35.14711736,129.1103874,2025-10-31,14082,21,부산광역시,부산BIS
BSB199290101,부산은행.수영구청,35.14651942,129.1118233,2025-10-31,,21,부산광역시,부산BIS
BSB199290201,수영구청,35.14556118,129.1114631,2025-10-31,,21,부산광역시,부산BIS
BSB199290301,KBS방송국,35.14440975,129.1099159,2025-10-31,14096,21,부산광역시,부산BIS
BSB199300101,광일맨션,35.15076931,129.115076,2025-10-31,14076,21,부산광역시,부산BIS
BSB199300102,광안리카페거리입구,35.15259275,129.1164613,2025-10-31,14098,21,부산광역시,부산BIS
BSB199310201,삼익아파트315동,35.14065135,129.1164622,2025-10-31,,21,부산광역시,부산BIS
BSB199310202,삼익아파트309동,35.14283656,129.1165114,2025-10-31,,21,부산광역시,부산BIS
BSB199310401,해변시장,35.13993245,129.109299,2025-10-31,,21,부산광역시,부산BIS
BSB199310402,삼익유수풀장,35.13964751,129.1145773,2025-10-31,,21,부산광역시,부산BIS
BSB199310403,노인복지회관,35.13992482,129.1112796,2025-10-31,,21,부산광역시,부산BIS
BSB199320101,해변시장,35.13937802,129.1088392,2025-10-31,,21,부산광역시,부산BIS
BSB199320102,삼익유수풀장,35.139407,129.1143182,2025-10-31,,21,부산광역시,부산BIS
BSB199320103,노인복지회관,35.14010023,129.1105217,2025-10-31,,21,부산광역시,부산BIS
BSB199330101,광안리해수욕장,35.15320698,129.118294,2025-10-31,70003,21,부산광역시,부산BIS
BSB199330201,광안리해수욕장.협진태양아파트,35.14831465,129.1142355,2025-10-31,,21,부산광역시,부산BIS
BSB199350201,KBS방송국,35.14416879,129.1100306,2025-10-31,14095,21,부산광역시,부산BIS
BSB199350202,KBS방송국,35.14408379,129.1099773,2025-10-31,,21,부산광역시,부산BIS
BSB199360301,삼익스포츠센터,35.14148166,129.1148882,2025-10-31,,21,부산광역시,부산BIS
BSB199360401,삼익아파트A상가,35.14321427,129.1145346,2025-10-31,,21,부산광역시,부산BIS
BSB199370101,광안리해수욕장,35.15596304,129.1190556,2025-10-31,14068,21,부산광역시,부산BIS
BSB199370301,광안리카페거리입구,35.15225887,129.1159122,2025-10-31,14097,21,부산광역시,부산BIS
BSB199370302,광일맨션,35.15034776,129.1144402,2025-10-31,14077,21,부산광역시,부산BIS
BSB199370303,광안리해수욕장,35.15447779,129.1176075,2025-10-31,14069,21,부산광역시,부산BIS
BSB199370401,광안리해수욕장,35.15544303,129.1166128,2025-10-31,14065,21,부산광역시,부산BIS
BSB199370402,광안리입구,35.15693691,129.1142444,2025-10-31,14063,21,부산광역시,부산BIS
BSB199380101,삼익아파트A상가,35.14300239,129.1145348,2025-10-31,,21,부산광역시,부산BIS
BSB199380301,수영구청,35.14484797,129.1130475,2025-10-31,,21,부산광역시,부산BIS
BSB199400101,"남천자이,코오롱하늘채·",35.14129717,129.1130786,2025-10-31,,21,부산광역시,부산BIS
BSB199410201,남천2동주민센터,35.14397634,129.1150279,2025-10-31,,21,부산광역시,부산BIS
BSB199410202,광남초등학교,35.14570044,129.1146818,2025-10-31,,21,부산광역시,부산BIS
BSB199410301,광남초등학교,35.14604931,129.1143055,2025-10-31,,21,부산광역시,부산BIS
BSB199410302,국민건강보험공단부산남부지사,35.1467166,129.1122219,2025-10-31,,21,부산광역시,부산BIS
BSB199420101,금련산역,35.1519901,129.1117512,2025-10-31,14073,21,부산광역시,부산BIS
BSB199420102,광안2동우편취급국,35.15326047,129.1121425,2025-10-31,14072,21,부산광역시,부산BIS
BSB199420103,금련산역,35.14998506,129.111193,2025-10-31,14088,21,부산광역시,부산BIS
BSB199420104,수영중학교,35.15593336,129.1128845,2025-10-31,14070,21,부산광역시,부산BIS
BSB199420105,수영구 스포츠문화타운,35.1522845,129.1118405,2025-10-31,,21,부산광역시,부산BIS
BSB199420301,금련산청소년수련원,35.14780471,129.1102811,2025-10-31,14080,21,부산광역시,부산BIS
BSB199440101,(구)MBC방송국,35.15898211,129.1248809,2025-10-31,14035,21,부산광역시,부산BIS
BSB199440301,민락동골목시장,35.15896948,129.1230454,2025-10-31,14037,21,부산광역시,부산BIS
BSB199480301,경성대.부경대역,35.13856124,129.1023074,2025-10-31,7006,21,부산광역시,부산BIS
BSB199480302,대연힐스테이트푸르지오정문,35.13904313,129.1033398,2025-10-31,,21,부산광역시,부산BIS
BSB199490101,대남교차로,35.14062794,129.104207,2025-10-31,7005,21,부산광역시,부산BIS
BSB199490201,동원보라아파트,35.14221145,129.1030538,2025-10-31,14005,21,부산광역시,부산BIS
BSB199500101,수영구청,35.14702574,129.1122124,2025-10-31,14078,21,부산광역시,부산BIS
BSB199500102,기아자동차광안점,35.14762246,129.1126844,2025-10-31,,21,부산광역시,부산BIS
BSB199500301,수영구청,35.14658315,129.1115852,2025-10-31,14079,21,부산광역시,부산BIS
BSB199520101,삼익비치303동,35.14517526,129.116575,2025-10-31,,21,부산광역시,부산BIS
BSB199520102,삼익비치308동,35.14342454,129.1165407,2025-10-31,,21,부산광역시,부산BIS
BSB199550301,진로아파트2단지 정문,35.15645355,129.1276666,2025-10-31,14120,21,부산광역시,부산BIS
BSB199620301,민락동차고지,35.15778559,129.1260883,2025-10-31,,21,부산광역시,부산BIS
BSB199660201,민락동차고지,35.15770157,129.1258072,2025-10-31,14118,21,부산광역시,부산BIS
BSB199670201,원정빌라,35.18024812,129.1152001,2025-10-31,14106,21,부산광역시,부산BIS
BSB199690201,코스트코홀세일,35.17920929,129.1158163,2025-10-31,,21,부산광역시,부산BIS
BSB199720201,고려제강,35.17788994,129.1166435,2025-10-31,14111,21,부산광역시,부산BIS
BSB199720202,산정아파트,35.1779915,129.1165828,2025-10-31,,21,부산광역시,부산BIS
BSB199750301,상수도남부사업소,35.13746899,129.1090413,2025-10-31,14102,21,부산광역시,부산BIS
BSB199750302,남천해변시장,35.13839641,129.107631,2025-10-31,14101,21,부산광역시,부산BIS
BSB199750303,해변시장입구,35.13812199,129.1080357,2025-10-31,,21,부산광역시,부산BIS
BSB199790101,남천역,35.14183533,129.1078473,2025-10-31,14083,21,부산광역시,부산BIS
BSB213400201,에스엔티모티브,35.30370884,129.1144749,2025-10-31,,21,부산광역시,부산BIS
BSB213410101,송정리,35.30526221,129.1124313,2025-10-31,,21,부산광역시,부산BIS
BSB213410102,입석,35.30999123,129.1145245,2025-10-31,,21,부산광역시,부산BIS
BSB213410103,선돌,35.31676065,129.1156587,2025-10-31,,21,부산광역시,부산BIS
BSB213410104,대우아파트후문,35.30706322,129.1139275,2025-10-31,,21,부산광역시,부산BIS
BSB213410201,임기,35.31961152,129.1183003,2025-10-31,,21,부산광역시,부산BIS
BSB213450201,주례아파트,35.14948369,129.0059826,2025-10-31,,21,부산광역시,부산BIS
BSB213460101,냉정시장,35.1497499,129.0132834,2025-10-31,,21,부산광역시,부산BIS
BSB213470101,드림마트,35.14691196,129.0131742,2025-10-31,,21,부산광역시,부산BIS
BSB213490101,망미고가도로,35.17391689,129.1108658,2025-10-31,,21,부산광역시,부산BIS
BSB213500101,광안자모병원후문,35.1548778,129.1116331,2025-10-31,,21,부산광역시,부산BIS
BSB213510101,광안4동새마을금고,35.15608874,129.1119552,2025-10-31,,21,부산광역시,부산BIS
BSB213520201,힐스테이트201동앞,35.16808041,129.0876221,2025-10-31,,21,부산광역시,부산BIS
BSB213520202,마하사,35.16442981,129.088783,2025-10-31,,21,부산광역시,부산BIS
BSB213520203,관음사,35.16586817,129.0884631,2025-10-31,,21,부산광역시,부산BIS
BSB213520204,새마을슈퍼,35.16705166,129.0878629,2025-10-31,,21,부산광역시,부산BIS
BSB213530201,하이자동차운전학원,35.16878812,129.0872212,2025-10-31,,21,부산광역시,부산BIS
BSB213530202,현대홈타운,35.16972803,129.0869872,2025-10-31,,21,부산광역시,부산BIS
BSB213560201,거성중,35.18335292,129.0663269,2025-10-31,,21,부산광역시,부산BIS
BSB213560202,곰두리스포츠센터,35.18435819,129.066994,2025-10-31,,21,부산광역시,부산BIS
BSB213560204,레이카운티3단지,35.18575572,129.0670282,2025-10-31,,21,부산광역시,부산BIS
BSB213560205,만수사,35.1823087,129.0653266,2025-10-31,,21,부산광역시,부산BIS
BSB213560206,청구아파트,35.18293786,129.0660121,2025-10-31,,21,부산광역시,부산BIS
BSB213570101,유림스토아,35.17970666,129.0640065,2025-10-31,,21,부산광역시,부산BIS
BSB213570102,유림아파트113동,35.1807206,129.0643593,2025-10-31,,21,부산광역시,부산BIS
BSB213590101,로얄팰리스아파트,35.27900967,129.0877375,2025-10-31,,21,부산광역시,부산BIS
BSB213590102,경동아파트,35.27898949,129.0861033,2025-10-31,,21,부산광역시,부산BIS
BSB213600101,로얄팰리스아파트,35.27923204,129.0882633,2025-10-31,,21,부산광역시,부산BIS
BSB213610101,선경3차아파트입구,35.26042676,129.0857949,2025-10-31,,21,부산광역시,부산BIS
BSB213610102,선경3차아파트정문,35.25838336,129.0859293,2025-10-31,,21,부산광역시,부산BIS
BSB213610201,선경3차아파트후문,35.26071836,129.0853464,2025-10-31,,21,부산광역시,부산BIS
BSB213620301,선경3차아파트입구,35.25837995,129.0861269,2025-10-31,,21,부산광역시,부산BIS
BSB213630101,선경3차아파트후문,35.26057309,129.0848867,2025-10-31,,21,부산광역시,부산BIS
BSB213640201,금정전자공업고등학교,35.22101382,129.1083964,2025-10-31,,21,부산광역시,부산BIS
BSB213640202,금사중학교,35.22013486,129.1068182,2025-10-31,,21,부산광역시,부산BIS
BSB213640203,서곡초등학교,35.21873927,129.1050562,2025-10-31,,21,부산광역시,부산BIS
BSB213640204,부산경호고등학교,35.22147475,129.1099858,2025-10-31,,21,부산광역시,부산BIS
BSB213670101,금사자동차학원,35.2164773,129.1118395,2025-10-31,,21,부산광역시,부산BIS
BSB213680101,서원유통,35.09599093,128.9623075,2025-10-31,,21,부산광역시,부산BIS
BSB213690101,우림아파트,35.10931539,128.9777875,2025-10-31,,21,부산광역시,부산BIS
BSB213690201,에덴빌라,35.10898341,128.9788638,2025-10-31,,21,부산광역시,부산BIS
BSB213700101,반도보라아파트,35.10831435,128.9773273,2025-10-31,,21,부산광역시,부산BIS
BSB213710101,에덴빌라,35.10916674,128.9789505,2025-10-31,,21,부산광역시,부산BIS
BSB213710102,혜성아파트,35.10960925,128.9799417,2025-10-31,,21,부산광역시,부산BIS
BSB213710201,동원1차아파트,35.10971818,128.9825938,2025-10-31,,21,부산광역시,부산BIS
BSB213800202,한국산업인력공단,35.12567276,129.1009399,2025-10-31,,21,부산광역시,부산BIS
BSB213830201,동래구보훈회관,35.19515337,129.0876663,2025-10-31,,21,부산광역시,부산BIS
BSB213830202,삼성가든아파트,35.1976073,129.0860578,2025-10-31,,21,부산광역시,부산BIS
BSB213830203,새동래3차아파트,35.19626735,129.0869219,2025-10-31,,21,부산광역시,부산BIS
BSB213840301,낙민유앤아이아파트,35.19458086,129.0906992,2025-10-31,,21,부산광역시,부산BIS
BSB213890101,명륜역,35.21261008,129.0800255,2025-10-31,,21,부산광역시,부산BIS
BSB213910101,동래교육청정문,35.2047368,129.0904408,2025-10-31,,21,부산광역시,부산BIS
BSB213920101,내성초등학교,35.20369681,129.0898707,2025-10-31,,21,부산광역시,부산BIS
BSB213950101,현대아파트2차후문,35.17181911,129.063536,2025-10-31,,21,부산광역시,부산BIS
BSB213960101,유림슈퍼,35.14678055,129.0140323,2025-10-31,,21,부산광역시,부산BIS
BSB213970201,부산진여자상업고등학교,35.17009473,129.0719358,2025-10-31,,21,부산광역시,부산BIS
BSB213970301,성모여자고등학교,35.16857007,129.0704375,2025-10-31,,21,부산광역시,부산BIS
BSB213970302,부산여자대학교정문,35.1691899,129.070925,2025-10-31,,21,부산광역시,부산BIS
BSB213970401,부산여자대학교도서관,35.16856418,129.072375,2025-10-31,,21,부산광역시,부산BIS
BSB213980101,부산여자대학교도서관,35.16870774,129.0723865,2025-10-31,,21,부산광역시,부산BIS
BSB213990101,전포초등학교,35.16085006,129.0639436,2025-10-31,,21,부산광역시,부산BIS
BSB213990201,부전역,35.16157277,129.0629045,2025-10-31,,21,부산광역시,부산BIS
BSB214000101,일산아파트,35.15714483,129.0717757,2025-10-31,,21,부산광역시,부산BIS
BSB214010101,대산아파트,35.15751004,129.0726534,2025-10-31,,21,부산광역시,부산BIS
BSB214020101,감로사,35.16125835,129.0695048,2025-10-31,,21,부산광역시,부산BIS
BSB214020102,전포고개,35.16237977,129.0689616,2025-10-31,,21,부산광역시,부산BIS
BSB214030201,정우빌라,35.16449633,129.0693379,2025-10-31,,21,부산광역시,부산BIS
BSB214030202,규경빌라,35.16411028,129.0692084,2025-10-31,,21,부산광역시,부산BIS
BSB214040101,정우빌라,35.16455084,129.0691478,2025-10-31,,21,부산광역시,부산BIS
BSB214060101,동의과학대학교,35.16602963,129.0696562,2025-10-31,,21,부산광역시,부산BIS
BSB214060201,소라맨션,35.1656437,129.0674902,2025-10-31,,21,부산광역시,부산BIS
BSB214060202,아트빌라,35.16549195,129.068038,2025-10-31,,21,부산광역시,부산BIS
BSB214060301,동의과학대사거리,35.16787674,129.0703735,2025-10-31,,21,부산광역시,부산BIS
BSB214060302,동의과학대학교,35.16569229,129.069755,2025-10-31,,21,부산광역시,부산BIS
BSB214060303,양정하이츠아파트,35.16641655,129.0700151,2025-10-31,,21,부산광역시,부산BIS
BSB214080101,부산은행,35.17185251,129.0586038,2025-10-31,,21,부산광역시,부산BIS
BSB214090101,천리교,35.08338319,129.0713631,2025-10-31,,21,부산광역시,부산BIS
BSB214090201,동삼주공아파트1단지,35.08282122,129.0693656,2025-10-31,,21,부산광역시,부산BIS
BSB214100201,롯데낙천대아파트정문,35.08909537,129.0623607,2025-10-31,,21,부산광역시,부산BIS
BSB214110201,대화주택,35.12950078,129.0397115,2025-10-31,,21,부산광역시,부산BIS
BSB214110202,덕암빌라,35.13059763,129.0393699,2025-10-31,,21,부산광역시,부산BIS
BSB214110203,수정산체육공원,35.13233557,129.0390328,2025-10-31,,21,부산광역시,부산BIS
BSB214110204,동여자중학교,35.1327919,129.0408322,2025-10-31,,21,부산광역시,부산BIS
BSB214110205,동여자중학교후문,35.13351767,129.0407657,2025-10-31,,21,부산광역시,부산BIS
BSB214110206,동원빌라,35.13443845,129.0409481,2025-10-31,,21,부산광역시,부산BIS
BSB214110207,부산종합사회복지관,35.12884096,129.0408771,2025-10-31,,21,부산광역시,부산BIS
BSB214110208,수성아파트,35.1361879,129.0444726,2025-10-31,,21,부산광역시,부산BIS
BSB214110209,수정4동,35.12832517,129.040615,2025-10-31,,21,부산광역시,부산BIS
BSB214110301,수정아파트5동,35.12753868,129.0370484,2025-10-31,,21,부산광역시,부산BIS
BSB214110302,수정아파트중간계단,35.12778232,129.0378333,2025-10-31,,21,부산광역시,부산BIS
BSB214130101,대성사,35.09843263,129.0112806,2025-10-31,,21,부산광역시,부산BIS
BSB214130201,세신빌라,35.10026524,129.0115321,2025-10-31,,21,부산광역시,부산BIS
BSB214140101,보수우체국,35.10355778,129.0244656,2025-10-31,,21,부산광역시,부산BIS
BSB214150303,산막입구,35.33060019,129.171891,2025-10-31,,21,부산광역시,부산BIS
BSB214150304,평전마을,35.32888489,129.1735714,2025-10-31,,21,부산광역시,부산BIS
BSB214160101,협성르네상스,35.32711973,129.1730129,2025-10-31,,21,부산광역시,부산BIS
BSB214160201,롯데캐슬,35.32633416,129.1705417,2025-10-31,16225,21,부산광역시,부산BIS
BSB214170101,계룡리슈빌후문,35.32608572,129.1707164,2025-10-31,16226,21,부산광역시,부산BIS
BSB214170203,동일스위트1차,35.32572749,129.1702508,2025-10-31,16289,21,부산광역시,부산BIS
BSB214170204,계룡리슈빌,35.32351028,129.1719605,2025-10-31,,21,부산광역시,부산BIS
BSB214170205,동일스위트1차,35.32565575,129.1702878,2025-10-31,,21,부산광역시,부산BIS
BSB507300000,유엔기념공원 입구,35.1267824,129.0956553,2025-10-31,,21,부산광역시,부산BIS
BSB507310000,고향산천,35.22006557,128.99076,2025-10-31,,21,부산광역시,부산BIS
BSB507320000,반여무정실마을,35.19050748,129.1161226,2025-10-31,,21,부산광역시,부산BIS
BSB507330000,센텀e편한세상정문,35.18735957,129.1173197,2025-10-31,,21,부산광역시,부산BIS
BSB507340000,해운대구문화복합센터,35.18101059,129.1204313,2025-10-31,,21,부산광역시,부산BIS
BSB507350000,경일고등학교후문,35.11165889,128.9198242,2025-10-31,12542,21,부산광역시,부산BIS
BSB507360000,경일고등학교후문,35.11144227,128.9192762,2025-10-31,12541,21,부산광역시,부산BIS
BSB507370000,대성베르빌,35.25943655,129.2191595,2025-10-31,16401,21,부산광역시,부산BIS
BSB507380000,이지더원2차,35.25957457,129.2226844,2025-10-31,16400,21,부산광역시,부산BIS
BSB507390000,이지더원2차,35.25940993,129.2228172,2025-10-31,16399,21,부산광역시,부산BIS
BSB507400000,이지더원3차,35.26009769,129.2187326,2025-10-31,16402,21,부산광역시,부산BIS
BSB507410000,창곡종합시장,35.17749443,129.0469475,2025-10-31,,21,부산광역시,부산BIS
BSB507420000,미남교,35.20877719,129.0657162,2025-10-31,6288,21,부산광역시,부산BIS
BSB507430000,녹산초등학교,35.15077887,128.8367677,2025-10-31,12550,21,부산광역시,부산BIS
BSB507440000,녹산초등학교,35.15063782,128.8368578,2025-10-31,12551,21,부산광역시,부산BIS
BSB507450000,더샵퍼스트월드·강서세무서,35.09740126,128.9050211,2025-10-31,12545,21,부산광역시,부산BIS
BSB507460000,더샵퍼스트월드·강서세무서,35.09698772,128.9049567,2025-10-31,12546,21,부산광역시,부산BIS
BSB507470000,명지1동 행정복지센터,35.09953518,128.9074339,2025-10-31,12544,21,부산광역시,부산BIS
BSB507480000,명지1동 행정복지센터,35.09915733,128.9073922,2025-10-31,12547,21,부산광역시,부산BIS
BSB507490000,삼정그린코아.금강펜테리움,35.15078239,128.8395055,2025-10-31,12549,21,부산광역시,부산BIS
BSB507500000,장산역,35.16934695,129.1754502,2025-10-31,9060,21,부산광역시,부산BIS
BSB507510000,한국토지주택공사,35.09880784,128.910701,2025-10-31,12548,21,부산광역시,부산BIS
BSB507520000,한국토지주택공사,35.09917641,128.910759,2025-10-31,12543,21,부산광역시,부산BIS
BSB507530000,협성엘리시안,35.15063207,128.8396118,2025-10-31,12552,21,부산광역시,부산BIS
BSB507540000,경남고교,35.12003387,129.0193852,2025-10-31,,21,부산광역시,부산BIS
BSB507550000,경남고교,35.11995289,129.0193777,2025-10-31,,21,부산광역시,부산BIS
BSB507560000,녹산초등학교,35.15063655,128.8369428,2025-10-31,,21,부산광역시,부산BIS
BSB507570000,녹산초등학교,35.15077318,128.8368471,2025-10-31,,21,부산광역시,부산BIS
BSB507580000,대방디엠시티,35.09171766,128.9096996,2025-10-31,,21,부산광역시,부산BIS
BSB507590000,더샵퍼스트월드,35.09735542,128.9053572,2025-10-31,,21,부산광역시,부산BIS
BSB507600000,더샵퍼스트월드,35.09696076,128.9052384,2025-10-31,,21,부산광역시,부산BIS
BSB507610000,수민어울공원,35.19592891,129.0926891,2025-10-31,,21,부산광역시,부산BIS
BSB507620000,수민어울공원,35.19610782,129.092765,2025-10-31,,21,부산광역시,부산BIS
BSB507630000,동부지청어귀교차로,35.18260308,129.1225841,2025-10-31,,21,부산광역시,부산BIS
BSB507640000,동아대병원,35.11929555,129.0182646,2025-10-31,,21,부산광역시,부산BIS
BSB507650000,동아대병원,35.11924866,129.0181045,2025-10-31,,21,부산광역시,부산BIS
BSB507660000,동해선센텀역,35.18012875,129.1249344,2025-10-31,,21,부산광역시,부산BIS
BSB507680000,롯데캐슬골드포레110동앞,35.17340014,129.0828061,2025-10-31,,21,부산광역시,부산BIS
BSB507690000,롯데캐슬골드포레110동앞,35.17332121,129.0829412,2025-10-31,,21,부산광역시,부산BIS
BSB507700000,롯데캐슬골드포레후문앞,35.17452188,129.0804585,2025-10-31,,21,부산광역시,부산BIS
BSB507710000,롯데캐슬골드포레후문앞,35.17440243,129.0805927,2025-10-31,,21,부산광역시,부산BIS
BSB507720000,명원초등학교,35.09347185,128.9124707,2025-10-31,,21,부산광역시,부산BIS
BSB507730000,명원초등학교,35.09390389,128.9119326,2025-10-31,,21,부산광역시,부산BIS
BSB507740000,명지환승센터,35.09538151,128.9122412,2025-10-31,,21,부산광역시,부산BIS
BSB507750000,보림초등학교(기점),35.08403678,128.9667932,2025-10-31,,21,부산광역시,부산BIS
BSB507760000,사직실내수영장,35.19305542,129.0642791,2025-10-31,,21,부산광역시,부산BIS
BSB507770000,사직실내수영장,35.19311792,129.0645771,2025-10-31,,21,부산광역시,부산BIS
BSB507780000,삼정그린코아.금강펜테리움,35.15078119,128.839585,2025-10-31,,21,부산광역시,부산BIS
BSB507790000,부산은행장산지점,35.16884401,129.1786138,2025-10-31,,21,부산광역시,부산BIS
BSB507800000,부산은행장산지점,35.16885219,129.1789103,2025-10-31,,21,부산광역시,부산BIS
BSB507810000,수민동행정복지센터,35.19507872,129.0905211,2025-10-31,,21,부산광역시,부산BIS
BSB507820000,수민동행정복지센터,35.19589629,129.0909262,2025-10-31,,21,부산광역시,부산BIS
BSB507830000,쌍용예가아파트,35.19481246,129.0568805,2025-10-31,,21,부산광역시,부산BIS
BSB507840000,쌍용예가아파트,35.19499087,129.0564568,2025-10-31,,21,부산광역시,부산BIS
BSB507850000,양동초등학교입구,35.17225517,129.082047,2025-10-31,,21,부산광역시,부산BIS
BSB507860000,양동초등학교입구,35.17233937,129.0818681,2025-10-31,,21,부산광역시,부산BIS
BSB507870000,제나우스오피스텔,35.09178322,128.9081112,2025-10-31,,21,부산광역시,부산BIS
BSB507880000,청사포입구,35.1624934,129.1886782,2025-10-31,,21,부산광역시,부산BIS
BSB507890000,청사포입구,35.16222251,129.1882101,2025-10-31,,21,부산광역시,부산BIS
BSB507900000,협성엘리시안,35.15063088,128.8396913,2025-10-31,,21,부산광역시,부산BIS
BSB507910000,홈플러스,35.19182463,129.0649694,2025-10-31,,21,부산광역시,부산BIS
BSB507920000,동백초등학교.힐스테이트위브아파트,35.16464334,129.1838185,2025-10-31,,21,부산광역시,부산BIS
BSB507930000,선비교,35.1485432,128.8403767,2025-10-31,,21,부산광역시,부산BIS
BSB507940000,선비교,35.148264,128.8400687,2025-10-31,,21,부산광역시,부산BIS
BSB507950000,센텀시티우체국,35.1726206,129.131737,2025-10-31,9382,21,부산광역시,부산BIS
BSB507970000,명륜교차로,35.20724529,129.0821469,2025-10-31,,21,부산광역시,부산BIS
BSB507980000,명륜자이아파트,35.20627725,129.0810572,2025-10-31,,21,부산광역시,부산BIS
BSB507990000,부산진여중,35.15492199,129.0684737,2025-10-31,,21,부산광역시,부산BIS
BSB508000000,부산진여중,35.15491701,129.0682376,2025-10-31,,21,부산광역시,부산BIS
BSB508010000,부영아파트,35.15731549,129.0681557,2025-10-31,,21,부산광역시,부산BIS
BSB508020000,부영아파트,35.15728463,129.0683799,2025-10-31,,21,부산광역시,부산BIS
BSB508030000,부전시장,35.16077926,129.0621477,2025-10-31,,21,부산광역시,부산BIS
BSB508040000,서면역12번출구,35.15872252,129.0601535,2025-10-31,,21,부산광역시,부산BIS
BSB508050000,아이파크1차정문,35.15480999,129.070018,2025-10-31,,21,부산광역시,부산BIS
BSB508060000,아이파크1차정문,35.15465038,129.0698658,2025-10-31,,21,부산광역시,부산BIS
BSB508070000,온천장,35.21669379,129.0850292,2025-10-31,,21,부산광역시,부산BIS
BSB508080000,온천장,35.21654532,129.0852779,2025-10-31,,21,부산광역시,부산BIS
BSB508090000,전포초등학교,35.15914766,129.0621778,2025-10-31,,21,부산광역시,부산BIS
BSB508100000,전포카페거리,35.15769552,129.066481,2025-10-31,,21,부산광역시,부산BIS
BSB508110000,전포카페거리,35.15789266,129.0665463,2025-10-31,,21,부산광역시,부산BIS
BSB508120000,종합운동장역,35.19055218,129.0668037,2025-10-31,,21,부산광역시,부산BIS
BSB508130000,힐스테이트명륜1차아파트,35.21379023,129.0830443,2025-10-31,,21,부산광역시,부산BIS
BSB508140000,힐스테이트명륜1차아파트,35.21365039,129.0833152,2025-10-31,,21,부산광역시,부산BIS
BSB508150000,롯데포레힐즈스위첸,35.17279112,129.0799645,2025-10-31,,21,부산광역시,부산BIS
BSB508160000,롯데포레힐즈스위첸,35.17281945,129.0801518,2025-10-31,,21,부산광역시,부산BIS
BSB508170000,공항후문,35.16766794,128.9460745,2025-10-31,,21,부산광역시,부산BIS
BSB508180000,공항후문,35.16784947,128.9448716,2025-10-31,,21,부산광역시,부산BIS
BSB508190000,산성터널영업소,35.24009899,129.0237272,2025-10-31,8225,21,부산광역시,부산BIS
BSB508200000,눌원빌딩,35.13682298,129.0653882,2025-10-31,,21,부산광역시,부산BIS
BSB508210000,뉴웰시티정문,35.21627908,129.0356814,2025-10-31,,21,부산광역시,부산BIS
BSB508220000,뉴웰시티후문,35.21649318,129.0342043,2025-10-31,,21,부산광역시,부산BIS
BSB508230000,대우2차아파트,35.17261819,129.1823307,2025-10-31,,21,부산광역시,부산BIS
BSB508240000,동부산우체국,35.13818734,129.062532,2025-10-31,,21,부산광역시,부산BIS
BSB508250000,만덕1동행정복지센터,35.21455455,129.0369505,2025-10-31,,21,부산광역시,부산BIS
BSB199790102,남천동,35.1409753,129.1069734,2025-10-31,,21,부산광역시,부산BIS
BSB199790103,남천역,35.14176537,129.1077891,2025-10-31,,21,부산광역시,부산BIS
BSB199790301,대남교차로.남천역,35.1406685,129.1062846,2025-10-31,14087,21,부산광역시,부산BIS
BSB199790302,남천동,35.14075129,129.1063807,2025-10-31,,21,부산광역시,부산BIS
BSB199830301,정원센텀뷰남천,35.14699927,129.1109633,2025-10-31,,21,부산광역시,부산BIS
BSB199830401,청소년수련소입구,35.1473678,129.110616,2025-10-31,,21,부산광역시,부산BIS
BSB199870201,좋은강안병원 건강검진센터,35.14844781,129.111416,2025-10-31,,21,부산광역시,부산BIS
BSB199880201,수영중학교,35.15564465,129.1125053,2025-10-31,14071,21,부산광역시,부산BIS
BSB199880202,금련산역,35.15201118,129.1114655,2025-10-31,14074,21,부산광역시,부산BIS
BSB199880203,금련산역,35.1509884,129.1111874,2025-10-31,14075,21,부산광역시,부산BIS
BSB199880204,광안역,35.15616353,129.1126369,2025-10-31,,21,부산광역시,부산BIS
BSB199890301,수영중학교,35.15677836,129.1098813,2025-10-31,,21,부산광역시,부산BIS
BSB199930301,수영중학교,35.15663392,129.1098982,2025-10-31,,21,부산광역시,부산BIS
BSB199960401,광안에일린의뜰아파트,35.15778435,129.1082155,2025-10-31,,21,부산광역시,부산BIS
BSB199980301,광안에일린의뜰아파트,35.15759431,129.1082275,2025-10-31,,21,부산광역시,부산BIS
BSB199980401,동아중학교,35.15837994,129.1072874,2025-10-31,,21,부산광역시,부산BIS
BSB200000301,장대골성지,35.1595846,129.107359,2025-10-31,,21,부산광역시,부산BIS
BSB200000401,동아중학교,35.15826722,129.1071736,2025-10-31,,21,부산광역시,부산BIS
BSB200040101,광안어린이집,35.16060526,129.107551,2025-10-31,,21,부산광역시,부산BIS
BSB200040301,장대골성지,35.15960995,129.1071985,2025-10-31,,21,부산광역시,부산BIS
BSB200050101,광원아파트,35.16191807,129.107835,2025-10-31,,21,부산광역시,부산BIS
BSB200050201,광안어린이집,35.1606222,129.1073941,2025-10-31,,21,부산광역시,부산BIS
BSB200060101,비치그린아파트,35.1626133,129.1086441,2025-10-31,,21,부산광역시,부산BIS
BSB200060201,광원아파트,35.16193618,129.1076907,2025-10-31,,21,부산광역시,부산BIS
BSB200080301,비치그린아파트,35.16280407,129.1086709,2025-10-31,,21,부산광역시,부산BIS
BSB200100101,상아아파트,35.16409299,129.1096574,2025-10-31,,21,부산광역시,부산BIS
BSB200110201,상아아파트,35.16412542,129.1094861,2025-10-31,,21,부산광역시,부산BIS
BSB200140301,강남사우나,35.1644629,129.1110073,2025-10-31,,21,부산광역시,부산BIS
BSB200170301,어린이놀이터,35.16414255,129.1129949,2025-10-31,,21,부산광역시,부산BIS
BSB200170401,강남사우나,35.16462294,129.1108689,2025-10-31,,21,부산광역시,부산BIS
BSB200200301,수영초등학교,35.1651389,129.1138777,2025-10-31,,21,부산광역시,부산BIS
BSB200200401,어린이놀이터,35.16427369,129.1130422,2025-10-31,,21,부산광역시,부산BIS
BSB200230101,수영역,35.16644035,129.1141708,2025-10-31,,21,부산광역시,부산BIS
BSB200240201,센텀병원뒤,35.16632309,129.113977,2025-10-31,,21,부산광역시,부산BIS
BSB200240202,수영초등학교,35.1655653,129.1138115,2025-10-31,,21,부산광역시,부산BIS
BSB200260201,청송카센터,35.16799547,129.1133606,2025-10-31,,21,부산광역시,부산BIS
BSB200260301,온리원주차장,35.16773225,129.1142427,2025-10-31,,21,부산광역시,부산BIS
BSB200290301,영광교회,35.16934584,129.1113708,2025-10-31,,21,부산광역시,부산BIS
BSB200330301,망미역,35.17058038,129.1095644,2025-10-31,,21,부산광역시,부산BIS
BSB200390101,KT수영지점,35.17080419,129.1110287,2025-10-31,,21,부산광역시,부산BIS
BSB200410101,해운아파트,35.17010755,129.1120451,2025-10-31,,21,부산광역시,부산BIS
BSB200460101,브라운닷호텔,35.16843094,129.1145014,2025-10-31,,21,부산광역시,부산BIS
BSB200490101,팔도시장입구,35.16883377,129.1162919,2025-10-31,,21,부산광역시,부산BIS
BSB200510201,수영역,35.168213,129.1165051,2025-10-31,,21,부산광역시,부산BIS
BSB200520101,수영교차로.수영역,35.16785364,129.1171327,2025-10-31,14094,21,부산광역시,부산BIS
BSB200520102,수영교차로.팔도시장,35.1677931,129.1169494,2025-10-31,,21,부산광역시,부산BIS
BSB200540401,망미중정문,35.17512855,129.0973009,2025-10-31,,21,부산광역시,부산BIS
BSB200550201,산호맨션,35.17425369,129.0980709,2025-10-31,,21,부산광역시,부산BIS
BSB200560101,산호맨션,35.17427018,129.0982502,2025-10-31,,21,부산광역시,부산BIS
BSB200570301,배산역,35.17362944,129.095533,2025-10-31,13093,21,부산광역시,부산BIS
BSB200570302,배산역,35.17361685,129.095605,2025-10-31,,21,부산광역시,부산BIS
BSB200600301,섬강빌라,35.17187459,129.0964946,2025-10-31,,21,부산광역시,부산BIS
BSB200610201,조은원룸,35.17116023,129.0964579,2025-10-31,,21,부산광역시,부산BIS
BSB200620101,조은원룸,35.17114461,129.0966358,2025-10-31,,21,부산광역시,부산BIS
BSB200630201,부산여상정문,35.17036039,129.0962273,2025-10-31,,21,부산광역시,부산BIS
BSB200640101,흰돌실버타운,35.17140452,129.0987663,2025-10-31,,21,부산광역시,부산BIS
BSB200640201,복지회관,35.1708907,129.0977253,2025-10-31,,21,부산광역시,부산BIS
BSB200640202,현대아파트,35.17044578,129.0971649,2025-10-31,,21,부산광역시,부산BIS
BSB200650201,흰돌실버타운,35.1715545,129.0988253,2025-10-31,,21,부산광역시,부산BIS
BSB200670101,화광빌,35.17086494,129.1005441,2025-10-31,,21,부산광역시,부산BIS
BSB200700201,부산은행,35.17095432,129.102749,2025-10-31,,21,부산광역시,부산BIS
BSB200720101,망미삼성아파트,35.16999484,129.1030843,2025-10-31,,21,부산광역시,부산BIS
BSB200790101,함박어린이집,35.17456893,129.1009659,2025-10-31,,21,부산광역시,부산BIS
BSB200810201,파라다이스빌라,35.17505857,129.0981882,2025-10-31,,21,부산광역시,부산BIS
BSB200830201,누리보듬재가복지센터,35.17491302,129.0997406,2025-10-31,,21,부산광역시,부산BIS
BSB200870201,망미제일교회,35.17513618,129.1027726,2025-10-31,,21,부산광역시,부산BIS
BSB200890301,아신빌라,35.17593258,129.1042128,2025-10-31,,21,부산광역시,부산BIS
BSB200900201,목화세탁소,35.17508187,129.1042977,2025-10-31,,21,부산광역시,부산BIS
BSB200910101,포스코후문,35.17417925,129.1041775,2025-10-31,,21,부산광역시,부산BIS
BSB200920101,현대종합설비,35.17399856,129.1031546,2025-10-31,,21,부산광역시,부산BIS
BSB200950301,수영SK뷰아파트,35.17482018,129.1010712,2025-10-31,,21,부산광역시,부산BIS
BSB200960101,세탁소,35.1752707,129.1041447,2025-10-31,,21,부산광역시,부산BIS
BSB200970201,망미오양아파트,35.17708158,129.1040584,2025-10-31,,21,부산광역시,부산BIS
BSB200980101,망미오양아파트,35.1770309,129.1039163,2025-10-31,,21,부산광역시,부산BIS
BSB200990301,남일고,35.17788335,129.1039523,2025-10-31,,21,부산광역시,부산BIS
BSB200990302,로얄아파트상가,35.17872742,129.1038641,2025-10-31,,21,부산광역시,부산BIS
BSB200990303,로얄아파트101동,35.17848805,129.1027302,2025-10-31,,21,부산광역시,부산BIS
BSB201040201,화광빌,35.1710229,129.1006933,2025-10-31,,21,부산광역시,부산BIS
BSB201050101,수협,35.17082985,129.1017306,2025-10-31,,21,부산광역시,부산BIS
BSB201090101,민락교,35.15969804,129.1272893,2025-10-31,14033,21,부산광역시,부산BIS
BSB201090202,기점,35.15948745,129.1269718,2025-10-31,,21,부산광역시,부산BIS
BSB201090301,(구)MBC방송국,35.15965839,129.1264155,2025-10-31,14034,21,부산광역시,부산BIS
BSB201100101,기점,35.15951457,129.1271152,2025-10-31,,21,부산광역시,부산BIS
BSB201200101,모라119안전센터,35.19146433,128.9923462,2025-10-31,15004,21,부산광역시,부산BIS
BSB201200102,모라119안전센터,35.19180837,128.9924661,2025-10-31,95015,21,부산광역시,부산BIS
BSB201210101,홈플러스,35.18577033,128.9915216,2025-10-31,15021,21,부산광역시,부산BIS
BSB201210102,모라주공1단지,35.18456041,128.9932818,2025-10-31,15023,21,부산광역시,부산BIS
BSB201210103,모라1단지 새마을금고,35.18451917,128.9933663,2025-10-31,95007,21,부산광역시,부산BIS
BSB201210104,홈플러스모라점,35.18566361,128.9915709,2025-10-31,95006,21,부산광역시,부산BIS
BSB201210401,동원아파트,35.1857795,128.9908465,2025-10-31,,21,부산광역시,부산BIS
BSB201210501,신모라입구,35.18688895,128.9896675,2025-10-31,,21,부산광역시,부산BIS
BSB201210701,모라1동행정복지센터,35.18679193,128.9898277,2025-10-31,15015,21,부산광역시,부산BIS
BSB201210801,모라농협,35.18735352,128.990975,2025-10-31,15019,21,부산광역시,부산BIS
BSB201210802,모라우성아파트,35.18927578,128.9915159,2025-10-31,15017,21,부산광역시,부산BIS
BSB201210803,모라새마을금고,35.18743979,128.9909868,2025-10-31,95013,21,부산광역시,부산BIS
BSB201210804,모라우성아파트,35.18935618,128.9915375,2025-10-31,95014,21,부산광역시,부산BIS
BSB201220201,덕포초.부산도서관,35.17347782,128.9862831,2025-10-31,15049,21,부산광역시,부산BIS
BSB214170206,한진해모로,35.32230242,129.1735601,2025-10-31,,21,부산광역시,부산BIS
BSB214180101,신선대CNG충전소,35.11370811,129.0958902,2025-10-31,7192,21,부산광역시,부산BIS
BSB214210101,선창,35.06696859,128.8317241,2025-10-31,,21,부산광역시,부산BIS
BSB214210201,동율리,35.06018401,128.8186082,2025-10-31,92051,21,부산광역시,부산BIS
BSB214210202,장항,35.05740003,128.8067121,2025-10-31,92052,21,부산광역시,부산BIS
BSB214210203,서율리,35.06027374,128.8156008,2025-10-31,,21,부산광역시,부산BIS
BSB214220201,부산신항만,35.07851584,128.8345039,2025-10-31,12064,21,부산광역시,부산BIS
BSB214220202,부산신항,35.07841901,128.8345082,2025-10-31,,21,부산광역시,부산BIS
BSB214240501,글로벌물류센터,35.08337053,128.8152403,2025-10-31,12372,21,부산광역시,부산BIS
BSB214260101,퀸덤1.2단지,35.0867647,128.8978887,2025-10-31,12282,21,부산광역시,부산BIS
BSB214260102,퀸덤아파트1.2단지,35.08676319,128.8978006,2025-10-31,92032,21,부산광역시,부산BIS
BSB214260201,명호초등학교,35.08555894,128.8993131,2025-10-31,92007,21,부산광역시,부산BIS
BSB214260202,명호초등학교,35.0854778,128.899314,2025-10-31,12399,21,부산광역시,부산BIS
BSB214270101,퀸덤1.2단지,35.08655773,128.8978675,2025-10-31,12273,21,부산광역시,부산BIS
BSB214270102,퀸덤아파트1.2단지,35.08656218,128.8979769,2025-10-31,92006,21,부산광역시,부산BIS
BSB214270201,신호대교,35.08828699,128.8968876,2025-10-31,12391,21,부산광역시,부산BIS
BSB214270202,명지오션시티,35.08821526,128.896864,2025-10-31,,21,부산광역시,부산BIS
BSB214270301,퀸덤아파트201동,35.086235,128.8959667,2025-10-31,92033,21,부산광역시,부산BIS
BSB214280101,퀸덤3단지,35.08441879,128.9014505,2025-10-31,12281,21,부산광역시,부산BIS
BSB214280102,극동스타클래스109동,35.08441979,128.9015562,2025-10-31,92030,21,부산광역시,부산BIS
BSB214300101,대곡마을,35.26679,129.1507346,2025-10-31,16231,21,부산광역시,부산BIS
BSB214380201,동원로얄듀크2차아파트,35.31828021,129.1769076,2025-10-31,16249,21,부산광역시,부산BIS
BSB214410101,화성파크드림1차,35.40227925,129.1711346,2025-10-31,,21,부산광역시,부산BIS
BSB214410102,명곡하와이,35.40301153,129.171257,2025-10-31,,21,부산광역시,부산BIS
BSB214420201,웅상농협명동지점,35.40742148,129.1710616,2025-10-31,,21,부산광역시,부산BIS
BSB214420202,화성파크드림2차,35.40454907,129.1711937,2025-10-31,,21,부산광역시,부산BIS
BSB214420301,화성파크드림1차,35.40244795,129.1709034,2025-10-31,,21,부산광역시,부산BIS
BSB214430201,평강대리1구,35.20979091,128.9432748,2025-10-31,92295,21,부산광역시,부산BIS
BSB214430202,평강대리,35.20816763,128.9429246,2025-10-31,92294,21,부산광역시,부산BIS
BSB214440201,우진정기,35.14937423,128.8157652,2025-10-31,,21,부산광역시,부산BIS
BSB214450101,매일정기,35.14925733,128.8115948,2025-10-31,92112,21,부산광역시,부산BIS
BSB214450102,YMP지사단지기점,35.14919782,128.8096386,2025-10-31,12338,21,부산광역시,부산BIS
BSB214460101,매일정기,35.14926164,128.8116974,2025-10-31,12339,21,부산광역시,부산BIS
BSB214460102,우진정기,35.14963714,128.8156613,2025-10-31,,21,부산광역시,부산BIS
BSB214460103,매일정기,35.14954028,128.8115966,2025-10-31,12504,21,부산광역시,부산BIS
BSB214460201,우진정기,35.14936662,128.8156717,2025-10-31,12337,21,부산광역시,부산BIS
BSB214460202,삼영MT,35.14949287,128.8195697,2025-10-31,,21,부산광역시,부산BIS
BSB214460203,이득텍,35.14878981,128.8243709,2025-10-31,,21,부산광역시,부산BIS
BSB214460204,삼영MT,35.14947395,128.8197805,2025-10-31,12488,21,부산광역시,부산BIS
BSB214460205,자동차부품멀티관,35.14879361,128.8242695,2025-10-31,12335,21,부산광역시,부산BIS
BSB214470101,우진정기,35.14964008,128.8157656,2025-10-31,12336,21,부산광역시,부산BIS
BSB214470102,자동차부품멀티관,35.14907416,128.8243389,2025-10-31,12334,21,부산광역시,부산BIS
BSB214470103,삼영MT,35.14976838,128.8198282,2025-10-31,,21,부산광역시,부산BIS
BSB214470104,이든텍,35.14906333,128.8244594,2025-10-31,,21,부산광역시,부산BIS
BSB214470105,삼영MT,35.1497584,128.819743,2025-10-31,12487,21,부산광역시,부산BIS
BSB214470301,한성정밀,35.14884062,128.828772,2025-10-31,,21,부산광역시,부산BIS
BSB214480101,자동차부품단지,35.14913227,128.8327286,2025-10-31,,21,부산광역시,부산BIS
BSB214480201,동화엔텍,35.14876855,128.8365113,2025-10-31,12329,21,부산광역시,부산BIS
BSB214480202,자동차부품단지,35.14875722,128.8333949,2025-10-31,,21,부산광역시,부산BIS
BSB214480301,자동차부품단지,35.14936204,128.83303,2025-10-31,,21,부산광역시,부산BIS
BSB214490101,신호윌아파트105동,35.08775111,128.8776695,2025-10-31,92410,21,부산광역시,부산BIS
BSB214490102,윌아파트,35.08835208,128.877658,2025-10-31,12420,21,부산광역시,부산BIS
BSB214490201,신호윌아파트,35.0873329,128.8791642,2025-10-31,92438,21,부산광역시,부산BIS
BSB214490301,신호농협,35.08602354,128.8772977,2025-10-31,12419,21,부산광역시,부산BIS
BSB214490302,녹산농협신호지소,35.08611812,128.8772999,2025-10-31,,21,부산광역시,부산BIS
BSB214490401,부영1차아파트,35.08756228,128.8740218,2025-10-31,12467,21,부산광역시,부산BIS
BSB214490402,"부영아파트1,2단지",35.08755052,128.8741312,2025-10-31,,21,부산광역시,부산BIS
BSB214500101,신호윌아파트,35.08752175,128.8791963,2025-10-31,92409,21,부산광역시,부산BIS
BSB214520201,신호농협,35.08606758,128.877655,2025-10-31,12418,21,부산광역시,부산BIS
BSB214520202,녹산농협신호지소,35.08599549,128.8776534,2025-10-31,,21,부산광역시,부산BIS
BSB214540101,롯데아울렛,35.18627306,128.8320193,2025-10-31,,21,부산광역시,부산BIS
BSB214550201,농산물유통센터,35.18657628,128.8354373,2025-10-31,,21,부산광역시,부산BIS
BSB214580201,율하2지구입구,35.17392442,128.822989,2025-10-31,,21,부산광역시,부산BIS
BSB214590201,서부문화센터,35.17217346,128.8208128,2025-10-31,,21,부산광역시,부산BIS
BSB214590202,중앙하이츠,35.17252563,128.8183164,2025-10-31,,21,부산광역시,부산BIS
BSB214600101,서부문화센터,35.17191528,128.8207991,2025-10-31,,21,부산광역시,부산BIS
BSB214600102,중앙하이츠,35.17226464,128.8183777,2025-10-31,,21,부산광역시,부산BIS
BSB214600201,관동초등학교,35.17728842,128.8163839,2025-10-31,,21,부산광역시,부산BIS
BSB214600202,중앙하이츠후문,35.17400227,128.8162643,2025-10-31,,21,부산광역시,부산BIS
BSB214600301,율하푸르지오3단지,35.174065,128.8086915,2025-10-31,,21,부산광역시,부산BIS
BSB214600302,율하푸르지오4단지,35.1750461,128.8117864,2025-10-31,,21,부산광역시,부산BIS
BSB214600401,율하중심상가,35.1710265,128.8139088,2025-10-31,,21,부산광역시,부산BIS
BSB214610101,관동초등학교,35.17719811,128.816088,2025-10-31,,21,부산광역시,부산BIS
BSB214610102,중앙하이츠후문,35.17399035,128.8159285,2025-10-31,,21,부산광역시,부산BIS
BSB214640101,남구국민체육센터,35.10344681,129.1078759,2025-10-31,7200,21,부산광역시,부산BIS
BSB214640201,백운포체육공원,35.10204862,129.1114963,2025-10-31,7198,21,부산광역시,부산BIS
BSB214650101,백운포체육공원,35.10240235,129.1116218,2025-10-31,7199,21,부산광역시,부산BIS
BSB214660101,수안,35.22919618,128.9368635,2025-10-31,,21,부산광역시,부산BIS
BSB214670201,불암장어마을,35.222802,128.929196,2025-10-31,,21,부산광역시,부산BIS
BSB214730201,롯데캐슬,35.24020818,128.8852131,2025-10-31,,21,부산광역시,부산BIS
BSB214820202,차량등록사업소,35.08710333,128.903675,2025-10-31,92250,21,부산광역시,부산BIS
BSB214830201,호산나교회,35.08562257,128.9076004,2025-10-31,,21,부산광역시,부산BIS
BSB214840201,고개마루,35.03217847,128.8119632,2025-10-31,92037,21,부산광역시,부산BIS
BSB214840202,옛천성분교,35.03080743,128.8128397,2025-10-31,92036,21,부산광역시,부산BIS
BSB214840301,서중교,35.02913844,128.815172,2025-10-31,92059,21,부산광역시,부산BIS
BSB214840302,중앙상회,35.02832668,128.8155184,2025-10-31,,21,부산광역시,부산BIS
BSB214850101,고개마루,35.03230804,128.811736,2025-10-31,92057,21,부산광역시,부산BIS
BSB214850102,옛천성분교,35.03070049,128.812744,2025-10-31,92058,21,부산광역시,부산BIS
BSB214850201,두문해변,35.03806582,128.8128467,2025-10-31,92039,21,부산광역시,부산BIS
BSB214850202,두문방파제,35.03432554,128.8118189,2025-10-31,92038,21,부산광역시,부산BIS
BSB214850203,백옥포,35.04659036,128.807646,2025-10-31,92040,21,부산광역시,부산BIS
BSB214850204,코바위,35.0543377,128.8011971,2025-10-31,92041,21,부산광역시,부산BIS
BSB214850205,두문,35.03588927,128.812415,2025-10-31,,21,부산광역시,부산BIS
BSB214850206,두문이주단지,35.04146854,128.8117657,2025-10-31,,21,부산광역시,부산BIS
BSB214850207,장항고개,35.05221571,128.8048082,2025-10-31,,21,부산광역시,부산BIS
BSB508260000,만덕중학교,35.21485495,129.0324833,2025-10-31,,21,부산광역시,부산BIS
BSB508270000,장산역.웅신시네아트,35.16904993,129.1763092,2025-10-31,,21,부산광역시,부산BIS
BSB508280000,해운대백병원,35.17359748,129.1824941,2025-10-31,,21,부산광역시,부산BIS
BSB508290000,지사천선비교,35.1481858,128.8401739,2025-10-31,12554,21,부산광역시,부산BIS
BSB508300000,지사천선비교,35.14860321,128.8402821,2025-10-31,12553,21,부산광역시,부산BIS
BSB508310000,괴정동교차로,35.09585725,128.9937356,2025-10-31,10301,21,부산광역시,부산BIS
BSB508320000,가락어린이집,35.2037797,128.9043354,2025-10-31,,21,부산광역시,부산BIS
BSB508330000,가락어린이집,35.20369742,128.9044103,2025-10-31,,21,부산광역시,부산BIS
BSB508340000,식만배수펌프장,35.20616212,128.9072732,2025-10-31,,21,부산광역시,부산BIS
BSB508350000,식만배수펌프장,35.20604328,128.9073803,2025-10-31,,21,부산광역시,부산BIS
BSB508360000,정관매화꽃길,35.16509722,128.9290388,2025-10-31,,21,부산광역시,부산BIS
BSB508370000,CGV,35.09325446,128.9038654,2025-10-31,,21,부산광역시,부산BIS
BSB508380000,CGV,35.09314337,128.9043398,2025-10-31,,21,부산광역시,부산BIS
BSB508390000,반여시장,35.19475719,129.129276,2025-10-31,,21,부산광역시,부산BIS
BSB508400000,감만현대아파트사거리,35.11064583,129.0837105,2025-10-31,7232,21,부산광역시,부산BIS
BSB508410000,범어사어귀삼거리,35.27571562,129.0919493,2025-10-31,11292,21,부산광역시,부산BIS
BSB508420000,범어사어귀삼거리,35.27552764,129.0921367,2025-10-31,11295,21,부산광역시,부산BIS
BSB508430000,부산시민공원 다솜관,35.16893286,129.0621286,2025-10-31,5366,21,부산광역시,부산BIS
BSB508440000,북부경찰서,35.23078646,129.0099663,2025-10-31,8227,21,부산광역시,부산BIS
BSB508450000,북부경찰서,35.23081515,129.0102745,2025-10-31,8233,21,부산광역시,부산BIS
BSB508460000,샘골공원,35.26059036,129.0887972,2025-10-31,11293,21,부산광역시,부산BIS
BSB508470000,샘골공원,35.26086101,129.0885184,2025-10-31,11294,21,부산광역시,부산BIS
BSB508480000,수정역,35.22405432,129.0087734,2025-10-31,,21,부산광역시,부산BIS
BSB508490000,용수초등학교,35.2275367,129.0093534,2025-10-31,8228,21,부산광역시,부산BIS
BSB508500000,용수초등학교,35.22728829,129.0096603,2025-10-31,,21,부산광역시,부산BIS
BSB508510000,북부산우체국,35.23362632,129.0104372,2025-10-31,8226,21,부산광역시,부산BIS
BSB508520000,북부산우체국,35.2334815,129.0107467,2025-10-31,8234,21,부산광역시,부산BIS
BSB508530000,한국방송통신대,35.22514774,129.008048,2025-10-31,8229,21,부산광역시,부산BIS
BSB508540000,한국방송통신대,35.22476886,129.0080717,2025-10-31,,21,부산광역시,부산BIS
BSB508560000,강서체육공원역,35.2123893,128.9689071,2025-10-31,,21,부산광역시,부산BIS
BSB508570000,농심가슈퍼,35.20910844,129.0981997,2025-10-31,6262,21,부산광역시,부산BIS
BSB508580000,농심가슈퍼,35.20928288,129.097754,2025-10-31,6273,21,부산광역시,부산BIS
BSB508590000,대명여자고등학교,35.21093995,129.096254,2025-10-31,6263,21,부산광역시,부산BIS
BSB508600000,대명여자고등학교,35.21083967,129.0960593,2025-10-31,6272,21,부산광역시,부산BIS
BSB508610000,동래문화회관,35.21393126,129.08977,2025-10-31,6270,21,부산광역시,부산BIS
BSB508620000,동래문화회관,35.21414037,129.0899236,2025-10-31,6265,21,부산광역시,부산BIS
BSB508630000,명륜2차아이파크,35.21552537,129.0882571,2025-10-31,6266,21,부산광역시,부산BIS
BSB508640000,명륜2차아이파크,35.21550057,129.0878667,2025-10-31,6269,21,부산광역시,부산BIS
BSB508650000,명장초등학교입구,35.2078029,129.0994343,2025-10-31,6261,21,부산광역시,부산BIS
BSB508660000,명장초등학교입구,35.2079945,129.0990384,2025-10-31,6274,21,부산광역시,부산BIS
BSB508670000,미남교,35.20872428,129.0636672,2025-10-31,6276,21,부산광역시,부산BIS
BSB508680000,미남교,35.20875038,129.0639862,2025-10-31,6285,21,부산광역시,부산BIS
BSB508690000,사직고등학교입구,35.20188652,129.0593166,2025-10-31,,21,부산광역시,부산BIS
BSB508700000,사직고등학교입구,35.20166021,129.0593768,2025-10-31,,21,부산광역시,부산BIS
BSB508710000,사직초등학교앞교차로,35.20148911,129.0569845,2025-10-31,,21,부산광역시,부산BIS
BSB508720000,사직초등학교앞교차로,35.20105277,129.0566771,2025-10-31,,21,부산광역시,부산BIS
BSB508730000,삼정그린코아포레스트,35.20442988,129.0618402,2025-10-31,,21,부산광역시,부산BIS
BSB508740000,삼정그린코아포레스트,35.20441141,129.0621307,2025-10-31,,21,부산광역시,부산BIS
BSB508750000,영도여고,35.07393959,129.0661751,2025-10-31,,21,부산광역시,부산BIS
BSB508760000,온천입구,35.21649846,129.0869589,2025-10-31,6267,21,부산광역시,부산BIS
BSB508770000,온천입구,35.21687335,129.0861229,2025-10-31,6268,21,부산광역시,부산BIS
BSB508780000,용인고등학교,35.21201328,129.0943765,2025-10-31,6271,21,부산광역시,부산BIS
BSB508790000,용인고등학교,35.21223799,129.0944097,2025-10-31,6264,21,부산광역시,부산BIS
BSB508800000,조양삼거리,35.20646987,129.1009535,2025-10-31,6260,21,부산광역시,부산BIS
BSB508810000,조양삼거리,35.20622197,129.1009581,2025-10-31,6275,21,부산광역시,부산BIS
BSB508820000,평강농협,35.21347543,128.9471695,2025-10-31,,21,부산광역시,부산BIS
BSB508830000,푸른어린이공원,35.07432105,129.0678509,2025-10-31,,21,부산광역시,부산BIS
BSB508840000,푸른어린이공원,35.07410937,129.0678455,2025-10-31,,21,부산광역시,부산BIS
BSB508850000,한독온천어린이집,35.20751226,129.0631369,2025-10-31,6284,21,부산광역시,부산BIS
BSB508860000,한독온천어린이집,35.20715962,129.0626778,2025-10-31,,21,부산광역시,부산BIS
BSB508870000,화신아파트,35.21047043,129.0653748,2025-10-31,,21,부산광역시,부산BIS
BSB508880000,경보아파트,35.22538254,129.0817921,2025-10-31,,21,부산광역시,부산BIS
BSB508890000,금강식물원,35.22576177,129.0791277,2025-10-31,,21,부산광역시,부산BIS
BSB508900000,금정산SK뷰,35.22797911,129.0811941,2025-10-31,,21,부산광역시,부산BIS
BSB508910000,금정초등학교,35.22729673,129.083406,2025-10-31,,21,부산광역시,부산BIS
BSB508930000,남성하이빌,35.2228675,129.0883773,2025-10-31,,21,부산광역시,부산BIS
BSB508940000,래미안1단지,35.22275723,129.0793421,2025-10-31,,21,부산광역시,부산BIS
BSB508950000,동래래미안아이파크,35.21131007,129.0710839,2025-10-31,,21,부산광역시,부산BIS
BSB508960000,동래역2번출구,35.2053883,129.0790362,2025-10-31,,21,부산광역시,부산BIS
BSB508970000,동아원,35.12635593,129.0531953,2025-10-31,,21,부산광역시,부산BIS
BSB508980000,동해중학교,35.218088,129.0870085,2025-10-31,,21,부산광역시,부산BIS
BSB508990000,두산위브,35.13123952,129.0553637,2025-10-31,,21,부산광역시,부산BIS
BSB509000000,명륜아이파크2차201동,35.21399523,129.0902308,2025-10-31,,21,부산광역시,부산BIS
BSB509010000,명륜아이파크2차201동,35.21383642,129.0900346,2025-10-31,,21,부산광역시,부산BIS
BSB509020000,벽산블루밍,35.22862731,129.0799202,2025-10-31,,21,부산광역시,부산BIS
BSB509030000,식물원입구,35.22476363,129.0818862,2025-10-31,,21,부산광역시,부산BIS
BSB509040000,온천동래미안,35.22570676,129.0804936,2025-10-31,,21,부산광역시,부산BIS
BSB509050000,온천제일교회,35.22287869,129.0811901,2025-10-31,,21,부산광역시,부산BIS
BSB509060000,용진힐타운,35.22498831,129.084324,2025-10-31,,21,부산광역시,부산BIS
BSB509070000,용진힐타운,35.22476922,129.084287,2025-10-31,,21,부산광역시,부산BIS
BSB509080000,장전래미안,35.22444283,129.0863416,2025-10-31,,21,부산광역시,부산BIS
BSB509090000,장전래미안,35.22429048,129.0860747,2025-10-31,,21,부산광역시,부산BIS
BSB509100000,장전중학교,35.2286081,129.0784151,2025-10-31,,21,부산광역시,부산BIS
BSB509110000,상장안입구,35.36886748,129.2464537,2025-10-31,,21,부산광역시,부산BIS
BSB509120000,금곡동행정복지센터,35.24970136,129.0124861,2025-10-31,8237,21,부산광역시,부산BIS
BSB509130000,금곡역,35.26654113,129.0164461,2025-10-31,8235,21,부산광역시,부산BIS
BSB509140000,금곡역,35.26716208,129.0173076,2025-10-31,8240,21,부산광역시,부산BIS
BSB509150000,동원역,35.25862394,129.0126902,2025-10-31,8236,21,부산광역시,부산BIS
BSB509160000,동원역,35.25846359,129.0131202,2025-10-31,8239,21,부산광역시,부산BIS
BSB509170000,KT물류센터,35.13841541,128.8734809,2025-10-31,,21,부산광역시,부산BIS
BSB509180000,KT물류센터,35.13827765,128.8736478,2025-10-31,,21,부산광역시,부산BIS
BSB509190000,가달고분,35.13648684,128.8772655,2025-10-31,,21,부산광역시,부산BIS
BSB509200000,가달고분,35.1366552,128.8774503,2025-10-31,,21,부산광역시,부산BIS
BSB509210000,강서경찰서,35.11834584,128.9072636,2025-10-31,,21,부산광역시,부산BIS
BSB509220000,강서경찰서,35.11830047,128.9075697,2025-10-31,,21,부산광역시,부산BIS
BSB201220203,덕포초등학교,35.17371322,128.9854627,2025-10-31,,21,부산광역시,부산BIS
BSB201230101,덕포역.덕포2동행정복지센터,35.17476464,128.9843933,2025-10-31,15046,21,부산광역시,부산BIS
BSB201230102,북부면허시험장,35.17723292,128.9849739,2025-10-31,15040,21,부산광역시,부산BIS
BSB201230103,청소년지원센터.모덕역,35.18060909,128.9857998,2025-10-31,15034,21,부산광역시,부산BIS
BSB201230201,덕포초.부산도서관,35.17343657,128.9855852,2025-10-31,15050,21,부산광역시,부산BIS
BSB201230202,덕포초등학교,35.17348344,128.9854033,2025-10-31,,21,부산광역시,부산BIS
BSB201230301,덕포시장,35.17183911,128.9830564,2025-10-31,15051,21,부산광역시,부산BIS
BSB201230302,덕포시장,35.17159759,128.9829462,2025-10-31,15052,21,부산광역시,부산BIS
BSB201230303,덕포시장,35.17097771,128.9827392,2025-10-31,,21,부산광역시,부산BIS
BSB201230304,덕포역,35.1728244,128.9834503,2025-10-31,,21,부산광역시,부산BIS
BSB201240101,부산은행모라동지점,35.18465515,128.9867933,2025-10-31,15028,21,부산광역시,부산BIS
BSB201240102,부산은행,35.18411118,128.9866612,2025-10-31,,21,부산광역시,부산BIS
BSB201240301,북부면허시험장,35.17841601,128.9849569,2025-10-31,15039,21,부산광역시,부산BIS
BSB201240302,덕포역.덕포2동행정복지센터,35.17480742,128.9841008,2025-10-31,15045,21,부산광역시,부산BIS
BSB201250301,신모라입구,35.18633412,128.9894216,2025-10-31,15203,21,부산광역시,부산BIS
BSB201250302,신모라입구,35.18640766,128.9893429,2025-10-31,95005,21,부산광역시,부산BIS
BSB201250601,모라동새마을금고앞,35.18828423,128.9884144,2025-10-31,15014,21,부산광역시,부산BIS
BSB201250602,모라역,35.18750625,128.9889473,2025-10-31,,21,부산광역시,부산BIS
BSB201260102,모라주공34단지,35.1855157,128.9991784,2025-10-31,95008,21,부산광역시,부산BIS
BSB201270101,북부자동차학원,35.19413591,128.990412,2025-10-31,8081,21,부산광역시,부산BIS
BSB201270201,모라역,35.19042353,128.988856,2025-10-31,15009,21,부산광역시,부산BIS
BSB201320101,모라주공3.4단지,35.18551602,128.9993502,2025-10-31,15210,21,부산광역시,부산BIS
BSB201320201,모라주공3.4단지,35.18606015,128.9994031,2025-10-31,15209,21,부산광역시,부산BIS
BSB201340301,농심부산공장,35.1865261,128.9823973,2025-10-31,,21,부산광역시,부산BIS
BSB201340302,보성정비,35.18859934,128.9829142,2025-10-31,,21,부산광역시,부산BIS
BSB201340303,부산벤처타워,35.19054277,128.9833786,2025-10-31,,21,부산광역시,부산BIS
BSB201340401,국제식품,35.19270527,128.9833983,2025-10-31,,21,부산광역시,부산BIS
BSB201350101,모라역,35.19033155,128.9891195,2025-10-31,15007,21,부산광역시,부산BIS
BSB201350201,모라동새마을금고앞,35.18775432,128.9883429,2025-10-31,15032,21,부산광역시,부산BIS
BSB201350301,모라전통시장,35.18771676,128.9875376,2025-10-31,15012,21,부산광역시,부산BIS
BSB201350401,모라초등학교,35.19005987,128.9872203,2025-10-31,,21,부산광역시,부산BIS
BSB201360101,모라전통시장,35.18726231,128.9876526,2025-10-31,15013,21,부산광역시,부산BIS
BSB201360102,모라역,35.18778339,128.9878836,2025-10-31,,21,부산광역시,부산BIS
BSB201380201,부산은행모라동지점,35.18471325,128.9864942,2025-10-31,15029,21,부산광역시,부산BIS
BSB201380202,청소년지원센터.모덕역,35.18175194,128.9857794,2025-10-31,15033,21,부산광역시,부산BIS
BSB201390201,모라3동주민센터,35.18452156,128.9957478,2025-10-31,,21,부산광역시,부산BIS
BSB201400201,모라3동주민센터,35.18431724,128.995748,2025-10-31,,21,부산광역시,부산BIS
BSB201400202,모라종합사회복지관,35.18460714,128.9971694,2025-10-31,,21,부산광역시,부산BIS
BSB201400301,모라주공1단지,35.18483032,128.9933289,2025-10-31,15022,21,부산광역시,부산BIS
BSB201400302,홈플러스,35.18584248,128.9917922,2025-10-31,15020,21,부산광역시,부산BIS
BSB201400303,모라1단지 새마을금고,35.18477573,128.9934154,2025-10-31,95011,21,부산광역시,부산BIS
BSB201400304,홈플러스모라점,35.18571296,128.9918636,2025-10-31,95012,21,부산광역시,부산BIS
BSB201410101,부산북부고용노동지청,35.17915576,128.9886762,2025-10-31,15037,21,부산광역시,부산BIS
BSB201410102,자유아파트,35.1810469,128.988722,2025-10-31,15036,21,부산광역시,부산BIS
BSB201410301,부산항공고등학교,35.17574031,128.9882885,2025-10-31,15047,21,부산광역시,부산BIS
BSB201410302,부산북부고용노동지청,35.17835951,128.9883221,2025-10-31,15038,21,부산광역시,부산BIS
BSB201420101,부산항공고등학교,35.17498672,128.9886324,2025-10-31,15048,21,부산광역시,부산BIS
BSB201420301,남영아파트,35.17120626,128.9881501,2025-10-31,15055,21,부산광역시,부산BIS
BSB201420302,남영아파트,35.17138181,128.988087,2025-10-31,,21,부산광역시,부산BIS
BSB201430101,모덕초등학교,35.18151931,128.9903514,2025-10-31,,21,부산광역시,부산BIS
BSB201440101,우신모라아파트,35.18470694,128.9911099,2025-10-31,,21,부산광역시,부산BIS
BSB201440201,사상구청소년수련관,35.18361193,128.9905339,2025-10-31,,21,부산광역시,부산BIS
BSB201440301,동원아파트,35.18393343,128.9898679,2025-10-31,15026,21,부산광역시,부산BIS
BSB201450101,동원아파트,35.18367014,128.9900952,2025-10-31,15027,21,부산광역시,부산BIS
BSB201460301,자유아파트,35.18123059,128.9883521,2025-10-31,15035,21,부산광역시,부산BIS
BSB201470301,동양산업기계,35.18518423,128.9820684,2025-10-31,,21,부산광역시,부산BIS
BSB201470302,부산조리고등학교,35.18386594,128.9817452,2025-10-31,,21,부산광역시,부산BIS
BSB201490101,서부주유소,35.18436695,128.9768607,2025-10-31,15030,21,부산광역시,부산BIS
BSB201490102,(주)대정.성지,35.18597462,128.9775458,2025-10-31,15282,21,부산광역시,부산BIS
BSB201490301,삼락동주민센터,35.1766192,128.9761335,2025-10-31,15042,21,부산광역시,부산BIS
BSB201510401,부산솔빛학교,35.18257488,128.9796176,2025-10-31,,21,부산광역시,부산BIS
BSB201520201,모덕역,35.18132114,128.9846644,2025-10-31,,21,부산광역시,부산BIS
BSB201530102,농협주례동지점,35.15011631,129.0014536,2025-10-31,,21,부산광역시,부산BIS
BSB201530103,럭키아파트.주례역,35.1501996,129.0024342,2025-10-31,,21,부산광역시,부산BIS
BSB201530201,주례사거리,35.14940331,128.9997637,2025-10-31,15125,21,부산광역시,부산BIS
BSB201530202,주례사거리,35.14981058,128.9998931,2025-10-31,,21,부산광역시,부산BIS
BSB201530302,사상전화국,35.14993354,128.9923418,2025-10-31,15129,21,부산광역시,부산BIS
BSB201530303,대림정밀,35.15017285,128.9961051,2025-10-31,,21,부산광역시,부산BIS
BSB201530304,부산은행,35.15039665,128.9988882,2025-10-31,,21,부산광역시,부산BIS
BSB201530305,사상전화국,35.14993941,128.9924831,2025-10-31,,21,부산광역시,부산BIS
BSB201530306,한국가스,35.14980904,128.9899645,2025-10-31,,21,부산광역시,부산BIS
BSB201530402,주례우체국,35.15164405,128.9974286,2025-10-31,15121,21,부산광역시,부산BIS
BSB201530403,온골마을입구,35.15263019,128.9955946,2025-10-31,15283,21,부산광역시,부산BIS
BSB201540302,주례역6번출구,35.15070922,129.0026125,2025-10-31,,21,부산광역시,부산BIS
BSB201550102,주례럭키아파트.주례역,35.15048089,129.0057002,2025-10-31,,21,부산광역시,부산BIS
BSB201550103,주례역,35.15034023,129.0041329,2025-10-31,,21,부산광역시,부산BIS
BSB201560102,좋은삼선병원,35.15070987,129.0085943,2025-10-31,,21,부산광역시,부산BIS
BSB201560304,주례역2번출구,35.15085792,129.0043154,2025-10-31,,21,부산광역시,부산BIS
BSB201570401,주례아파트,35.14971705,129.0061285,2025-10-31,,21,부산광역시,부산BIS
BSB201580101,신주례엘지아파트,35.1536927,129.0162809,2025-10-31,15110,21,부산광역시,부산BIS
BSB201580102,신주례LG아파트,35.15367108,129.0161977,2025-10-31,,21,부산광역시,부산BIS
BSB201580201,반도보라아파트,35.15293581,129.0115781,2025-10-31,15107,21,부산광역시,부산BIS
BSB201580202,반도보라아파트,35.15294697,129.0119898,2025-10-31,,21,부산광역시,부산BIS
BSB201580301,신주례LG1차아파트상가,35.15460857,129.0142906,2025-10-31,,21,부산광역시,부산BIS
BSB201590101,신주례LG2차아파트,35.15474921,129.0139617,2025-10-31,,21,부산광역시,부산BIS
BSB201590102,주례한효아파트,35.15541999,129.0137853,2025-10-31,,21,부산광역시,부산BIS
BSB201600101,능인사,35.16609173,128.9889915,2025-10-31,15077,21,부산광역시,부산BIS
BSB201600102,사상근린공원,35.15784824,128.9930729,2025-10-31,15080,21,부산광역시,부산BIS
BSB201600103,사상종합복지관,35.15582721,128.9947379,2025-10-31,15099,21,부산광역시,부산BIS
BSB201600104,백양마을,35.15392836,128.9973885,2025-10-31,15102,21,부산광역시,부산BIS
BSB201600301,신라대학교입구,35.1688986,128.9887772,2025-10-31,15058,21,부산광역시,부산BIS
BSB201610101,신라대학교입구,35.17011714,128.9886587,2025-10-31,15056,21,부산광역시,부산BIS
BSB214860101,두문해변,35.03806885,128.8126913,2025-10-31,92055,21,부산광역시,부산BIS
BSB214860102,두문방파제,35.03358269,128.8111724,2025-10-31,92056,21,부산광역시,부산BIS
BSB214860103,백옥포,35.04661647,128.8074055,2025-10-31,92054,21,부산광역시,부산BIS
BSB214860104,코바위,35.05442196,128.8009852,2025-10-31,92053,21,부산광역시,부산BIS
BSB214860105,두문,35.03630388,128.8124131,2025-10-31,,21,부산광역시,부산BIS
BSB214860106,두문이주단지,35.04151089,128.8116461,2025-10-31,,21,부산광역시,부산BIS
BSB214860107,장항고개,35.05203762,128.8043604,2025-10-31,,21,부산광역시,부산BIS
BSB214860201,선창,35.06691325,128.8313974,2025-10-31,92045,21,부산광역시,부산BIS
BSB214860202,선창,35.06666177,128.8318157,2025-10-31,92043,21,부산광역시,부산BIS
BSB214860203,동율리,35.06008486,128.8182818,2025-10-31,92044,21,부산광역시,부산BIS
BSB214860204,장항,35.05707372,128.8068094,2025-10-31,92042,21,부산광역시,부산BIS
BSB214860205,서율리,35.06017358,128.8153684,2025-10-31,,21,부산광역시,부산BIS
BSB214900301,상방마을입구,35.17322976,128.9505999,2025-10-31,,21,부산광역시,부산BIS
BSB214910101,가덕천성동,35.03063866,128.8128534,2025-10-31,12297,21,부산광역시,부산BIS
BSB214910102,두문입구,35.03291956,128.8120551,2025-10-31,12304,21,부산광역시,부산BIS
BSB214910103,서중마을,35.03246192,128.8187959,2025-10-31,12306,21,부산광역시,부산BIS
BSB214920101,두문입구,35.03274852,128.8120112,2025-10-31,12305,21,부산광역시,부산BIS
BSB214920102,천성 동중마을,35.03188769,128.823549,2025-10-31,12397,21,부산광역시,부산BIS
BSB214930202,성북,35.05801815,128.8289634,2025-10-31,12395,21,부산광역시,부산BIS
BSB214930301,성북마을,35.05704443,128.8322735,2025-10-31,12470,21,부산광역시,부산BIS
BSB214940102,성북,35.05813506,128.828681,2025-10-31,12394,21,부산광역시,부산BIS
BSB214950301,강림씨에스피,35.10787398,128.8731708,2025-10-31,12313,21,부산광역시,부산BIS
BSB214950401,(주)태광,35.10384187,128.8751621,2025-10-31,12317,21,부산광역시,부산BIS
BSB214950402,LS산전,35.10415482,128.8726991,2025-10-31,,21,부산광역시,부산BIS
BSB214960101,강림씨에스피,35.10783589,128.8727203,2025-10-31,12312,21,부산광역시,부산BIS
BSB214960201,산양마을입구,35.11166963,128.8730661,2025-10-31,92418,21,부산광역시,부산BIS
BSB214970101,스타우프코리아,35.10790176,128.8780736,2025-10-31,12382,21,부산광역시,부산BIS
BSB214970201,녹산농협,35.11201514,128.8784038,2025-10-31,12116,21,부산광역시,부산BIS
BSB214980101,세주정공,35.10809318,128.8828704,2025-10-31,12322,21,부산광역시,부산BIS
BSB214980102,세주정공,35.10799851,128.8828737,2025-10-31,,21,부산광역시,부산BIS
BSB214990101,서번산업,35.09917543,128.8781009,2025-10-31,12357,21,부산광역시,부산BIS
BSB214990201,(주)태광,35.10407626,128.8751565,2025-10-31,12318,21,부산광역시,부산BIS
BSB214990202,LS산전,35.10415485,128.8732803,2025-10-31,,21,부산광역시,부산BIS
BSB214990301,스타우프코리아,35.10785153,128.8784069,2025-10-31,12383,21,부산광역시,부산BIS
BSB214990401,화연공원,35.10342715,128.8780806,2025-10-31,12314,21,부산광역시,부산BIS
BSB214990402,부산은행화전공단지점,35.10357302,128.8831996,2025-10-31,12319,21,부산광역시,부산BIS
BSB214990403,부산은행화전공단지점,35.10381235,128.8825883,2025-10-31,,21,부산광역시,부산BIS
BSB214990404,우리은행화전공단지점,35.10383195,128.8787122,2025-10-31,,21,부산광역시,부산BIS
BSB215000101,조달청비축기지,35.09822291,128.88286,2025-10-31,12360,21,부산광역시,부산BIS
BSB215000201,화연공원,35.10357027,128.8784403,2025-10-31,12315,21,부산광역시,부산BIS
BSB215000202,부산은행화전공단지점,35.10349713,128.8828634,2025-10-31,12320,21,부산광역시,부산BIS
BSB215000203,부산은행화전공단지점,35.1040402,128.8824236,2025-10-31,,21,부산광역시,부산BIS
BSB215000204,우리은행화전공단지점,35.10405037,128.8785746,2025-10-31,,21,부산광역시,부산BIS
BSB215000301,세주정공,35.10800232,128.8832083,2025-10-31,12321,21,부산광역시,부산BIS
BSB215000302,세주정공,35.10809241,128.8832104,2025-10-31,,21,부산광역시,부산BIS
BSB215010101,온천장역,35.22123643,129.0862875,2025-10-31,,21,부산광역시,부산BIS
BSB215020201,동아대학교병원,35.12009042,129.0165459,2025-10-31,,21,부산광역시,부산BIS
BSB215030202,국제선청사,35.17371039,128.9475394,2025-10-31,92085,21,부산광역시,부산BIS
BSB215030203,김해공항국제선(1층),35.17330979,128.9475864,2025-10-31,,21,부산광역시,부산BIS
BSB215050201,현대상선,35.07138465,128.8350216,2025-10-31,12289,21,부산광역시,부산BIS
BSB215050202,부산신항다목적터미널,35.07390801,128.8349827,2025-10-31,12291,21,부산광역시,부산BIS
BSB215050204,다목적터미널,35.07382918,128.8349809,2025-10-31,,21,부산광역시,부산BIS
BSB215050205,현대상선,35.07148543,128.8350216,2025-10-31,,21,부산광역시,부산BIS
BSB215060202,부산역,35.11454554,129.040292,2025-10-31,70001,21,부산광역시,부산BIS
BSB215070201,구.하이마트,35.20263319,129.0777257,2025-10-31,,21,부산광역시,부산BIS
BSB215080102,모전마을,35.33665109,129.1638219,2025-10-31,,21,부산광역시,부산BIS
BSB215080201,모전초등학교,35.33874938,129.1629265,2025-10-31,16179,21,부산광역시,부산BIS
BSB215090101,모전초등학교,35.33929109,129.1626165,2025-10-31,16043,21,부산광역시,부산BIS
BSB215090102,이지더원아파트,35.33921445,129.1626199,2025-10-31,,21,부산광역시,부산BIS
BSB215090401,이지더원1차아파트정문,35.33988914,129.1640676,2025-10-31,16259,21,부산광역시,부산BIS
BSB215090402,현진에버빌후문사거리,35.3350873,129.1691574,2025-10-31,16274,21,부산광역시,부산BIS
BSB215090403,동일스위트3차,35.33854047,129.1667919,2025-10-31,16296,21,부산광역시,부산BIS
BSB215120101,신항서문입구,35.08335988,128.8016103,2025-10-31,12370,21,부산광역시,부산BIS
BSB215120301,글로벌물류센터,35.08298739,128.8152482,2025-10-31,12371,21,부산광역시,부산BIS
BSB215130101,소두방공원,35.32385351,129.1851136,2025-10-31,16255,21,부산광역시,부산BIS
BSB215130301,서희스타힐스,35.32448123,129.1880222,2025-10-31,16256,21,부산광역시,부산BIS
BSB215140101,신항국제물류,35.08467132,128.8019022,2025-10-31,,21,부산광역시,부산BIS
BSB215140401,현대물류,35.08467528,128.8130528,2025-10-31,12311,21,부산광역시,부산BIS
BSB215140402,범한판토스,35.08469362,128.8082727,2025-10-31,,21,부산광역시,부산BIS
BSB215150201,현대물류,35.08441027,128.8130613,2025-10-31,12310,21,부산광역시,부산BIS
BSB215150202,범한판토스,35.08435995,128.8082872,2025-10-31,12308,21,부산광역시,부산BIS
BSB215160101,서희스타힐스,35.3247406,129.1878808,2025-10-31,16257,21,부산광역시,부산BIS
BSB215160201,옛터어린이공원입구,35.3242419,129.1900416,2025-10-31,16354,21,부산광역시,부산BIS
BSB215170101,고촌마을입구,35.23735649,129.1681162,2025-10-31,16284,21,부산광역시,부산BIS
BSB215170102,고촌마을입구,35.23727949,129.1681389,2025-10-31,,21,부산광역시,부산BIS
BSB215180202,고촌휴먼시아아파트,35.23954913,129.1697151,2025-10-31,,21,부산광역시,부산BIS
BSB215190101,고촌마을입구,35.23720731,129.1678926,2025-10-31,16283,21,부산광역시,부산BIS
BSB215190102,고촌마을입구,35.23713001,129.1679317,2025-10-31,,21,부산광역시,부산BIS
BSB215190302,고촌휴먼시아아파트,35.23932952,129.1699014,2025-10-31,,21,부산광역시,부산BIS
BSB215200201,동항초등학교,35.11456523,129.0814524,2025-10-31,7209,21,부산광역시,부산BIS
BSB215210101,부산소프트웨어마이스터고,35.18915953,128.9040797,2025-10-31,92236,21,부산광역시,부산BIS
BSB215210301,부산산업과학고등학교,35.18943019,128.9036436,2025-10-31,,21,부산광역시,부산BIS
BSB215220201,부산소프트웨어마이스터고,35.18914478,128.9044035,2025-10-31,92207,21,부산광역시,부산BIS
BSB215220202,봉림양수장,35.18629177,128.9032137,2025-10-31,,21,부산광역시,부산BIS
BSB215220301,봉림양수장,35.18573855,128.9025751,2025-10-31,,21,부산광역시,부산BIS
BSB215230101,영강,35.10750102,128.9289566,2025-10-31,92075,21,부산광역시,부산BIS
BSB215240101,명호중고등학교,35.08030006,128.8993365,2025-10-31,,21,부산광역시,부산BIS
BSB215240201,부산한솔학교,35.0820571,128.8982041,2025-10-31,,21,부산광역시,부산BIS
BSB215240301,극동스타클래스,35.08332387,128.8996066,2025-10-31,92003,21,부산광역시,부산BIS
BSB215240302,두산위브,35.08317059,128.8996113,2025-10-31,12402,21,부산광역시,부산BIS
BSB215240401,한신휴플러스아파트,35.08186331,128.901083,2025-10-31,12403,21,부산광역시,부산BIS
BSB215240402,한신휴플러스,35.08186507,128.9009706,2025-10-31,,21,부산광역시,부산BIS
BSB215250201,신호마을,35.08119828,128.8795771,2025-10-31,92408,21,부산광역시,부산BIS
BSB509230000,달음교,35.31927552,129.197307,2025-10-31,,21,부산광역시,부산BIS
BSB509240000,달음교,35.31932617,129.1974953,2025-10-31,,21,부산광역시,부산BIS
BSB509250000,동원로열듀크1차아파트,35.31843964,129.1922269,2025-10-31,,21,부산광역시,부산BIS
BSB509260000,동원로열듀크1차아파트,35.31854518,129.1918725,2025-10-31,,21,부산광역시,부산BIS
BSB509270000,동해선일광역광장,35.26704261,129.2316124,2025-10-31,,21,부산광역시,부산BIS
BSB509280000,동해선일광역광장,35.26698113,129.23177,2025-10-31,,21,부산광역시,부산BIS
BSB509290000,삼흥에스씨,35.13684585,128.8715361,2025-10-31,,21,부산광역시,부산BIS
BSB509300000,옛터어린이공원입구,35.32418426,129.1901143,2025-10-31,,21,부산광역시,부산BIS
BSB509310000,옛터어린이공원입구,35.32408543,129.1905954,2025-10-31,,21,부산광역시,부산BIS
BSB509320000,이지더원2차,35.25965533,129.2227031,2025-10-31,,21,부산광역시,부산BIS
BSB509330000,이지더원2차,35.25948588,129.2228522,2025-10-31,,21,부산광역시,부산BIS
BSB509340000,정민금속,35.13664621,128.8716248,2025-10-31,,21,부산광역시,부산BIS
BSB509350000,지사천4교,35.1410718,128.8852371,2025-10-31,,21,부산광역시,부산BIS
BSB509360000,지사천4교,35.14075673,128.8855041,2025-10-31,,21,부산광역시,부산BIS
BSB509370000,통합세산마을,35.14768885,128.8807431,2025-10-31,,21,부산광역시,부산BIS
BSB509380000,통합세산마을,35.14802846,128.8809264,2025-10-31,,21,부산광역시,부산BIS
BSB509390000,내덕서희,35.2054236,128.8252693,2025-10-31,,21,부산광역시,부산BIS
BSB509400000,내덕서희,35.20498366,128.8245622,2025-10-31,,21,부산광역시,부산BIS
BSB509410000,내동사거리,35.24196741,128.8648425,2025-10-31,,21,부산광역시,부산BIS
BSB509420000,내동사거리,35.2420746,128.8651965,2025-10-31,,21,부산광역시,부산BIS
BSB509430000,대우아파트,35.24055808,128.8665294,2025-10-31,,21,부산광역시,부산BIS
BSB509450000,삼성아파트,35.2379212,128.8671719,2025-10-31,,21,부산광역시,부산BIS
BSB509460000,삼성아파트,35.23734636,128.86734,2025-10-31,,21,부산광역시,부산BIS
BSB509470000,오복당서점,35.23260204,128.8661438,2025-10-31,,21,부산광역시,부산BIS
BSB509480000,오복당서점,35.23258403,128.8664345,2025-10-31,,21,부산광역시,부산BIS
BSB509490000,현대2차아파트,35.23637127,128.8668728,2025-10-31,,21,부산광역시,부산BIS
BSB509500000,현대2차아파트,35.23540539,128.8669769,2025-10-31,,21,부산광역시,부산BIS
BSB509510000,아랫매리,35.31889934,128.9668775,2025-10-31,,21,부산광역시,부산BIS
BSB509520000,아랫매리,35.31908177,128.9670194,2025-10-31,,21,부산광역시,부산BIS
BSB509530000,월촌2교,35.28416898,128.9921773,2025-10-31,,21,부산광역시,부산BIS
BSB509540000,월촌2교,35.28418584,128.9919744,2025-10-31,,21,부산광역시,부산BIS
BSB509550000,풍류동차고지앞,35.21862858,128.8426525,2025-10-31,,21,부산광역시,부산BIS
BSB509560000,e편한세상금정산아파트,35.21625246,129.0360595,2025-10-31,8244,21,부산광역시,부산BIS
BSB509570000,대진아파트,35.21368529,129.0274031,2025-10-31,,21,부산광역시,부산BIS
BSB509580000,만덕시장입구,35.21402264,129.0360258,2025-10-31,8243,21,부산광역시,부산BIS
BSB509590000,만덕중학교,35.21428024,129.0324965,2025-10-31,,21,부산광역시,부산BIS
BSB509600000,미남역11번출구,35.20856509,129.0682417,2025-10-31,,21,부산광역시,부산BIS
BSB509610000,범일교,35.13725131,129.0653716,2025-10-31,3189,21,부산광역시,부산BIS
BSB509620000,솔개다리,35.11259831,129.0817917,2025-10-31,,21,부산광역시,부산BIS
BSB509630000,남부산농협석포지점,35.1296426,129.0916265,2025-10-31,,21,부산광역시,부산BIS
BSB509640000,대원연립,35.10461946,128.9836848,2025-10-31,,21,부산광역시,부산BIS
BSB509650000,대원연립,35.10459389,128.9838706,2025-10-31,,21,부산광역시,부산BIS
BSB509660000,신암입구,35.15514863,129.0473131,2025-10-31,5368,21,부산광역시,부산BIS
BSB509670000,신암입구,35.15538924,129.0474728,2025-10-31,5367,21,부산광역시,부산BIS
BSB509680000,중촌마을,35.21890871,128.957823,2025-10-31,,21,부산광역시,부산BIS
BSB509690000,중촌마을,35.21908985,128.957767,2025-10-31,,21,부산광역시,부산BIS
BSB509700000,대동중고등학교,35.08507885,128.9827619,2025-10-31,,21,부산광역시,부산BIS
BSB509710000,매화원입구,35.22314437,129.2102749,2025-10-31,16405,21,부산광역시,부산BIS
BSB509720000,매화원입구,35.22309033,129.2100263,2025-10-31,16406,21,부산광역시,부산BIS
BSB509730000,삼한사랑채아파트입구,35.091386,128.9659583,2025-10-31,,21,부산광역시,부산BIS
BSB509740000,책마을보드랑 작은도서관,35.21593506,129.1005036,2025-10-31,11296,21,부산광역시,부산BIS
BSB509750000,망미제일교회,35.17539111,129.1029115,2025-10-31,,21,부산광역시,부산BIS
BSB509760000,아신빌라,35.17611516,129.1040277,2025-10-31,,21,부산광역시,부산BIS
BSB509770000,금사입구,35.21431546,129.1089114,2025-10-31,11297,21,부산광역시,부산BIS
BSB509780000,YMCA,35.12520457,129.045077,2025-10-31,3713,21,부산광역시,부산BIS
BSB509790000,YMCA,35.12537575,129.0456132,2025-10-31,3714,21,부산광역시,부산BIS
BSB509800000,경남여중입구,35.12247696,129.0438351,2025-10-31,3716,21,부산광역시,부산BIS
BSB509810000,경남여중입구,35.12295981,129.0437924,2025-10-31,3715,21,부산광역시,부산BIS
BSB509820000,남포동,35.09790371,129.0319439,2025-10-31,1712,21,부산광역시,부산BIS
BSB509830000,남포동,35.09792981,129.0325367,2025-10-31,1711,21,부산광역시,부산BIS
BSB509840000,남포역.옛시청교차로,35.09859655,129.035766,2025-10-31,1709,21,부산광역시,부산BIS
BSB509850000,남포역.옛시청교차로,35.09796509,129.0352678,2025-10-31,1710,21,부산광역시,부산BIS
BSB509860000,범내골역,35.14977663,129.0593354,2025-10-31,5714,21,부산광역시,부산BIS
BSB509870000,범내골역,35.14871256,129.0591111,2025-10-31,5715,21,부산광역시,부산BIS
BSB509880000,범일2동행정복지센터,35.13470542,129.059688,2025-10-31,,21,부산광역시,부산BIS
BSB509890000,범일역,35.13873445,129.059507,2025-10-31,3702,21,부산광역시,부산BIS
BSB509900000,범일역,35.13749004,129.0592891,2025-10-31,3701,21,부산광역시,부산BIS
BSB509910000,봉생병원,35.13071457,129.0509792,2025-10-31,3710,21,부산광역시,부산BIS
BSB509920000,봉생병원,35.13059194,129.0505044,2025-10-31,3709,21,부산광역시,부산BIS
BSB509930000,부산데파트,35.1008113,129.0364297,2025-10-31,1707,21,부산광역시,부산BIS
BSB509940000,부산데파트,35.10051458,129.036658,2025-10-31,1708,21,부산광역시,부산BIS
BSB509950000,부산역,35.1155625,129.0399719,2025-10-31,3720,21,부산광역시,부산BIS
BSB509960000,부산역,35.11607999,129.0400122,2025-10-31,3719,21,부산광역시,부산BIS
BSB509970000,부산진시장,35.13671062,129.0595492,2025-10-31,3704,21,부산광역시,부산BIS
BSB509980000,부산진시장,35.13536722,129.0593234,2025-10-31,3703,21,부산광역시,부산BIS
BSB509990000,부산진역,35.12891709,129.048828,2025-10-31,3711,21,부산광역시,부산BIS
BSB510000000,부산진역,35.12852994,129.0488073,2025-10-31,3712,21,부산광역시,부산BIS
BSB510010000,서구청,35.097646,129.025131,2025-10-31,,21,부산광역시,부산BIS
BSB510020000,영주동,35.10902683,129.037155,2025-10-31,1702,21,부산광역시,부산BIS
BSB510030000,영주동,35.10954966,129.0371461,2025-10-31,1701,21,부산광역시,부산BIS
BSB510040000,자갈치역.비프광장,35.09812482,129.0295042,2025-10-31,1713,21,부산광역시,부산BIS
BSB510050000,자갈치역.비프광장,35.09787351,129.0291745,2025-10-31,1714,21,부산광역시,부산BIS
BSB510060000,자성대교차로,35.13418362,129.0588411,2025-10-31,3706,21,부산광역시,부산BIS
BSB510070000,좌천역.좌천삼거리,35.13308302,129.0538661,2025-10-31,3708,21,부산광역시,부산BIS
BSB510080000,중부소방서,35.10756417,129.0362468,2025-10-31,1703,21,부산광역시,부산BIS
BSB510090000,"중앙시장,골드테마거리",35.14325962,129.059429,2025-10-31,5716,21,부산광역시,부산BIS
BSB510100000,"중앙시장,골드테마거리",35.14361961,129.0591913,2025-10-31,5717,21,부산광역시,부산BIS
BSB510110000,중앙역.부산우체국,35.10467297,129.0364216,2025-10-31,1706,21,부산광역시,부산BIS
BSB510120000,중앙역.부산우체국,35.10333253,129.036284,2025-10-31,1705,21,부산광역시,부산BIS
BSB510130000,중앙역.중부소방서,35.10670363,129.0362418,2025-10-31,1704,21,부산광역시,부산BIS
BSB510140000,초량역.초량교차로,35.12019929,129.0423633,2025-10-31,3717,21,부산광역시,부산BIS
BSB510150000,초량역.초량교차로,35.11959236,129.0422824,2025-10-31,3718,21,부산광역시,부산BIS
BSB510160000,망미삼성아파트후문,35.1697,129.1018924,2025-10-31,,21,부산광역시,부산BIS
BSB510170000,범일역,35.13740208,129.0592952,2025-10-31,,21,부산광역시,부산BIS
BSB510180000,범일역,35.13864658,129.0595075,2025-10-31,,21,부산광역시,부산BIS
BSB201610301,신라대학교입구,35.16902759,128.9883304,2025-10-31,15059,21,부산광역시,부산BIS
BSB201620101,코레일사상역,35.16273355,128.988403,2025-10-31,15249,21,부산광역시,부산BIS
BSB201620201,삼대한의원,35.15867949,128.9878576,2025-10-31,15082,21,부산광역시,부산BIS
BSB201620202,사상우체국,35.16041194,128.9862184,2025-10-31,15255,21,부산광역시,부산BIS
BSB201620301,신한은행,35.16090027,128.9840455,2025-10-31,15083,21,부산광역시,부산BIS
BSB201620302,감전교회,35.15842324,128.9836658,2025-10-31,15088,21,부산광역시,부산BIS
BSB201620401,서부시외버스터미널.사상역,35.16239273,128.983759,2025-10-31,15070,21,부산광역시,부산BIS
BSB201620501,서부시외버스터미널.사상역,35.16307313,128.9843789,2025-10-31,15074,21,부산광역시,부산BIS
BSB201620502,서부시외버스터미널.사상역,35.16389963,128.9839978,2025-10-31,15076,21,부산광역시,부산BIS
BSB201620503,서부시외버스터미널,35.16349332,128.9841749,2025-10-31,,21,부산광역시,부산BIS
BSB201630101,서부시외버스터미널.사상역,35.16255759,128.9863473,2025-10-31,15073,21,부산광역시,부산BIS
BSB201630103,사상역,35.16264366,128.9884594,2025-10-31,,21,부산광역시,부산BIS
BSB201640101,학장교,35.14145846,128.9838321,2025-10-31,15165,21,부산광역시,부산BIS
BSB201640301,학장중학교,35.14018959,128.9815345,2025-10-31,15167,21,부산광역시,부산BIS
BSB201640302,반도보라아파트,35.13855828,128.9785365,2025-10-31,15173,21,부산광역시,부산BIS
BSB201640303,엄궁중학교,35.1367225,128.9761124,2025-10-31,15176,21,부산광역시,부산BIS
BSB201650101,여성문화회관,35.14020955,128.9896003,2025-10-31,15157,21,부산광역시,부산BIS
BSB201650103,구덕고교,35.13927882,128.9915026,2025-10-31,15158,21,부산광역시,부산BIS
BSB201650104,구덕고등학교,35.13946058,128.9911471,2025-10-31,,21,부산광역시,부산BIS
BSB201650105,여성문화회관,35.14025947,128.9895464,2025-10-31,,21,부산광역시,부산BIS
BSB201680101,낙동대교입구,35.151421,128.9765469,2025-10-31,15142,21,부산광역시,부산BIS
BSB201690101,낙동대교입구,35.1526254,128.9765658,2025-10-31,15141,21,부산광역시,부산BIS
BSB201690201,주물공단입구,35.15105319,128.9786733,2025-10-31,15140,21,부산광역시,부산BIS
BSB201700101,괘법르네시떼역.르네시떼,35.1637876,128.9762442,2025-10-31,15202,21,부산광역시,부산BIS
BSB201710101,괘법르네시떼역.르네시떼,35.16383949,128.977101,2025-10-31,15068,21,부산광역시,부산BIS
BSB201720401,주물공단입구,35.15160377,128.9786735,2025-10-31,15008,21,부산광역시,부산BIS
BSB201730101,대풍주유소,35.15243552,128.982543,2025-10-31,15136,21,부산광역시,부산BIS
BSB201730102,새벽시장,35.15416904,128.9829743,2025-10-31,15137,21,부산광역시,부산BIS
BSB201730301,대풍주유소,35.15253277,128.9822603,2025-10-31,15139,21,부산광역시,부산BIS
BSB201740101,명성레이저,35.14958951,128.9818567,2025-10-31,15206,21,부산광역시,부산BIS
BSB201750301,감전동수문앞,35.15747575,128.9738849,2025-10-31,15085,21,부산광역시,부산BIS
BSB201770101,감전동수문앞,35.15737366,128.9743218,2025-10-31,15086,21,부산광역시,부산BIS
BSB201770301,부산전문장례식장,35.15417386,128.9728804,2025-10-31,,21,부산광역시,부산BIS
BSB201790101,감전동,35.14829539,128.9712675,2025-10-31,15144,21,부산광역시,부산BIS
BSB201800301,감전교차로,35.14385907,128.9695059,2025-10-31,15182,21,부산광역시,부산BIS
BSB201810201,진성철강,35.14396175,128.9717424,2025-10-31,15276,21,부산광역시,부산BIS
BSB201810202,학장자동차운전학원,35.1425105,128.9756351,2025-10-31,15274,21,부산광역시,부산BIS
BSB201810203,화진철강,35.14192109,128.9772391,2025-10-31,15272,21,부산광역시,부산BIS
BSB201840201,엄궁농산물도매시장관리사업소,35.12841365,128.9646048,2025-10-31,,21,부산광역시,부산BIS
BSB201860301,감전교차로,35.14409885,128.9699031,2025-10-31,15181,21,부산광역시,부산BIS
BSB201890201,부산은행사상공단지점,35.1406989,128.9700962,2025-10-31,15183,21,부산광역시,부산BIS
BSB201890401,부산은행사상공단지점,35.14199725,128.9703045,2025-10-31,15180,21,부산광역시,부산BIS
BSB201910101,엄궁정비,35.13628302,128.9709056,2025-10-31,15184,21,부산광역시,부산BIS
BSB201910102,중고차매매시장,35.13401815,128.9713435,2025-10-31,15185,21,부산광역시,부산BIS
BSB201920101,엄궁아파트,35.13006911,128.9735937,2025-10-31,15217,21,부산광역시,부산BIS
BSB201930101,엄궁삼거리,35.13190118,128.972184,2025-10-31,15187,21,부산광역시,부산BIS
BSB201930201,엄궁사거리,35.13154567,128.9726525,2025-10-31,15196,21,부산광역시,부산BIS
BSB201930202,엄궁럭키아파트,35.13316866,128.9739181,2025-10-31,15186,21,부산광역시,부산BIS
BSB201930401,엄궁삼거리,35.13069231,128.9714454,2025-10-31,15188,21,부산광역시,부산BIS
BSB201940101,엄궁동주민센터,35.12865068,128.9703011,2025-10-31,15200,21,부산광역시,부산BIS
BSB201950102,엄궁시장,35.12975323,128.9712248,2025-10-31,15189,21,부산광역시,부산BIS
BSB201950201,(구)엄궁동부산은행,35.12860891,128.9713419,2025-10-31,15235,21,부산광역시,부산BIS
BSB201950202,엄궁초등학교,35.12837244,128.9728608,2025-10-31,15237,21,부산광역시,부산BIS
BSB201950301,엄궁동주민센터,35.12866337,128.9697969,2025-10-31,15201,21,부산광역시,부산BIS
BSB201990101,삼락생태공원,35.16930107,128.9770381,2025-10-31,15062,21,부산광역시,부산BIS
BSB201990201,사상강변동원아파트,35.16730239,128.9790676,2025-10-31,,21,부산광역시,부산BIS
BSB202000101,동원아파트앞,35.16744579,128.9779715,2025-10-31,15064,21,부산광역시,부산BIS
BSB202000102,사상강변동원아파트,35.16695998,128.9778123,2025-10-31,,21,부산광역시,부산BIS
BSB202000201,창진초등학교,35.16511403,128.977951,2025-10-31,,21,부산광역시,부산BIS
BSB202010101,덕포시장.사상생활사박물관,35.17183857,128.9792694,2025-10-31,,21,부산광역시,부산BIS
BSB202010102,동양한신아파트,35.17005185,128.9788512,2025-10-31,,21,부산광역시,부산BIS
BSB202010201,한신아파트 1차,35.16837416,128.9805762,2025-10-31,15063,21,부산광역시,부산BIS
BSB202010202,한신아파트 2차,35.16917325,128.978999,2025-10-31,15277,21,부산광역시,부산BIS
BSB202020101,사상초등학교,35.16613571,128.9825538,2025-10-31,15067,21,부산광역시,부산BIS
BSB202020102,사상초등학교,35.16673248,128.9822637,2025-10-31,,21,부산광역시,부산BIS
BSB202040101,유유철강,35.14245463,128.9800092,2025-10-31,15169,21,부산광역시,부산BIS
BSB202040301,케스텍코리아,35.14011427,128.977799,2025-10-31,15171,21,부산광역시,부산BIS
BSB202040302,경동스틸,35.13615702,128.9741818,2025-10-31,15178,21,부산광역시,부산BIS
BSB202040401,진성철강,35.14419525,128.9717919,2025-10-31,15275,21,부산광역시,부산BIS
BSB202040402,학장자동차운전학원,35.14276184,128.975696,2025-10-31,15273,21,부산광역시,부산BIS
BSB202040403,화진철강,35.14215361,128.9773489,2025-10-31,15271,21,부산광역시,부산BIS
BSB202050401,교리입구,35.25116074,129.2173105,2025-10-31,16564,21,부산광역시,부산BIS
BSB202050402,교리입구,35.25117405,129.217399,2025-10-31,,21,부산광역시,부산BIS
BSB202060101,교리입구,35.25100912,129.2182368,2025-10-31,16527,21,부산광역시,부산BIS
BSB202060102,교리입구,35.25105311,129.2185876,2025-10-31,,21,부산광역시,부산BIS
BSB202060201,교리입구,35.25103311,129.2165294,2025-10-31,,21,부산광역시,부산BIS
BSB202060301,우정공원,35.25289833,129.217243,2025-10-31,,21,부산광역시,부산BIS
BSB202080102,대진여객.고촌역,35.23573168,129.1597065,2025-10-31,,21,부산광역시,부산BIS
BSB202080203,윗반송역,35.23294562,129.1543582,2025-10-31,,21,부산광역시,부산BIS
BSB202090201,내리,35.20063547,129.2064142,2025-10-31,16058,21,부산광역시,부산BIS
BSB202090202,당사입구,35.19786365,129.2059254,2025-10-31,9001,21,부산광역시,부산BIS
BSB202090203,내리초등학교,35.20436598,129.2061518,2025-10-31,16203,21,부산광역시,부산BIS
BSB202100101,연화교차로,35.2173723,129.2112534,2025-10-31,16068,21,부산광역시,부산BIS
BSB202110301,오신,35.20806412,129.2086503,2025-10-31,16059,21,부산광역시,부산BIS
BSB202120201,무곡,35.22744002,129.2149186,2025-10-31,16060,21,부산광역시,부산BIS
BSB202120202,청강리공영차고지입구,35.22445019,129.2135224,2025-10-31,16262,21,부산광역시,부산BIS
BSB202130101,무곡,35.22800892,129.2155877,2025-10-31,16061,21,부산광역시,부산BIS
BSB202130102,청강리공영차고지입구,35.22440283,129.2138945,2025-10-31,16263,21,부산광역시,부산BIS
BSB202130201,청강리공영차고지입구,35.22386557,129.2132156,2025-10-31,16264,21,부산광역시,부산BIS
BSB202130401,청강리공영차고지,35.22437049,129.2130755,2025-10-31,16266,21,부산광역시,부산BIS
BSB202140101,기장체육관,35.25277182,129.2221403,2025-10-31,16542,21,부산광역시,부산BIS
BSB215250301,신호부영5차아파트,35.08147628,128.8755929,2025-10-31,,21,부산광역시,부산BIS
BSB215250302,신호중학교,35.0814701,128.8757023,2025-10-31,12499,21,부산광역시,부산BIS
BSB215260101,신호마을,35.08146906,128.8792599,2025-10-31,92439,21,부산광역시,부산BIS
BSB215280101,공항국제선입구,35.17935716,128.9524559,2025-10-31,,21,부산광역시,부산BIS
BSB215290101,공항국내선입구,35.17631167,128.9501879,2025-10-31,,21,부산광역시,부산BIS
BSB215310101,정관도새집,35.1680764,128.9270808,2025-10-31,,21,부산광역시,부산BIS
BSB215310201,정관도마을,35.16490025,128.9264113,2025-10-31,92101,21,부산광역시,부산BIS
BSB215310202,정관도마을회관,35.16713144,128.9315252,2025-10-31,,21,부산광역시,부산BIS
BSB215310203,정관도삼거리,35.16892777,128.933598,2025-10-31,,21,부산광역시,부산BIS
BSB215320101,통전,35.17981661,128.9008252,2025-10-31,92400,21,부산광역시,부산BIS
BSB215320102,봉림교차로,35.17687193,128.9007878,2025-10-31,,21,부산광역시,부산BIS
BSB215330101,남중,35.02674279,128.8156669,2025-10-31,92034,21,부산광역시,부산BIS
BSB215340101,서중교,35.02917693,128.8153099,2025-10-31,92035,21,부산광역시,부산BIS
BSB215340102,중앙상회,35.02836058,128.8156616,2025-10-31,,21,부산광역시,부산BIS
BSB215340201,남중,35.02707734,128.8155948,2025-10-31,,21,부산광역시,부산BIS
BSB215370101,백양종합사회복지관,35.18300989,128.9994848,2025-10-31,95009,21,부산광역시,부산BIS
BSB215380101,307동 308동,35.18231512,129.0006285,2025-10-31,,21,부산광역시,부산BIS
BSB215390101,이원솔루텍,35.14881532,128.8302966,2025-10-31,12333,21,부산광역시,부산BIS
BSB215400102,가덕동행정복지센터,35.05642241,128.8319883,2025-10-31,,21,부산광역시,부산BIS
BSB215410101,성북마을,35.05717857,128.8323422,2025-10-31,12471,21,부산광역시,부산BIS
BSB215410201,가덕동행정복지센터,35.05654503,128.8319253,2025-10-31,,21,부산광역시,부산BIS
BSB215410301,성북새동네,35.06009585,128.8325198,2025-10-31,,21,부산광역시,부산BIS
BSB215410302,천가농협,35.0647226,128.8346702,2025-10-31,,21,부산광역시,부산BIS
BSB215410303,천가동우체국,35.06243366,128.8343641,2025-10-31,,21,부산광역시,부산BIS
BSB215410304,한전,35.06332364,128.8348088,2025-10-31,,21,부산광역시,부산BIS
BSB215420102,서중,35.03242562,128.8189344,2025-10-31,,21,부산광역시,부산BIS
BSB215420201,천성,35.03004867,128.8211853,2025-10-31,12396,21,부산광역시,부산BIS
BSB215420301,천성IC 동중,35.03009282,128.8215452,2025-10-31,,21,부산광역시,부산BIS
BSB215430201,서중마을,35.03230699,128.8187318,2025-10-31,12411,21,부산광역시,부산BIS
BSB215430202,서중,35.03227779,128.8188764,2025-10-31,,21,부산광역시,부산BIS
BSB215440101,청강리공영차고지,35.22422609,129.212841,2025-10-31,16265,21,부산광역시,부산BIS
BSB215450102,송정해수욕장입구,35.18453807,129.2012378,2025-10-31,,21,부산광역시,부산BIS
BSB215470104,국립해양박물관,35.07808618,129.0790178,2025-10-31,4186,21,부산광역시,부산BIS
BSB215480301,국제크루즈터미널입구,35.08172382,129.0759118,2025-10-31,4191,21,부산광역시,부산BIS
BSB215520101,공원묘지입구,35.27840681,128.864403,2025-10-31,,21,부산광역시,부산BIS
BSB215530101,신명마을,35.27595139,128.863506,2025-10-31,,21,부산광역시,부산BIS
BSB215530201,공원묘지입구,35.27825578,128.8642621,2025-10-31,,21,부산광역시,부산BIS
BSB215540101,현대가야아이파크,35.26410906,128.8717283,2025-10-31,,21,부산광역시,부산BIS
BSB215540102,삼계축협,35.26178823,128.8720375,2025-10-31,,21,부산광역시,부산BIS
BSB215540201,삼계동원오얄듀크,35.26991682,128.8673786,2025-10-31,,21,부산광역시,부산BIS
BSB215540202,가야대학교,35.26715652,128.8710512,2025-10-31,,21,부산광역시,부산BIS
BSB215550101,두곡마을,35.27016326,128.866593,2025-10-31,,21,부산광역시,부산BIS
BSB215550102,가야대학교,35.26746757,128.8713331,2025-10-31,,21,부산광역시,부산BIS
BSB215550201,삼계푸르지오1차,35.26976127,128.8634411,2025-10-31,,21,부산광역시,부산BIS
BSB215550301,대우이안아파트,35.27252029,128.8636417,2025-10-31,,21,부산광역시,부산BIS
BSB215550401,가야대역,35.26695477,128.8654426,2025-10-31,,21,부산광역시,부산BIS
BSB215560101,감분마을,35.27143821,128.861051,2025-10-31,,21,부산광역시,부산BIS
BSB215560201,신명마을,35.27601919,128.8631998,2025-10-31,,21,부산광역시,부산BIS
BSB215560301,대우이안아파트,35.27276308,128.8633835,2025-10-31,,21,부산광역시,부산BIS
BSB215570101,삼계푸르지오1차,35.2700295,128.8635791,2025-10-31,,21,부산광역시,부산BIS
BSB215570201,감분마을,35.2710758,128.8605922,2025-10-31,,21,부산광역시,부산BIS
BSB215580101,구지마을,35.25644067,128.8705192,2025-10-31,,21,부산광역시,부산BIS
BSB215580102,매정마을,35.25374778,128.8715779,2025-10-31,,21,부산광역시,부산BIS
BSB215580103,구산신주공아파트,35.25172662,128.8723224,2025-10-31,,21,부산광역시,부산BIS
BSB215580201,매정공원,35.25763084,128.8710629,2025-10-31,,21,부산광역시,부산BIS
BSB215580301,삼계푸르지오2차,35.25711001,128.8691941,2025-10-31,,21,부산광역시,부산BIS
BSB215590101,구산로타리,35.24794078,128.8729604,2025-10-31,,21,부산광역시,부산BIS
BSB215590102,백조아파트후문,35.24524482,128.8724699,2025-10-31,,21,부산광역시,부산BIS
BSB215600101,김해도서관,35.2327092,128.8742247,2025-10-31,,21,부산광역시,부산BIS
BSB215600102,수로왕릉,35.23325282,128.8786856,2025-10-31,,21,부산광역시,부산BIS
BSB215600103,분성사거리,35.23349341,128.8806023,2025-10-31,,21,부산광역시,부산BIS
BSB215610101,김해문화의전당,35.24432489,128.8701859,2025-10-31,,21,부산광역시,부산BIS
BSB215610102,학생체육관,35.24443191,128.8679254,2025-10-31,,21,부산광역시,부산BIS
BSB215620101,김해보건소,35.23136553,128.8713711,2025-10-31,,21,부산광역시,부산BIS
BSB215630101,풍류2통,35.207719,128.843729,2025-10-31,,21,부산광역시,부산BIS
BSB215630102,명법2통,35.20466818,128.8363365,2025-10-31,,21,부산광역시,부산BIS
BSB215630103,내덕,35.20524002,128.8277302,2025-10-31,,21,부산광역시,부산BIS
BSB215640101,한신아파트,35.23218343,128.8527728,2025-10-31,,21,부산광역시,부산BIS
BSB215640102,중앙병원,35.23100218,128.859281,2025-10-31,,21,부산광역시,부산BIS
BSB215640201,외동축협,35.23429951,128.8540621,2025-10-31,,21,부산광역시,부산BIS
BSB215640301,일동한신아파트,35.22953114,128.8500107,2025-10-31,,21,부산광역시,부산BIS
BSB215640302,대법륜사,35.22608983,128.8493394,2025-10-31,,21,부산광역시,부산BIS
BSB215650101,일동한신아파트,35.22946729,128.849471,2025-10-31,,21,부산광역시,부산BIS
BSB215650102,대법륜사,35.22585213,128.8489716,2025-10-31,,21,부산광역시,부산BIS
BSB215660101,대청초등학교,35.1890089,128.8055427,2025-10-31,,21,부산광역시,부산BIS
BSB215660102,대청고등학교,35.1872331,128.8001244,2025-10-31,,21,부산광역시,부산BIS
BSB215660201,덕정공원 경유노선,35.18047677,128.7999425,2025-10-31,,21,부산광역시,부산BIS
BSB215670101,부영8차앞,35.18484166,128.7985239,2025-10-31,,21,부산광역시,부산BIS
BSB215670102,덕정공원 경유노선,35.18085365,128.7994458,2025-10-31,,21,부산광역시,부산BIS
BSB215670201,세영리첼아파트,35.17760941,128.8030733,2025-10-31,,21,부산광역시,부산BIS
BSB215680101,율하e편한,35.17090664,128.8197944,2025-10-31,,21,부산광역시,부산BIS
BSB215680102,율현주공,35.16913864,128.819305,2025-10-31,,21,부산광역시,부산BIS
BSB215680103,로얄듀크1차 경유노선,35.16890472,128.8150744,2025-10-31,,21,부산광역시,부산BIS
BSB215690101,율하중심상가,35.17132071,128.8135202,2025-10-31,,21,부산광역시,부산BIS
BSB215690201,율하e편한,35.17095597,128.8195101,2025-10-31,,21,부산광역시,부산BIS
BSB215690202,율현주공,35.16929591,128.8190341,2025-10-31,,21,부산광역시,부산BIS
BSB215690203,로얄듀크1차 경유노선,35.169204,128.8149493,2025-10-31,,21,부산광역시,부산BIS
BSB215700101,매정공원,35.25744319,128.871542,2025-10-31,,21,부산광역시,부산BIS
BSB215710101,가야대역,35.26670863,128.8650414,2025-10-31,,21,부산광역시,부산BIS
BSB215710201,북부동 행정복지센터,35.2622282,128.8674768,2025-10-31,,21,부산광역시,부산BIS
BSB215720101,북부동 행정복지센터,35.26356281,128.8668372,2025-10-31,,21,부산광역시,부산BIS
BSB215720201,장신대역,35.25946002,128.8675781,2025-10-31,,21,부산광역시,부산BIS
BSB215730101,현대가야아이파크,35.26398736,128.8714398,2025-10-31,,21,부산광역시,부산BIS
BSB215730102,삼계축협,35.26166687,128.871727,2025-10-31,,21,부산광역시,부산BIS
BSB215740101,장신대역,35.25975677,128.8670355,2025-10-31,,21,부산광역시,부산BIS
BSB215740201,삼계푸르지오2차,35.25746797,128.8693562,2025-10-31,,21,부산광역시,부산BIS
BSB215760101,화촌윗마을,35.17663094,128.8064433,2025-10-31,,21,부산광역시,부산BIS
BSB215760102,주공율곡마을,35.17467385,128.8065427,2025-10-31,,21,부산광역시,부산BIS
BSB510190000,부산진시장,35.1354641,129.0593231,2025-10-31,,21,부산광역시,부산BIS
BSB510200000,부산진시장,35.13660923,129.0595494,2025-10-31,,21,부산광역시,부산BIS
BSB510210000,부산현대미술관,35.10827702,128.9434383,2025-10-31,,21,부산광역시,부산BIS
BSB510220000,중앙시장,35.14352714,129.0591972,2025-10-31,,21,부산광역시,부산BIS
BSB510230000,동해선월내역,35.32829408,129.2775746,2025-10-31,16408,21,부산광역시,부산BIS
BSB510240000,동해선월내역,35.3283329,129.2774272,2025-10-31,16409,21,부산광역시,부산BIS
BSB510250000,동해선좌천역,35.31182519,129.2446493,2025-10-31,16407,21,부산광역시,부산BIS
BSB510260000,강약국,35.1855601,129.0860115,2025-10-31,,21,부산광역시,부산BIS
BSB510270000,수녀원,35.18164143,129.0880243,2025-10-31,,21,부산광역시,부산BIS
BSB510280000,해운대수목원,35.22722844,129.128492,2025-10-31,9383,21,부산광역시,부산BIS
BSB510290000,해운대수목원,35.22766214,129.1276577,2025-10-31,9384,21,부산광역시,부산BIS
BSB510300000,국회부산도서관입구,35.10185037,128.9049108,2025-10-31,,21,부산광역시,부산BIS
BSB510310000,국회부산도서관입구,35.10118099,128.9053558,2025-10-31,,21,부산광역시,부산BIS
BSB510320000,남산정역2번출구,35.21355834,129.0250281,2025-10-31,,21,부산광역시,부산BIS
BSB510330000,동해선좌천역,35.31186726,129.244568,2025-10-31,,21,부산광역시,부산BIS
BSB510340000,배정중학교,35.13380001,129.0685315,2025-10-31,,21,부산광역시,부산BIS
BSB510350000,삼흥맨션,35.17881876,129.1267129,2025-10-31,,21,부산광역시,부산BIS
BSB510360000,센텀누리아파트,35.1783754,129.1275849,2025-10-31,,21,부산광역시,부산BIS
BSB510370000,이완주정형외과,35.17384655,129.0901077,2025-10-31,,21,부산광역시,부산BIS
BSB510380000,대영주차장,35.18283629,129.0830057,2025-10-31,,21,부산광역시,부산BIS
BSB510390000,케이티앤지부산본부,35.18167912,129.0834811,2025-10-31,,21,부산광역시,부산BIS
BSB510410000,덕산아파트,35.11809402,129.0195746,2025-10-31,,21,부산광역시,부산BIS
BSB510420000,덕산아파트,35.11843027,129.0196762,2025-10-31,,21,부산광역시,부산BIS
BSB510430000,국회부산도서관,35.10373768,128.9046696,2025-10-31,,21,부산광역시,부산BIS
BSB510440000,국회부산도서관입구,35.10197623,128.9049302,2025-10-31,12559,21,부산광역시,부산BIS
BSB510450000,롯데월드부산,35.19521242,129.2120864,2025-10-31,16410,21,부산광역시,부산BIS
BSB510460000,지사산단입구,35.13518915,128.8579716,2025-10-31,12362,21,부산광역시,부산BIS
BSB510470000,연제도서관,35.17490578,129.0817168,2025-10-31,,21,부산광역시,부산BIS
BSB510480000,연제도서관입구.연산더샵,35.17477224,129.0847645,2025-10-31,13184,21,부산광역시,부산BIS
BSB510490000,국회부산도서관,35.10373412,128.9046092,2025-10-31,,21,부산광역시,부산BIS
BSB510500000,만덕초등학교,35.21401879,129.0300852,2025-10-31,,21,부산광역시,부산BIS
BSB510510000,송정종점,35.18426562,129.2006103,2025-10-31,,21,부산광역시,부산BIS
BSB510520000,송정종점,35.18435906,129.2004263,2025-10-31,,21,부산광역시,부산BIS
BSB510530000,신도중.신도고등학교,35.17112393,129.1668112,2025-10-31,9390,21,부산광역시,부산BIS
BSB510540000,신도중.신도고등학교,35.17115302,129.1664443,2025-10-31,9387,21,부산광역시,부산BIS
BSB510550000,좌3동행정복지센터,35.17278476,129.1669101,2025-10-31,9386,21,부산광역시,부산BIS
BSB510560000,좌3동행정복지센터,35.17271102,129.1672539,2025-10-31,9391,21,부산광역시,부산BIS
BSB510570000,중동역,35.16581755,129.1687499,2025-10-31,9389,21,부산광역시,부산BIS
BSB510580000,중동역,35.16551945,129.168539,2025-10-31,9388,21,부산광역시,부산BIS
BSB510590000,뉴그린105동,35.21825217,129.0957591,2025-10-31,,21,부산광역시,부산BIS
BSB510600000,뉴그린105동,35.21843463,129.0958901,2025-10-31,,21,부산광역시,부산BIS
BSB510610000,롯데백화점.센텀시티6번출구,35.16972822,129.1317218,2025-10-31,,21,부산광역시,부산BIS
BSB510620000,서동초등학교,35.2184554,129.0978123,2025-10-31,,21,부산광역시,부산BIS
BSB510630000,서동초등학교,35.21848055,129.0981809,2025-10-31,,21,부산광역시,부산BIS
BSB510640000,한국석유관리원영남본부,35.14770585,128.8845782,2025-10-31,,21,부산광역시,부산BIS
BSB510650000,한국석유관리원영남본부,35.14699683,128.8852586,2025-10-31,,21,부산광역시,부산BIS
BSB510660000,벽산아파트,35.17064603,129.1828816,2025-10-31,,21,부산광역시,부산BIS
BSB510670000,상당중학교,35.17865902,129.1770209,2025-10-31,,21,부산광역시,부산BIS
BSB510680000,상당중학교,35.17874433,129.1767872,2025-10-31,,21,부산광역시,부산BIS
BSB510690000,센터럴파크아파트,35.1746209,129.1718098,2025-10-31,,21,부산광역시,부산BIS
BSB510700000,센터럴파크아파트,35.17477252,129.1721486,2025-10-31,,21,부산광역시,부산BIS
BSB510710000,영남아파트,35.16862163,129.1827067,2025-10-31,,21,부산광역시,부산BIS
BSB510720000,영남아파트,35.16793255,129.1829407,2025-10-31,,21,부산광역시,부산BIS
BSB510730000,장산역.해운대문화회관,35.1706216,129.1752262,2025-10-31,,21,부산광역시,부산BIS
BSB510740000,좌2동행정복지센터,35.16904675,129.1831187,2025-10-31,,21,부산광역시,부산BIS
BSB510750000,좌동재래시장,35.17319533,129.1729133,2025-10-31,,21,부산광역시,부산BIS
BSB510760000,좌동재래시장,35.17334705,129.1732466,2025-10-31,,21,부산광역시,부산BIS
BSB510770000,한마음스포츠센터,35.18010041,129.1772953,2025-10-31,,21,부산광역시,부산BIS
BSB510780000,해운대문화회관,35.17051071,129.1748776,2025-10-31,,21,부산광역시,부산BIS
BSB510790000,스마트빌리지,35.13118308,128.9144246,2025-10-31,,21,부산광역시,부산BIS
BSB510800000,스마트빌리지,35.13019991,128.9161896,2025-10-31,,21,부산광역시,부산BIS
BSB510810000,명지환승센터,35.09511847,128.9117772,2025-10-31,12560,21,부산광역시,부산BIS
BSB510820000,스마트빌리지,35.13058653,128.9096827,2025-10-31,,21,부산광역시,부산BIS
BSB510830000,스마트빌리지,35.13052044,128.9098731,2025-10-31,,21,부산광역시,부산BIS
BSB510840000,웨이브리즈아파트,35.23184348,129.2206754,2025-10-31,16578,21,부산광역시,부산BIS
BSB510850000,웨이브리즈아파트,35.23173963,129.2204419,2025-10-31,16577,21,부산광역시,부산BIS
BSB510860000,e편한세상광안비치,35.15590773,129.1266758,2025-10-31,,21,부산광역시,부산BIS
BSB510870000,동부지청,35.18938812,129.1265025,2025-10-31,,21,부산광역시,부산BIS
BSB510880000,롯데캐슬아파트,35.15742643,129.1326818,2025-10-31,,21,부산광역시,부산BIS
BSB510890000,롯데캐슬아파트,35.15777148,129.1327896,2025-10-31,,21,부산광역시,부산BIS
BSB510900000,민락매립지공영주차장,35.15503479,129.1276351,2025-10-31,,21,부산광역시,부산BIS
BSB510910000,민락수변공원,35.15597651,129.1321173,2025-10-31,,21,부산광역시,부산BIS
BSB510920000,민락수변공원,35.15623396,129.1323379,2025-10-31,,21,부산광역시,부산BIS
BSB510930000,센텀리버SK뷰,35.18350385,129.1141573,2025-10-31,,21,부산광역시,부산BIS
BSB510940000,센텀비치푸르지오,35.15939843,129.132256,2025-10-31,,21,부산광역시,부산BIS
BSB510950000,센텀비치푸르지오,35.1593635,129.1304006,2025-10-31,,21,부산광역시,부산BIS
BSB510960000,수영강변1차e편한세상,35.17910762,129.1174294,2025-10-31,,21,부산광역시,부산BIS
BSB510970000,수영강변3차e편한세상,35.18131591,129.1161147,2025-10-31,,21,부산광역시,부산BIS
BSB510980000,수영만아이파크,35.16230025,129.129945,2025-10-31,,21,부산광역시,부산BIS
BSB510990000,수영만아이파크,35.16260151,129.1299803,2025-10-31,,21,부산광역시,부산BIS
BSB511000000,수영성당,35.17504708,129.1190252,2025-10-31,,21,부산광역시,부산BIS
BSB511010000,수영현대아파트,35.16936775,129.1227463,2025-10-31,,21,부산광역시,부산BIS
BSB511020000,수영협성르네상스타운,35.17254045,129.1211661,2025-10-31,,21,부산광역시,부산BIS
BSB511030000,신세계센텀시티,35.16771798,129.1299683,2025-10-31,,21,부산광역시,부산BIS
BSB511040000,신세계센텀시티,35.16892021,129.1312947,2025-10-31,,21,부산광역시,부산BIS
BSB511050000,오션테라스3단지,35.15533602,129.1289542,2025-10-31,,21,부산광역시,부산BIS
BSB511060000,오션테라스4단지,35.15555546,129.1297993,2025-10-31,,21,부산광역시,부산BIS
BSB511070000,운수사입구,35.1859203,129.0035956,2025-10-31,,21,부산광역시,부산BIS
BSB511080000,진로비치2단지,35.15623896,129.1280834,2025-10-31,,21,부산광역시,부산BIS
BSB511090000,동삼동시장,35.07868814,129.0702768,2025-10-31,,21,부산광역시,부산BIS
BSB511100000,삼선병원,35.15051648,129.0062415,2025-10-31,,21,부산광역시,부산BIS
BSB511110000,감천문화마을,35.08780625,129.0044622,2025-10-31,,21,부산광역시,부산BIS
BSB511120000,국립해양박물관,35.07794695,129.0791239,2025-10-31,,21,부산광역시,부산BIS
BSB511130000,국제시장,35.10294031,129.0264846,2025-10-31,,21,부산광역시,부산BIS
BSB511140000,낙동강하구 에코센타,35.10796004,128.9459229,2025-10-31,,21,부산광역시,부산BIS
GGB138500010,해운대시외버스정류소,35.1609,129.15335,2025-10-31,0,21,부산광역시,경기BIS
GGB140500010,부산종합터미널,35.28525,129.0961167,2025-10-31,0,21,부산광역시,경기BIS
GGB140500020,부산종합터미널,35.28515,129.0960667,2025-10-31,0,21,부산광역시,경기BIS
GGB145500030,좌천정류소,35.3148333,129.2431333,2025-10-31,0,21,부산광역시,경기BIS
GGB145500040,좌천정류소,35.3149167,129.24295,2025-10-31,0,21,부산광역시,경기BIS
GGB145500050,기장정류장,35.2396833,129.2204,2025-10-31,0,21,부산광역시,경기BIS
GGB145500060,기장정류장,35.2398,129.2201333,2025-10-31,0,21,부산광역시,경기BIS
GGB277101219,노포TG(미정차),35.285,129.1000167,2025-10-31,0,21,부산광역시,경기BIS
GGB277101220,노포TG(미정차),35.2888,129.1018333,2025-10-31,0,21,부산광역시,경기BIS
GGB277101221,회동교차로(미정차),35.2343333,129.11515,2025-10-31,0,21,부산광역시,경기BIS
GGB277101222,회동교차로(미정차),35.2341,129.1157667,2025-10-31,0,21,부산광역시,경기BIS
GGB277101223,원동IC(미정차),35.1993833,129.1144333,2025-10-31,0,21,부산광역시,경기BIS
GGB277101224,원동IC(미정차),35.1992667,129.1147333,2025-10-31,0,21,부산광역시,경기BIS
GGB277103823,장안TG(미정차),35.3288333,129.2415667,2025-10-31,0,21,부산광역시,경기BIS
GGB277103824,장안TG(미정차),35.3290833,129.2414333,2025-10-31,0,21,부산광역시,경기BIS
